instrument_name,industry,fund_count
State Bank of India,Banks,2928
ICICI Bank Limited,Banks,1858
HDFC Bank Limited,Banks,1771
Bharti Airtel Limited,Telecom - Services,1697
ICICI Bank Ltd.,Banks,1591
Reliance Industries Limited,Petroleum Products,1583
Axis Bank Limited,Banks,1537
Infosys Limited,IT - Software,1534
Maruti Suzuki India Limited,Automobiles,1519
Larsen & Toubro Limited,Construction,1473
Eternal Limited,Retailing,1435
NTPC Limited,Power,1401
Mahindra & Mahindra Limited,Automobiles,1378
Bharti Airtel Ltd.,Telecom - Services,1375
HDFC Bank Ltd.,Banks,1330
Axis Bank Ltd.,Banks,1309
Kotak Mahindra Bank Limited,Banks,1296
Mahindra & Mahindra Ltd.,Automobiles,1253
Reliance Industries Ltd.,Petroleum Products,1219
Infosys Ltd.,IT - Software,1185
Shriram Finance Limited,Finance,1176
Bajaj Finance Limited,Finance,1120
Sun Pharmaceutical Industries Limited,Pharmaceuticals & Biotechnology,1115
Sun Pharmaceutical Industries Ltd.,Pharmaceuticals & Biotechnology,1084
Tech Mahindra Limited,IT - Software,1065
Bharat Electronics Limited,Aerospace & Defense,1057
Larsen & Toubro Ltd.,Construction,1056
Bharat Electronics Ltd.,Aerospace & Defense,1042
ITC Limited,Diversified FMCG,1029
Titan Company Limited,Consumer Durables,1027
GE Vernova T&D India Limited,Electrical Equipment,1015
Hindustan Unilever Ltd.,Diversified FMCG,985
Tata Steel Ltd.,Ferrous Metals,983
Coforge Limited,IT - Software,979
Bajaj Finance Ltd.,Finance,966
Hindalco Industries Ltd.,Non - Ferrous Metals,961
Eternal Ltd.,Retailing,957
Ultratech Cement Ltd.,Cement & Cement Products,956
Bank of Baroda,Banks,949
NTPC Ltd.,Power,944
ITC Ltd.,Diversified FMCG,937
Apollo Hospitals Enterprise Limited,Healthcare Services,935
TVS Motor Company Ltd.,Automobiles,934
Tata Consultancy Services Limited,IT - Software,929
Tata Consultancy Services Ltd.,IT - Software,928
Kotak Mahindra Bank Ltd.,Banks,924
Tech Mahindra Ltd.,IT - Software,921
InterGlobe Aviation Limited,Transport Services,916
Divi's Laboratories Limited,Pharmaceuticals & Biotechnology,914
Bajaj Auto Limited,Automobiles,910
Maruti Suzuki India Ltd.,Automobiles,908
Hindustan Unilever Limited,Diversified FMCG,903
UltraTech Cement Limited,Cement & Cement Products,902
Hindustan Aeronautics Limited,Aerospace & Defense,877
Tata Steel Limited,Ferrous Metals,877
One 97 Communications Limited,Financial Technology (Fintech),869
HCL Technologies Ltd.,IT - Software,864
TVS Motor Company Limited,Automobiles,861
Hindalco Industries Limited,Non - Ferrous Metals,856
Titan Company Ltd.,Consumer Durables,831
Canara Bank,Banks,823
PB Fintech Limited,Financial Technology (Fintech),816
Shriram Finance Ltd.,Finance,808
Torrent Pharmaceuticals Limited,Pharmaceuticals & Biotechnology,801
Torrent Pharmaceuticals Ltd.,Pharmaceuticals & Biotechnology,800
Apollo Hospitals Enterprise Ltd.,Healthcare Services,796
United Spirits Limited,Beverages,796
Eicher Motors Ltd.,Automobiles,794
Max Financial Services Limited,Insurance,787
Eicher Motors Limited,Automobiles,782
Punjab National Bank,Banks,782
SBI Life Insurance Company Limited,Insurance,778
The Federal Bank Limited,Banks,775
Cummins India Limited,Industrial Products,774
Cipla Limited,Pharmaceuticals & Biotechnology,772
Asian Paints Limited,Consumer Durables,766
Cummins India Ltd.,Industrial Products,749
Cipla Ltd.,Pharmaceuticals & Biotechnology,744
RBL Bank Limited,Banks,743
Indus Towers Limited,Telecom - Services,731
Britannia Industries Ltd.,Food Products,724
Bharat Heavy Electricals Limited,Electrical Equipment,707
Trent Limited,Retailing,705
Coal India Limited,Consumable Fuels,703
JSW Steel Limited,Ferrous Metals,703
Indian Bank,Banks,702
Bajaj Finserv Limited,Finance,693
Max Healthcare Institute Limited,Healthcare Services,685
Varun Beverages Limited,Beverages,679
Power Grid Corporation of India Limited,Power,672
Dixon Technologies (India) Limited,Consumer Durables,669
Divi's Laboratories Ltd.,Pharmaceuticals & Biotechnology,666
Adani Enterprises Limited,Metals & Minerals Trading,665
Tata Consumer Products Limited,Agricultural Food & other Products,665
Union Bank of India,Banks,665
Aurobindo Pharma Limited,Pharmaceuticals & Biotechnology,655
Oil & Natural Gas Corporation Limited,Oil,655
IndusInd Bank Limited,Banks,654
Grasim Industries Limited,Cement & Cement Products,651
JSW Steel Ltd.,Ferrous Metals,651
Life Insurance Corporation Of India,Insurance,650
Asian Paints Ltd.,Consumer Durables,649
Bajaj Finserv Ltd.,Finance,642
Oil & Natural Gas Corporation Ltd.,Oil,639
Fortis Healthcare Limited,Healthcare Services,634
Samvardhana Motherson International Limited,Auto Components,630
Solar Industries India Limited,Chemicals & Petrochemicals,619
Trent Ltd.,Retailing,619
CG Power and Industrial Solutions Ltd.,Electrical Equipment,611
HDFC Life Insurance Company Limited,Insurance,609
FSN E-Commerce Ventures Ltd.,Retailing,608
The Indian Hotels Company Limited,Leisure Services,608
Hero MotoCorp Limited,Automobiles,607
Solar Industries India Ltd.,Chemicals & Petrochemicals,607
Grasim Industries Ltd.,Cement & Cement Products,603
HCL Technologies Limited,IT - Software,599
Radico Khaitan Limited,Beverages,599
Bharat Petroleum Corporation Ltd.,Petroleum Products,592
Multi Commodity Exchange of India Limited,Capital Markets,591
Nestle India Ltd.,Food Products,591
AU Small Finance Bank Limited,Banks,590
Britannia Industries Limited,Food Products,588
CG Power and Industrial Solutions Limited,Electrical Equipment,581
Tata Motors Passenger Vehicles Limited,Automobiles,578
ABB India Ltd.,Electrical Equipment,576
HDFC Life Insurance Company Ltd.,Insurance,573
Coal India Ltd.,Consumable Fuels,570
Bharat Heavy Electricals Ltd.,Electrical Equipment,565
Ambuja Cements Ltd.,Cement & Cement Products,561
Bajaj Auto Ltd.,Automobiles,557
Power Grid Corporation of India Ltd.,Power,555
Vedanta Aluminium Metal Limited,Non - Ferrous Metals,554
Glenmark Pharmaceuticals Limited,Pharmaceuticals & Biotechnology,553
The Federal Bank Ltd.,Banks,550
Persistent Systems Ltd.,IT - Software,547
Samvardhana Motherson International Ltd.,Auto Components,547
Cholamandalam Investment and Finance Company Ltd,Finance,546
Hitachi Energy India Limited,Electrical Equipment,545
Power Finance Corporation Ltd.,Finance,544
Godrej Consumer Products Ltd.,Personal Products,540
PNB Housing Finance Limited,Finance,539
FSN E-Commerce Ventures Limited,Retailing,537
Adani Ports and Special Economic Zone Limited,Transport Infrastructure,535
Tata Motors Ltd,"Agricultural, Commercial & Construction Vehicles",533
Biocon Ltd.,Pharmaceuticals & Biotechnology,531
Bosch Limited,Auto Components,531
Lupin Ltd.,Pharmaceuticals & Biotechnology,531
DLF Limited,Realty,524
Nestle India Limited,Food Products,522
Pidilite Industries Limited,Chemicals & Petrochemicals,522
Bharat Forge Limited,Auto Components,520
Max Financial Services Ltd.,Insurance,520
Marico Limited,Agricultural Food & other Products,517
Multi Commodity Exchange of India Ltd.,Capital Markets,517
Lupin Limited,Pharmaceuticals & Biotechnology,514
Hindustan Aeronautics Ltd.,Aerospace & Defense,512
Info Edge (India) Limited,Retailing,511
Interglobe Aviation Ltd.,Transport Services,508
PB Fintech Ltd.,Financial Technology (Fintech),506
Pidilite Industries Ltd.,Chemicals & Petrochemicals,506
Billionbrains Garage Ventures Ltd.,Capital Markets,505
Mankind Pharma Limited,Pharmaceuticals & Biotechnology,502
Zydus Lifesciences Limited,Pharmaceuticals & Biotechnology,502
Bharat Forge Ltd.,Auto Components,493
Coforge Ltd.,IT - Software,492
Navin Fluorine International Limited,Chemicals & Petrochemicals,491
Ashok Leyland Ltd.,"Agricultural, Commercial & Construction Vehicles",490
Life Insurance Corporation of India,Insurance,488
IDFC First Bank Limited,Banks,487
Bank of Maharashtra,Banks,485
Ather Energy Limited,Automobiles,484
Avenue Supermarts Ltd.,Retailing,483
Jio Financial Services Limited,Finance,482
SBI Life Insurance Company Ltd.,Insurance,482
Tata Motors Ltd.,"Agricultural, Commercial & Construction Vehicles",482
Indus Towers Ltd.,Telecom - Services,479
Bank of India,Banks,477
Ajanta Pharma Ltd.,Pharmaceuticals & Biotechnology,473
Polycab India Limited,Industrial Products,471
One 97 Communications Ltd.,Financial Technology (Fintech),470
Marico Ltd.,Agricultural Food & other Products,468
Alkem Laboratories Limited,Pharmaceuticals & Biotechnology,463
Delhivery Limited,Transport Services,463
Muthoot Finance Ltd.,Finance,463
Persistent Systems Limited,IT - Software,463
Prestige Estates Projects Limited,Realty,463
Ashok Leyland Limited,"Agricultural, Commercial & Construction Vehicles",460
BSE Limited,Capital Markets,460
Mphasis Ltd.,IT - Software,460
ABB India Limited,Electrical Equipment,459
Aditya Birla Capital Limited,Finance,459
Amber Enterprises India Limited,Consumer Durables,459
Dr. Reddy's Laboratories Limited,Pharmaceuticals & Biotechnology,458
Jindal Steel Ltd.,Ferrous Metals,458
Power Finance Corporation Limited,Finance,458
HDFC Asset Management Company Limited,Capital Markets,456
IndusInd Bank Ltd.,Banks,456
Fortis Healthcare Ltd.,Healthcare Services,454
Hindustan Petroleum Corporation Limited,Petroleum Products,451
Jindal Steel Limited,Ferrous Metals,449
Oil India Limited,Oil,448
Tata Consumer Products Ltd.,Agricultural Food & other Products,447
Tata Motors Passenger Vehicles Ltd.,Automobiles,446
Vishal Mega Mart Limited,Retailing,446
Hero MotoCorp Ltd.,Automobiles,443
Adani Energy Solutions Limited,Power,442
Hindustan Zinc Limited,Non - Ferrous Metals,442
Steel Authority of India Limited,Ferrous Metals,442
Tata Power Company Limited,Power,442
Adani Ports and Special Economic Zone Ltd.,Transport Infrastructure,440
Kotak Mahindra Bank Ltd,Banks,437
Ambuja Cements Limited,Cement & Cement Products,434
Karur Vysya Bank Limited,Banks,434
Billionbrains Garage Ventures Ltd,Capital Markets,432
Radico Khaitan Ltd.,Beverages,432
Sona Blw Precision Forgings Ltd.,Auto Components,432
The Phoenix Mills Ltd.,Realty,432
Adani Power Limited,Power,431
Aurobindo Pharma Ltd.,Pharmaceuticals & Biotechnology,431
JSW Energy Limited,Power,431
The Phoenix Mills Limited,Realty,429
BSE Ltd.,Capital Markets,428
Navin Fluorine International Ltd.,Chemicals & Petrochemicals,428
Prestige Estates Projects Ltd.,Realty,428
APL Apollo Tubes Limited,Industrial Products,426
NMDC Limited,Minerals & Mining,426
Dr. Reddy's Laboratories Ltd.,Pharmaceuticals & Biotechnology,421
GAIL (India) Ltd.,Gas,421
KEI Industries Ltd.,Industrial Products,421
UNO Minda Limited,Auto Components,421
Crompton Greaves Consumer Electricals Limited,Consumer Durables,419
National Aluminium Company Ltd.,Non - Ferrous Metals,419
Sona BLW Precision Forgings Limited,Auto Components,419
Adani Green Energy Limited,Power,418
Bharat Petroleum Corporation Limited,Petroleum Products,418
Schaeffler India Ltd.,Auto Components,416
Coromandel International Limited,Fertilizers & Agrochemicals,415
Jubilant Foodworks Limited,Leisure Services,415
Biocon Limited,Pharmaceuticals & Biotechnology,413
Max Healthcare Institute Ltd.,Healthcare Services,413
Delhivery Ltd.,Transport Services,412
Dixon Technologies (India) Ltd.,Consumer Durables,411
United Spirits Ltd.,Beverages,410
PG Electroplast Limited,Consumer Durables,405
National Aluminium Company Limited,Non - Ferrous Metals,402
Muthoot Finance Limited,Finance,396
UPL Ltd.,Fertilizers & Agrochemicals,395
Adani Enterprises Ltd.,Metals & Minerals Trading,393
Vedanta Ltd.,Diversified Metals,391
InterGlobe Aviation Ltd.,Transport Services,390
JSW Energy Ltd.,Power,390
SRF Ltd.,Chemicals & Petrochemicals,387
Godrej Consumer Products Limited,Personal Products,385
KEI Industries Limited,Industrial Products,385
AU Small Finance Bank Ltd.,Banks,384
NMDC Ltd.,Minerals & Mining,383
Hindustan Petroleum Corporation Ltd.,Petroleum Products,382
ICICI Bank Ltd,Banks,377
L&T Finance Limited,Finance,377
Godrej Properties Limited,Realty,376
Mankind Pharma Ltd.,Pharmaceuticals & Biotechnology,376
Avenue Supermarts Limited,Retailing,374
Vedanta Limited,Diversified Metals,374
DLF Ltd.,Realty,369
Multi Commodity Exchange Of India Ltd.,Capital Markets,369
Bajaj Finance Ltd,Finance,368
HDFC Bank Ltd,Banks,367
Bandhan Bank Limited,Banks,366
Apar Industries Limited,Electrical Equipment,363
Dabur India Ltd.,Personal Products,363
Page Industries Limited,Textiles & Apparels,362
Glenmark Pharmaceuticals Ltd.,Pharmaceuticals & Biotechnology,361
Info Edge (India) Ltd.,Retailing,361
Tata Power Company Ltd.,Power,361
Aditya Infotech Limited,Industrial Manufacturing,360
Hitachi Energy India Ltd.,Electrical Equipment,360
Ujjivan Small Finance Bank Limited,Banks,359
Container Corporation of India Limited,Transport Services,358
Bharti Airtel Ltd,Telecom - Services,356
LG Electronics India Ltd.,Consumer Durables,356
The Indian Hotels Company Ltd.,Leisure Services,355
Acutaas Chemicals Limited,Pharmaceuticals & Biotechnology,353
Vodafone Idea Limited,Telecom - Services,353
Steel Authority of India Ltd.,Ferrous Metals,352
Swiggy Limited,Retailing,351
Swiggy Ltd.,Retailing,351
Vedanta Aluminium Metal Ltd.,Non - Ferrous Metals,350
Alkem Laboratories Ltd.,Pharmaceuticals & Biotechnology,349
Computer Age Management Services Limited,Capital Markets,349
Adani Energy Solutions Ltd.,Power,348
Lenskart Solutions Ltd.,Retailing,348
Hyundai Motor India Ltd.,Automobiles,347
Apar Industries Ltd.,Electrical Equipment,345
Havells India Ltd.,Consumer Durables,345
IPCA Laboratories Limited,Pharmaceuticals & Biotechnology,345
Oil India Ltd.,Oil,344
Angel One Limited,Capital Markets,342
Laurus Labs Limited,Pharmaceuticals & Biotechnology,342
Supreme Industries Limited,Industrial Products,342
Siemens Energy India Limited,Electrical Equipment,341
Ather Energy Ltd.,Automobiles,339
JK Cement Ltd.,Cement & Cement Products,339
PNB Housing Finance Ltd.,Finance,339
Thermax Ltd.,Electrical Equipment,338
UNO Minda Ltd.,Auto Components,337
Hyundai Motor India Ltd,Automobiles,336
LG Electronics India Ltd,Consumer Durables,336
Petronet LNG Limited,Gas,336
Krishna Institute Of Medical Sciences Limited,Healthcare Services,332
Varun Beverages Ltd.,Beverages,332
Voltas Limited,Consumer Durables,332
GAIL (India) Limited,Gas,331
Lenskart Solutions Limited,Retailing,331
Indian Oil Corporation Limited,Petroleum Products,330
Indian Oil Corporation Ltd.,Petroleum Products,329
State Bank Of India,Banks,329
Carborundum Universal Ltd.,Industrial Products,328
JK Cement Limited,Cement & Cement Products,328
Suzlon Energy Limited,Electrical Equipment,328
Voltas Ltd.,Consumer Durables,327
ICICI Lombard General Insurance Company Limited,Insurance,326
Larsen & Toubro Ltd,Construction,326
NTPC LTD,Power,326
Reliance Industries Ltd,Petroleum Products,326
Sai Life Sciences Limited,Pharmaceuticals & Biotechnology,326
City Union Bank Limited,Banks,325
Meesho Ltd,Retailing,323
Dabur India Limited,Personal Products,320
Hindustan Zinc Ltd.,Non - Ferrous Metals,320
SRF Limited,Chemicals & Petrochemicals,320
Jubilant Foodworks Ltd.,Leisure Services,319
PI Industries Ltd.,Fertilizers & Agrochemicals,318
Endurance Technologies Ltd.,Auto Components,316
Mphasis Limited,IT - Software,316
Wipro Ltd.,IT - Software,316
Syngene International Limited,Healthcare Services,315
APL Apollo Tubes Ltd.,Industrial Products,314
Zydus Lifesciences Ltd.,Pharmaceuticals & Biotechnology,314
Oberoi Realty Limited,Realty,313
GMR Airports Limited,Transport Infrastructure,312
Abbott India Limited,Pharmaceuticals & Biotechnology,310
Axis Bank Ltd,Banks,310
Interglobe Aviation Ltd,Transport Services,309
RBL Bank Ltd.,Banks,309
Siemens Ltd.,Electrical Equipment,309
Cholamandalam Financial Holdings Limited,Finance,306
Indus Infra Trust,Transport Infrastructure,306
Raajmarg Infra Investment Trust,Transport Infrastructure,306
TD Power Systems Limited,Electrical Equipment,306
LIC Housing Finance Limited,Finance,305
Mahindra & Mahindra Ltd,Automobiles,305
Polycab India Ltd.,Industrial Products,304
L&T Finance Ltd.,Finance,303
ICICI Lombard General Insurance Company Ltd.,Insurance,299
Sai Life Sciences Ltd.,Pharmaceuticals & Biotechnology,298
Gland Pharma Limited,Pharmaceuticals & Biotechnology,297
Oracle Financial Services Software Ltd.,IT - Software,297
Anthem Biosciences Limited,Pharmaceuticals & Biotechnology,296
Tata Motors Limited,"Agricultural, Commercial & Construction Vehicles",296
Page Industries Ltd.,Textiles & Apparels,295
Global Health Limited,Healthcare Services,294
Wipro Limited,IT - Software,294
Abbott India Ltd.,Pharmaceuticals & Biotechnology,293
Karur Vysya Bank Ltd.,Banks,293
Siemens Limited,Electrical Equipment,293
Premier Energies Limited,Electrical Equipment,292
Colgate Palmolive (India) Limited,Personal Products,291
Blue Star Limited,Consumer Durables,290
Kirloskar Oil Engines Limited,Industrial Products,290
Blue Star Ltd.,Consumer Durables,289
Hindustan Copper Limited,Non - Ferrous Metals,289
Tube Investments of India Limited,Auto Components,289
LIC Housing Finance Ltd.,Finance,288
360 ONE WAM LIMITED,Capital Markets,286
Aditya Birla Capital Ltd.,Finance,286
Bandhan Bank Ltd.,Banks,286
Laurus Labs Ltd.,Pharmaceuticals & Biotechnology,286
Gland Pharma Ltd.,Pharmaceuticals & Biotechnology,285
Nippon Life India Asset Management Limited,Capital Markets,283
Schaeffler India Limited,Auto Components,283
City Union Bank Ltd.,Banks,282
Torrent Power Ltd.,Power,279
One 97 Communications Ltd,Financial Technology (Fintech),278
VARUN BEVERAGES LIMITED,Beverages,278
Infosys Ltd,IT - Software,277
NHPC Ltd.,Power,277
Nippon Life India Asset Management Ltd.,Capital Markets,276
Samvardhana Motherson International Ltd,Auto Components,276
UPL Limited,Fertilizers & Agrochemicals,276
Varun Beverages Ltd,Beverages,276
Manappuram Finance Limited,Finance,273
Shree Cement Ltd.,Cement & Cement Products,273
Ajanta Pharma Limited,Pharmaceuticals & Biotechnology,272
Godrej Properties Ltd.,Realty,272
Larsen and Toubro Ltd.,Construction,272
Vodafone Idea Ltd.,Telecom - Services,272
Bharti Hexacom Limited,Telecom - Services,271
Embassy Office Parks REIT,Realty,271
Timken India Ltd.,Industrial Products,271
SBI Life Insurance Co. Ltd.,Insurance,270
Craftsman Automation Ltd.,Auto Components,269
HDFC Asset Management Company Ltd.,Capital Markets,269
Ujjivan Small Finance Bank Ltd.,Banks,269
REC Limited,Finance,268
Yes Bank Limited,Banks,267
Computer Age Management Services Ltd.,Capital Markets,266
K.P.R. Mill Ltd.,Textiles & Apparels,266
Kirloskar Oil Engines Ltd.,Industrial Products,264
Bharat Dynamics Limited,Aerospace & Defense,263
Linde India Limited,Chemicals & Petrochemicals,263
Indian Energy Exchange Limited,Capital Markets,262
Welspun Corp Limited,Industrial Products,262
Bharat Electronics Ltd,Aerospace & Defense,261
Nippon Life India Asset Management Ltd,Capital Markets,260
Aster DM Quality Care Limited,Healthcare Services,259
ICICI Prudential Life Insurance Company Ltd.,Insurance,259
Oberoi Realty Ltd.,Realty,259
Ultratech Cement Ltd,Cement & Cement Products,259
General Insurance Corporation of India,Insurance,258
Adani Power Ltd.,Power,257
Cholamandalam Investment & Finance Co. Ltd.,Finance,257
360 One Wam Ltd.,Capital Markets,256
Jio Financial Services Ltd.,Finance,256
Shree Cement Limited,Cement & Cement Products,256
Cohance Lifesciences Limited,Pharmaceuticals & Biotechnology,253
360 One WAM Limited,Capital Markets,252
Piramal Finance Limited,Finance,251
Havells India Limited,Consumer Durables,250
Jyoti CNC Automation Ltd,Industrial Manufacturing,250
AIA Engineering Ltd.,Industrial Products,249
eClerx Services Limited,Commercial Services & Supplies,249
BSE Ltd,Capital Markets,248
Mazagon Dock Shipbuilders Limited,Industrial Manufacturing,248
Belrise Industries Ltd.,Auto Components,247
JSW Infrastructure Ltd,Transport Infrastructure,246
Bosch Ltd.,Auto Components,245
Godfrey Phillips India Limited,Cigarettes & Tobacco Products,245
ITC Hotels Limited,Leisure Services,245
Vishal Mega Mart Ltd,Retailing,245
Astral Ltd.,Industrial Products,243
Balkrishna Industries Ltd.,Auto Components,243
IPCA Laboratories Ltd.,Pharmaceuticals & Biotechnology,242
Supreme Industries Ltd.,Industrial Products,242
Cochin Shipyard Limited,Industrial Manufacturing,241
Pine Labs Limited,Financial Technology (Fintech),241
ICICI Prudential Life Insurance Company Limited,Insurance,240
LTM Limited,IT - Software,240
Aster DM Quality Care Ltd.,Healthcare Services,239
Kaynes Technology India Limited,Industrial Manufacturing,239
LTM Ltd.,IT - Software,239
NTPC Green Energy Limited,Power,239
Container Corporation of India Ltd.,Transport Services,238
Craftsman Automation Limited,Auto Components,238
Sagility Limited,IT - Services,238
Sundaram Finance Limited,Finance,238
PB Fintech Ltd,Financial Technology (Fintech),237
Neuland Laboratories Limited,Pharmaceuticals & Biotechnology,236
Whirlpool of India Ltd.,Consumer Durables,235
Hyundai Motor India Limited,Automobiles,234
Manappuram Finance Ltd.,Finance,234
Vishal Mega Mart Ltd.,Retailing,234
Adani Green Energy Ltd.,Power,233
Petronet LNG Ltd.,Gas,233
K.P.R. Mill Limited,Textiles & Apparels,232
KFin Technologies Limited,Capital Markets,231
United Breweries Ltd.,Beverages,230
NBCC (India) Limited,Construction,229
Gabriel India Ltd.,Auto Components,228
JSW Infrastructure Ltd.,Transport Infrastructure,228
NHPC Limited,Power,228
Hindustan Aeronautics Ltd,Aerospace & Defense,226
Piramal Pharma Limited,Pharmaceuticals & Biotechnology,226
GMR Airports Ltd.,Transport Infrastructure,225
KPIT Technologies Limited,IT - Software,225
Oracle Financial Services Software Limited,IT - Software,225
Endurance Technologies Limited,Auto Components,223
Eternal Ltd,Retailing,222
Apollo Tyres Ltd.,Auto Components,221
GE Vernova T&D India Ltd.,Electrical Equipment,221
Schaeffler India Ltd,Auto Components,220
Vijaya Diagnostic Centre Limited,Healthcare Services,220
AIA Engineering Limited,Industrial Products,219
BSE LTD,Capital Markets,219
Central Depository Services (India) Limited,Capital Markets,219
Meesho Ltd.,Retailing,218
Redington Limited,Commercial Services & Supplies,217
Bharti Hexacom Ltd.,Telecom - Services,216
Inox Wind Limited,Electrical Equipment,215
Manipal Health Enterprises Ltd,Healthcare Services,215
3M India Limited,Diversified,214
BEML Limited,"Agricultural, Commercial & Construction Vehicles",214
Dr. Lal Path Labs Limited,Healthcare Services,214
Motilal Oswal Financial Services Ltd.,Capital Markets,214
NLC India Limited,Power,213
SBI Cards & Payment Services Ltd.,Finance,213
Tube Investments of India Ltd.,Auto Components,213
ZF Commercial Vehicle Control Systems India Limited,Auto Components,213
Angel One Ltd.,Capital Markets,212
Aadhar Housing Finance Limited,Finance,211
Anthem Biosciences Ltd.,Pharmaceuticals & Biotechnology,211
Coromandel International Ltd.,Fertilizers & Agrochemicals,211
Emami Limited,Personal Products,211
Doms Industries Limited,Household Products,210
Hexaware Technologies Ltd.,IT - Software,210
ICICI Prudential Asset Management Company Limited,Capital Markets,210
Sobha Limited,Realty,210
Triveni Turbine Ltd.,Electrical Equipment,210
Aarti Industries Ltd.,Chemicals & Petrochemicals,209
ACC Ltd.,Cement & Cement Products,209
Devyani International Limited,Leisure Services,209
Piramal Finance Ltd,Finance,209
SHRIRAM FINANCE LIMITED,Finance,209
Jindal Stainless Ltd.,Ferrous Metals,208
Sterlite Technologies Limited,Telecom - Equipment & Accessories,208
Honeywell Automation India Ltd.,Industrial Manufacturing,207
MRF Limited,Auto Components,207
Anand Rathi Wealth Limited,Capital Markets,206
Carborundum Universal Limited,Industrial Products,206
Crompton Greaves Consumer Electricals Ltd.,Consumer Durables,206
Exide Industries Limited,Auto Components,206
Godfrey Phillips India Ltd.,Cigarettes & Tobacco Products,205
LG Electronics India Limited,Consumer Durables,205
Aditya Birla Real Estate Limited,Realty,203
Aditya Birla Sun Life AMC Limited,Capital Markets,203
BANK OF BARODA,Banks,203
Kalyan Jewellers India Limited,Consumer Durables,203
Sundaram Finance Ltd.,Finance,203
Amber Enterprises India Ltd.,Consumer Durables,202
Brigade Enterprises Ltd.,Realty,202
Dalmia Bharat Limited,Cement & Cement Products,202
Exide Industries Ltd.,Auto Components,202
Balkrishna Industries Limited,Auto Components,201
Leela Palaces Hotels & Resorts Limited,Leisure Services,201
Tata Communications Limited,Telecom - Services,201
Tata Steel Ltd,Ferrous Metals,201
Timken India Limited,Industrial Products,201
IIFL Finance Limited,Finance,200
INDO-MIM Ltd.,Industrial Manufacturing,200
Kirloskar Oil Engines Ltd,Industrial Products,200
Motherson Sumi Wiring India Ltd.,Auto Components,200
Rainbow Childrens Medicare Limited,Healthcare Services,199
United Spirits Ltd,Beverages,199
Yes Bank Ltd.,Banks,199
GlaxoSmithKline Pharmaceuticals Limited,Pharmaceuticals & Biotechnology,198
Kajaria Ceramics Limited,Consumer Durables,198
HDB Financial Services Ltd.,Finance,197
Poonawalla Fincorp Limited,Finance,197
V-Guard Industries Ltd.,Consumer Durables,197
Aditya Vision Ltd,Retailing,196
Lloyds Metals And Energy Limited,Minerals & Mining,196
SAMVARDHANA MOTHERSON INTERNATIONAL LTD,Auto Components,196
Ashok Leyland Ltd,"Agricultural, Commercial & Construction Vehicles",195
Acutaas Chemicals Ltd.,Pharmaceuticals & Biotechnology,194
Cyient Limited,IT - Services,194
Sumitomo Chemical India Limited,Fertilizers & Agrochemicals,194
Balrampur Chini Mills Limited,Agricultural Food & other Products,193
Brigade Enterprises Limited,Realty,193
Cholamandalam Financial Holdings Ltd.,Finance,193
Patanjali Foods Limited,Agricultural Food & other Products,193
TBO Tek Limited,Leisure Services,192
Urban Company Ltd.,Retailing,192
ICICI BANK LTD.,Banks,190
Adani Port & Special Economic Zone Ltd,Transport Infrastructure,189
Dhoot Transmission Ltd,Auto Components,189
HDFC Asset Management Co. Ltd.,Capital Markets,189
MTAR Technologies Limited,Electrical Equipment,189
SBI Cards and Payment Services Limited,Finance,189
Shriram Finance Ltd,Finance,189
Tenneco Clean Air India Limited,Auto Components,189
Cohance Lifesciences Ltd.,Pharmaceuticals & Biotechnology,188
Indian Energy Exchange Ltd.,Capital Markets,188
Max Financial Services Ltd,Insurance,188
Amber Enterprises India Ltd,Consumer Durables,187
Kalpataru Projects International Ltd,Construction,187
KEC International Limited,Construction,187
Gujarat Fluorochemicals Limited,Chemicals & Petrochemicals,186
ZF Commercial Vehicle Control Systems India Ltd.,Auto Components,186
Atul Ltd.,Chemicals & Petrochemicals,185
Bajaj Holdings & Investment Ltd.,Finance,185
Balrampur Chini Mills Ltd.,Agricultural Food & other Products,185
Honeywell Automation India Limited,Industrial Manufacturing,185
IDFC First Bank Ltd.,Banks,185
Motherson Sumi Wiring India Limited,Auto Components,185
Tata Capital Limited,Finance,185
Brookfield India Real Estate Trust,Realty,184
Jubilant Ingrevia Limited,Chemicals & Petrochemicals,184
Swiggy Ltd,Retailing,184
MRF Ltd.,Auto Components,183
Sagility Ltd.,IT - Services,183
Deepak Nitrite Ltd.,Chemicals & Petrochemicals,182
Home First Finance Company India Ltd.,Finance,182
Tata Communications Ltd.,Telecom - Services,182
Emami Ltd.,Personal Products,181
JSW Cement Ltd.,Cement & Cement Products,181
Rail Vikas Nigam Limited,Construction,181
Shree Cements Ltd.,Cement & Cement Products,181
STATE BANK OF INDIA.,Banks,181
Syngene International Ltd.,Healthcare Services,181
Thermax Limited,Electrical Equipment,181
Berger Paints (I) Limited,Consumer Durables,180
Container Corporation Of India Ltd.,Transport Services,180
Grindwell Norton Ltd.,Industrial Products,180
Astral Limited,Industrial Products,179
Bayer Cropscience Limited,Fertilizers & Agrochemicals,179
CESC Ltd.,Power,179
JSW Cement Limited,Cement & Cement Products,179
REC Ltd.,Finance,179
Tenneco Clean Air India Ltd.,Auto Components,179
Welspun Corp Ltd.,Industrial Products,179
360 ONE WAM Ltd.,Capital Markets,178
Schneider Electric Infrastructure Ltd.,Electrical Equipment,177
BHARTI AIRTEL LTD.,Telecom - Services,176
Data Patterns (India) Limited,Aerospace & Defense,176
Divis Laboratories Ltd.,Pharmaceuticals & Biotechnology,176
HDFC BANK LTD.,Banks,176
Narayana Hrudayalaya Limited,Healthcare Services,176
PERSISTENT SYSTEMS LTD,IT - Software,176
RELIANCE INDUSTRIES LTD.,Petroleum Products,176
Knowledge Realty Trust,Realty,175
Neuland Laboratories Ltd.,Pharmaceuticals & Biotechnology,175
The Jammu & Kashmir Bank Limited,Banks,175
United Breweries Limited,Beverages,175
Bharat Dynamics Ltd.,Aerospace & Defense,173
Onesource Specialty Pharma Limited,Pharmaceuticals & Biotechnology,173
Siemens Energy India Ltd.,Electrical Equipment,173
TD Power Systems Ltd.,Electrical Equipment,173
BANK OF MAHARASHTRA,Banks,172
Honasa Consumer Limited,Personal Products,172
Torrent Power Limited,Power,172
Doms Industries Ltd.,Household Products,171
Gujarat Fluorochemicals Ltd.,Chemicals & Petrochemicals,171
Indraprastha Gas Ltd.,Gas,171
CreditAccess Grameen Limited,Finance,170
Maruti Suzuki India Ltd,Automobiles,170
CIE Automotive India Ltd,Auto Components,169
Jindal Stainless Limited,Ferrous Metals,169
Lodha Developers Limited,Realty,169
Minda Corporation Limited,Auto Components,169
Suzlon Energy Ltd.,Electrical Equipment,168
CEAT Limited,Auto Components,167
Escorts Kubota Limited,"Agricultural, Commercial & Construction Vehicles",167
ICICI Prudential Asset Mgmt Co Ltd.,Capital Markets,167
Shaily Engineering Plastics Limited,Consumer Durables,167
Dr. Lal Path labs Ltd.,Healthcare Services,166
Gillette India Limited,Personal Products,166
HDB Financial Services Limited,Finance,166
Mahindra & Mahindra Financial Services Limited,Finance,166
Mazagon Dock Shipbuilders Ltd.,Industrial Manufacturing,166
Schneider Electric Infrastructure Limited,Electrical Equipment,165
Home First Finance Company India Limited,Finance,164
Physicswallah Ltd.,Other Consumer Services,164
Sona BLW Precision Forgings Ltd.,Auto Components,164
Tata Chemicals Ltd.,Chemicals & Petrochemicals,164
Colgate Palmolive (India) Ltd.,Personal Products,163
PI Industries Limited,Fertilizers & Agrochemicals,163
SWIGGY LTD,Retailing,163
Berger Paints India Ltd.,Consumer Durables,162
Chalet Hotels Ltd.,Leisure Services,162
Cochin Shipyard Ltd.,Industrial Manufacturing,162
Pfizer Limited,Pharmaceuticals & Biotechnology,162
TENNECO CLEAN AIR INDIA LIMITED,Auto Components,162
ITC Ltd,Diversified FMCG,161
Linde India Ltd.,Chemicals & Petrochemicals,161
TUBE INVESTMENTS OF INDIA LTD,Auto Components,161
Indegene Limited,Healthcare Services,160
Tata Power Co Ltd,Power,160
CEAT Ltd.,Auto Components,159
R R Kabel Limited,Industrial Products,159
Sansera Engineering Limited,Auto Components,159
Shiprocket Ltd.,Transport Services,159
Data Patterns (India) Ltd.,Aerospace & Defense,158
Voltamp Transformers Ltd.,Electrical Equipment,158
Zensar Technologies Ltd.,IT - Software,158
Acme Solar Holdings Ltd,Power,157
APAR INDUSTRIES LTD,Electrical Equipment,157
CCL Products (India) Limited,Agricultural Food & other Products,157
Power Grid Corporation Of India Ltd.,Power,157
Sky Gold And Diamonds Limited,Consumer Durables,157
Eris Lifesciences Limited,Pharmaceuticals & Biotechnology,156
Glaxosmithkline Pharmaceuticals Ltd.,Pharmaceuticals & Biotechnology,156
Info Edge (India) Ltd,Retailing,156
Persistent Systems Ltd,IT - Software,156
SUN PHARMACEUTICAL INDUSTRIES LTD.,Pharmaceuticals and Biotechnology,156
Tata Elxsi Ltd.,IT - Software,156
TBO Tek Ltd.,Leisure Services,156
Cipla Ltd,Pharmaceuticals & Biotechnology,155
Hindalco Industries Ltd,Non - Ferrous Metals,155
Aarti Industries Limited,Chemicals & Petrochemicals,154
Aavas Financiers Ltd.,Finance,154
EMBASSY OFFICE PARKS REIT,Units of Real Estate Investment Trust (REITs),154
ICICI Prudential AMC Ltd,Capital Markets,154
Kalpataru Projects International Limited,Construction,154
Kalyan Jewellers India Ltd.,Consumer Durables,154
L&T Technology Services Ltd.,IT - Services,154
Mahanagar Gas Limited,Gas,154
Oracle Financial Services Software Ltd,IT - Software,154
Tata Consultancy Services Ltd,IT - Software,154
Gokaldas Exports Ltd.,Textiles & Apparels,153
Mahindra & Mahindra Financial Services Ltd.,Finance,153
MphasiS Limited,IT - Software,153
Pine Labs Ltd.,Financial Technology (Fintech),153
S.J.S. Enterprises Limited,Auto Components,153
SBI Funds Management Limited,Capital Markets,153
Sobha Ltd.,Realty,153
STATE BANK OF INDIA,Banks,153
Sun TV Network Limited,Entertainment,153
Cemindia Projects Ltd,Construction,152
Central Depository Services (I) Ltd.,Capital Markets,152
SBI Funds Management Ltd.,Capital Markets,152
Tech Mahindra Ltd,IT - Software,152
Zensar Technologies Limited,IT - Software,152
APL Apollo Tubes Ltd,Industrial Products,151
Emcure Pharmaceuticals Limited,Pharmaceuticals & Biotechnology,151
Kfin Technologies Ltd.,Capital Markets,151
KPIT Technologies Ltd.,IT - Software,151
Awfis Space Solutions Limited,Commercial Services & Supplies,150
CG Power And Industrial Solutions Ltd,Electrical Equipment,150
Cholamandalam Invest & Finance Co Ltd,Finance,150
Hexaware Technologies Limited,IT - Software,150
Kaynes Technology India Ltd.,Industrial Manufacturing,150
NLC India Ltd.,Power,150
Bajaj Auto Ltd,Automobiles,149
HCL Technologies Ltd,IT - Software,149
Motherson Sumi Systems Ltd.,Auto Ancillaries,149
Shiprocket Limited,Transport Services,149
Sumitomo Chemical India Ltd.,Fertilizers & Agrochemicals,149
Castrol India Limited,Petroleum Products,148
HDFC Bank Ltd.£,Banks,148
Motilal Oswal Financial Services,Capital Markets,148
CRISIL Ltd.,Finance,147
Titagarh Rail Systems Limited,Industrial Manufacturing,147
Britannia Industries Ltd,Food Products,146
Engineers India Limited,Construction,146
HFCL Limited,Telecom - Services,146
INDIAN BANK,Banks,146
Jubilant Foodworks Ltd,Leisure Services,146
Motilal Oswal Financial Services Limited,Capital Markets,146
ETERNAL LIMITED,Retailing,145
Prudent Corporate Advisory Services Ltd,Capital Markets,145
Whirlpool of India Limited,Consumer Durables,145
Affle 3i Limited,IT - Services,144
Bharat Heavy Electricals Ltd,Electrical Equipment,144
Cummins India Ltd,Industrial Products,144
NTPC Ltd,Power,144
Cyient Ltd.,IT - Services,143
Delhivery Ltd,Transport Services,143
Elgi Equipments Limited,Industrial Products,143
Inventurus Knowledge Solutions Ltd.,IT - Services,143
JSW Dulux Limited,Consumer Durables,143
Tata Elxsi Limited,IT - Software,143
The Great Eastern Shipping Company Limited,Transport Services,143
The Ramco Cements Limited,Cement & Cement Products,142
Arvind Fashions Limited,Retailing,141
AXIS BANK LTD.,Banks,141
Bikaji Foods International Ltd.,Food Products,141
CRISIL Limited,Finance,141
Five Star Business Finance Limited,Finance,141
HEG Limited,Industrial Products,141
Torrent Pharmaceuticals Ltd,Pharmaceuticals & Biotechnology,141
Afcons Infrastructure Limited,Construction,140
Century Plyboards (India) Ltd.,Consumer Durables,140
CESC Limited,Power,140
Diamond Power Infrastructure Limited,Electrical Equipment,140
EQ - ICICI BANK LTD,Banks,140
Mphasis Ltd,IT - Software,140
Rubicon Research Limited,Pharmaceuticals & Biotechnology,140
UNION BANK OF INDIA,Banks,140
Wockhardt Ltd.,Pharmaceuticals & Biotechnology,140
Firstsource Solutions Limited,Commercial Services & Supplies,139
Kalpataru Projects International Ltd.,Construction,139
Patanjali Foods Ltd.,Agricultural Food & other Products,139
Symbiotec Pharmalab Limited,Pharmaceuticals & Biotechnology,139
Travel Food Services Limited,Leisure Services,139
UCO Bank,Banks,139
Cube Highways Trust,Transport Infrastructure,138
ICICI Prudential Asset Management Company Ltd.,Capital Markets,138
JSW Infrastructure Limited,Transport Infrastructure,138
Sonata Software Limited,IT - Software,138
Thyrocare Technologies Limited,Healthcare Services,138
Yes Bank Ltd,Banks,138
EQ - MARUTI SUZUKI INDIA LTD.,Automobiles,137
Firstsource Solutions Ltd.,Commercial Services & Supplies,137
Can Fin Homes Limited,Finance,136
Equitas Small Finance Bank Limited,Banks,136
Nuvoco Vistas Corporation Ltd.,Cement & Cement Products,136
S.J.S. Enterprises Ltd.,Auto Components,136
Asian Paints Ltd,Consumer Durables,135
Chalet Hotels Limited,Leisure Services,135
SWIGGY LIMITED,Retailing,135
Tata Capital Ltd,Finance,135
Aptus Value Housing Finance India Ltd.,Finance,134
EQ - HDFC BANK LIMITED,Banks,134
Atul Limited,Chemicals & Petrochemicals,133
EIH Ltd.,Leisure Services,133
Indraprastha Gas Limited,Gas,133
Triveni Turbine Limited,Electrical Equipment,133
GO Digit General Insurance Ltd.,Insurance,132
ICICI Lombard General Insurance Co. Ltd.,Insurance,132
Indigo Paints Limited,Consumer Durables,132
Kajaria Ceramics Ltd.,Consumer Durables,132
Shadowfax Technologies Limited,Transport Services,132
3M India Ltd.,Diversified,131
Brainbees Solutions Ltd.,Retailing,131
Emmvee Photovoltaic Power Limited,Electrical Equipment,131
Indian Overseas Bank,Banks,131
Metropolis Healthcare Limited,Healthcare Services,131
Prudent Corporate Advisory Services Limited,Capital Markets,131
Afcons Infrastructure Ltd.,Construction,130
CCL Products (India) Ltd.,Agricultural Food & other Products,130
Fractal Analytics Ltd,IT - Software,130
Jubilant Pharmova Limited,Pharmaceuticals & Biotechnology,130
Leela Palaces Hotels & Resorts Ltd.,Leisure Services,130
Sun Pharmaceutical Industries Ltd,Pharmaceuticals & Biotechnology,130
Bajaj Holdings & Investment Limited,Finance,129
Birlasoft Limited,IT - Software,129
EQ - BHARTI AIRTEL LTD.,Telecom - Services,129
Hindustan Copper Ltd.,Non - Ferrous Metals,129
ADANI ENERGY SOLUTIONS LTD,Power,128
Arvind Limited,Textiles & Apparels,128
Global Health Ltd.,Healthcare Services,128
Hero Motocorp Ltd.,Automobiles,128
SBI Life Insurance Co Limited,Insurance,128
Cube Highways Trust-InvIT Fund,Transport Infrastructure,127
Healthcare Global Enterprises Limited,Healthcare Services,127
Sanofi Consumer Healthcare India Limited,Pharmaceuticals & Biotechnology,127
Syrma SGS Technology Limited,Industrial Manufacturing,127
Alembic Pharmaceuticals Limited,Pharmaceuticals & Biotechnology,126
Engineers India Ltd.,Construction,126
ICICI BANK LTD,Banks,126
KEC International Ltd.,Construction,126
Marico Ltd,Agricultural Food & Other Products,126
Nuvama Wealth Management Limited,Capital Markets,126
Poly Medicure Limited,Healthcare Equipment & Supplies,126
Angel One Ltd,Capital Markets,125
Inox Wind Ltd.,Electrical Equipment,125
LTIMindtree Ltd,IT - Software,125
Trent Ltd,Retailing,125
Vardhman Textiles Limited,Textiles & Apparels,125
Cholamandalam Investment and Finance Company Limited,Finance,124
Elecon Engineering Company Limited,Electrical Equipment,124
SBI ALTERNATIVE INVESTMENT FUND,Alternative Investment Fund,124
Apollo Hospitals Enterprise Ltd,Healthcare Services,123
Dalmia Bharat Ltd.,Cement & Cement Products,123
ITC LIMITED,Diversified FMCG,123
Piramal Pharma Ltd.,Pharmaceuticals & Biotechnology,123
Arvind Ltd.,Textiles & Apparels,122
BAJAJ FINANCE LTD.,Finance,122
Can Fin Homes Ltd.,Finance,122
Cholamandalam Investment and Finance Co Ltd,Finance,122
Clean Science and Technology Limited,Chemicals & Petrochemicals,122
EQ - STATE BANK OF INDIA,Banks,122
Gabriel India Limited,Auto Components,122
Garware Hi-Tech Films Ltd.,Industrial Products,122
HDFC BANK LTD,Banks,122
Himadri Speciality Chemical Limited,Chemicals & Petrochemicals,122
Housing & Urban Development Corporation Limited,Finance,122
Inventurus Knowledge Solutions Limited,IT - Services,122
UTI Asset Management Company Limited,Capital Markets,122
Amara Raja Energy & Mobility Ltd,Auto Components,121
Concord Biotech Limited,Pharmaceuticals & Biotechnology,121
EQ - MAHINDRA & MAHINDRA LTD.,Automobiles,121
Inter Globe Aviation Ltd,Transport Services,121
Lemon Tree Hotels Limited,Leisure Services,121
Blue Dart Express Ltd.,Transport Services,120
EID Parry India Limited,Food Products,120
Granules India Limited,Pharmaceuticals & Biotechnology,120
Sonata Software Ltd.,IT - Software,120
Zydus Wellness Limited,Food Products,120
Aptus Value Housing Finance India Limited,Finance,119
Cholamandalam Investment & Finance Company Ltd.,Finance,119
Gillette India Ltd.,Personal Products,119
Nexus Select Trust,Units of Real Estate Investment Trust (REITs),119
Pfizer Ltd.,Pharmaceuticals & Biotechnology,119
Swan Corp Limited,Chemicals & Petrochemicals,119
Tata Technologies Limited,IT - Services,119
Eris Lifesciences Ltd,Pharmaceuticals & Biotechnology,118
Eternal Ltd (Previously Zomato Ltd),Retailing,118
L&T FINANCE LTD,Finance,118
Max Healthcare Institute Ltd,Healthcare Services,118
Natco Pharma Limited,Pharmaceuticals & Biotechnology,118
Netweb Technologies India Limited,IT - Services,118
RELIANCE INDUSTRIES LTD,Petroleum Products,117
SIEMENS ENERGY INDIA LTD,Electrical Equipment,117
Wockhardt Limited,Pharmaceuticals & Biotechnology,117
Rail Vikas Nigam Ltd.,Construction,116
Voltamp Transformers Limited,Electrical Equipment,116
Wework India Management Limited,Commercial Services & Supplies,116
Aegis Vopak Terminals Limited,Oil,115
Honasa Consumer Ltd.,Personal Products,115
Indegene Ltd.,Healthcare Services,115
Krishna Institute of Medical Sciences Ltd.,Healthcare Services,115
PB FINTECH LTD,Financial Technology (Fintech),115
Premier Energies Ltd.,Electrical Equipment,115
Apollo Tyres Limited,Auto Components,114
Creditaccess Grameen Limited,Finance,114
KPIT Technologies Ltd,It - Software,114
Lodha Developers Ltd.,Realty,114
Century Plyboards (India) Limited,Consumer Durables,113
Cholamandalam Investment And Finance Company Ltd.,Finance,113
Coforge Ltd,It - Software,113
Dhoot Transmission Ltd.,Auto Components,113
EQ - RELIANCE INDUSTRIES LTD.,Petroleum Products,113
Gokaldas Exports Limited,Textiles & Apparels,113
PhysicsWallah Limited,Other Consumer Services,113
Sansera Engineering Ltd.,Auto Components,113
SBI Life Insurance Company Ltd,Insurance,113
Deepak Nitrite Limited,Chemicals & Petrochemicals,112
Dhoot Transmission Limited,Auto Components,112
IndiGrid Infrastructure Trust,Power,112
Metropolis Healthcare Ltd.,Healthcare Services,112
Ratnamani Metals & Tubes Ltd.,Industrial Products,112
Indiamart Intermesh Ltd.,Retailing,111
Milky Mist Dairy Food Ltd.,Food Products,111
Power Mech Projects Ltd.,Construction,111
Sapphire Foods India Limited,Leisure Services,111
EQ - INFOSYS LTD.,IT - Software,110
INFOSYS LTD,IT - Software,110
Intellect Design Arena Limited,IT - Software,110
Piramal Finance Ltd.,Finance,110
Shadowfax Technologies Ltd.,Transport Services,110
Adani Ports & Special Economic Zone Ltd.,Transport Infrastructure,109
Aether Industries Ltd.,Chemicals & Petrochemicals,109
Central Bank of India,Banks,109
Chennai Petroleum Corporation Ltd.,Petroleum Products,109
Creditaccess Grameen Ltd.,Finance,109
EQ - HERO MOTOCORP LTD.,Automobiles,109
Global Health Ltd,Healthcare Services,109
Jio Financial Services Ltd,Finance,109
National Highways Infra Trust,Transport Infrastructure,109
Safari Industries (India) Limited,Consumer Durables,109
The Ramco Cements Ltd.,Cement & Cement Products,109
EQ - COAL INDIA LTD.,Consumable Fuels,108
GE VERNOVA T&D INDIA LIMITED,Electrical Equipment,108
Quality Power Electrical Eqp Ltd,Electrical Equipment,108
Sedemac Mechatronics Limited,Auto Components,108
SPR Auto Technologies Ltd,Auto Components,108
The India Cements Limited,Cement & Cement Products,108
Aditya Birla Lifestyle Brands Ltd.,Retailing,107
Allied Blenders And Distillers Limited,Beverages,107
Bajaj Finserv Ltd,Finance,107
Coal India Ltd,Consumable Fuels,107
Elgi Equipments Ltd.,Industrial Products,107
Onesource Specialty Pharma Ltd.,Pharmaceuticals & Biotechnology,107
Gujarat Energy Ltd.,Gas,106
Lenskart Solutions Ltd,Retailing,106
Narayana Hrudayalaya Ltd.,Healthcare Services,106
Newgen Software Technologies Limited,IT - Software,106
Sapphire Foods India Ltd,Leisure Services,106
Aditya Birla Real Estate Ltd.,Realty,105
Dixon Technologies (India) Ltd,Consumer Durables,105
EQ - ITC LTD.,Diversified FMCG,105
Jindal Steel & Power Ltd,Ferrous Metals,105
Minda Corporation Ltd.,Auto Components,105
Paradeep Phosphates Limited,Fertilizers & Agrochemicals,105
Sapphire Foods India Ltd.,Leisure Services,105
Star Health And Allied Insurance Company Limited,Insurance,105
ACC Limited,Cement & Cement Products,104
Bajaj Housing Finance Ltd.,Finance,104
Brookfield India Real Estate Trust REIT,Units of Real Estate Investment Trust (REITs),104
EQ - AXIS BANK LTD.,Banks,104
EQ - KOTAK MAHINDRA BANK LTD.,Banks,104
Indian Railway Finance Corporation Ltd.,Finance,104
INDUSIND BANK LTD.,Banks,104
Jindal Saw Ltd.,Industrial Products,104
KOTAK MAHINDRA BANK LTD,Banks,104
NBCC (India) Ltd.,Construction,104
SBI Funds Management Ltd,Capital Markets,104
SRF LTD.,Chemicals and Petrochemicals,104
USHA MARTIN LTD,INDUSTRIAL PRODUCTS,104
Bata India Ltd.,Consumer Durables,103
Entero Healthcare Solutions Ltd,Retailing,103
NCC Limited,Construction,103
PIRAMAL FINANCE LTD,Finance,103
PNB Housing Finance Ltd,Finance,103
POONAWALLA FINCORP LIMITED,Finance,103
Thangamayil Jewellery Limited,Consumer Durables,103
Zee Entertainment Enterprises Limited,Entertainment,103
ADANI POWER LTD,Power,102
Aditya Birla Lifestyle Brands Limited,Retailing,102
Asahi India Glass Limited,Auto Components,102
AWL Agri Business Limited,Agricultural Food & other Products,102
Cartrade Tech Limited,Retailing,102
ESCORTS KUBOTA LIMITED,"Agricultural, Commercial & Construction Vehicles",102
Finolex Cables Limited,Industrial Products,102
Force Motors Ltd.,Automobiles,102
Foseco India Ltd.,Chemicals & Petrochemicals,102
Indo-MIM Limited,Industrial Manufacturing,102
INFO EDGE (INDIA) LIMITED,Retailing,102
JK Lakshmi Cement Limited,Cement & Cement Products,102
PVR INOX Limited,Entertainment,102
Triveni Engineering & Industries Limited,Agricultural Food & other Products,102
Aditya Birla Fashion and Retail Limited,Retailing,101
Bank Of Baroda,Banks,101
Crompton Greaves Consumer Electricals Ltd,Consumer Durables,101
Cyient Dlm Ltd,Aerospace & Defense,101
DLF LIMITED,Realty,101
Indian Hotels Co Ltd,Leisure Services,101
KSB Ltd.,Industrial Products,101
Suzlon Energy Ltd,Electrical Equipment,101
ZF Commercial Vehicle Control Systems India Ltd,Auto Components,101
Affle (India) Ltd,It - Services,100
Arvind Fashions Ltd.,Retailing,100
Azad Engineering Ltd,Electrical Equipment,100
Capri Global Capital Limited,Finance,100
Jain Resource Recycling Limited,Diversified Metals,100
Page Industries Ltd,Textiles and Apparels,100
Premier Energies Ltd,Electrical Equipment,100
Tata Chemicals Limited,Chemicals & Petrochemicals,100
Vijaya Diagnostic Centre Ltd.,Healthcare Services,100
EIH Limited,Leisure Services,99
EQ - POWER GRID CORPORATION OF INDI,Power,99
Grindwell Norton Limited,Industrial Products,99
IRB Infrastructure Developers Limited,Construction,99
LARSEN & TOUBRO LTD,Construction,99
MAHINDRA & MAHINDRA LTD,Automobiles,99
MANKIND PHARMA LTD,Pharmaceuticals and Biotechnology,99
Ujjivan Small Finance Bank Ltd,Banks,99
Union Bank Of India,Banks,99
Westlife Foodworld Limited,Leisure Services,99
Aavas Financiers Limited,Finance,98
BHARTI AIRTEL LTD,Telecom - Services,98
Equitas Small Finance Bank Ltd.,Banks,98
HDFC Life Insurance Co Limited,Insurance,98
KEI Industries Ltd,Industrial Products,98
Milky Mist Dairy Food Limited,Food Products,98
MINDSPACE BUSINESS PARKS REIT,Units of Real Estate Investment Trust (REITs),98
SJVN Ltd.,Power,98
SKF India Ltd.,Auto Components,98
TVS Motor Company Ltd,Automobiles,98
Zen Technologies Limited,Aerospace & Defense,98
Aether Industries Limited,Chemicals & Petrochemicals,97
Allied Blenders And Distillers Ltd.,Beverages,97
EQ - LARSEN & TOUBRO LTD.,Construction,97
K.P.R. Mill Ltd,Textiles & Apparels,97
Mrs Bectors Food Specialities Ltd,Food Products,97
TITAGARH RAIL SYSTEMS LIMITED,Industrial Manufacturing,97
Cartrade Tech Ltd.,Retailing,96
Ge Vernova T&D India Ltd.,Electrical Equipment,96
ITC Hotels Ltd.,Leisure Services,96
Mahindra & Mahindra Financial Serv Ltd.,Finance,96
Sedemac Mechatronics Ltd.,Auto Components,96
Shyam Metalics and Energy Ltd.,Industrial Products,96
TATA CONSULTANCY SERVICES LTD.,IT - Software,96
Thyrocare Technologies Ltd.,Healthcare Services,96
Vodafone Idea Ltd,Telecom - Services,96
ICICI Lombard General Insurance Co Ltd,Insurance,95
International Gemological Institute Limited,Commercial Services & Supplies,95
Multi Commodity Exchange Of India Ltd,Capital Markets,95
NCC Ltd.,Construction,95
Paradeep Phosphates Ltd.,Fertilizers & Agrochemicals,95
SBFC Finance Limited,Finance,95
SPR Auto Technologies Ltd.,Auto Components,95
Steel Authority Of India Ltd.,Ferrous Metals,95
Tata Investment Corporation Ltd.,Finance,95
TORRENT PHARMACEUTICALS LTD.,Pharmaceuticals and Biotechnology,95
Waaree Energies Limited,Electrical Equipment,95
Aptus Value Housing Finance India Ltd,Finance,94
Bharat Petroleum Corporation Ltd,Petroleum Products,94
Canara HSBC Life Insurance company Ltd,Insurance,94
DCB Bank Limited,Banks,94
Fortis Healthcare India Ltd,Healthcare Services,94
Lemon Tree Hotels Ltd.,Leisure Services,94
LENSKART SOLUTIONS LIMITED,Retailing,94
NIPPON LIFE INDIA ASSET MANAGEMENT LTD,CAPITAL MARKETS,94
Syrma SGS Technology Ltd.,Industrial Manufacturing,94
TITAN COMPANY LTD.,Consumer Durables,94
Amagi Media Labs Ltd.,IT - Services,93
Clean Max Enviro Energy Solutions Ltd.,Power,93
Deepak Fertilizers and Petrochemicals Corporation Limited,Chemicals & Petrochemicals,93
Emcure Pharmaceuticals Ltd.,Pharmaceuticals & Biotechnology,93
ICICI Lombard General Insurance Company Ltd,Insurance,93
Inox India Limited,Industrial Products,93
PI Industries Ltd,Fertilizers & Agrochemicals,93
ADITYA BIRLA CAPITAL LTD,Finance,92
Amagi Media Labs Limited,IT - Services,92
BEML Ltd.,"Agricultural, Commercial & Construction Vehicles",92
Chambal Fertilizers & Chemicals Limited,Fertilizers & Agrochemicals,92
CreditAccess Grameen Ltd.,Finance,92
The Tata Power Company Limited,Power,92
TVS Motor Co Ltd,Automobiles,92
Usha Martin Limited,Industrial Products,92
Caplin Point Laboratories Limited,Pharmaceuticals & Biotechnology,91
Greenply Industries Ltd.,Consumer Durables,91
KALYAN JEWELLERS INDIA LIMITED,Consumer Durables,91
LT Foods Limited,Agricultural Food & other Products,91
Mahanagar Gas Ltd.,Gas,91
MTAR Technologies Ltd,Electrical Equipment,91
Saregama India Limited,Entertainment,91
Tega Industries Limited,Industrial Manufacturing,91
WeWork India Management Limited,Commercial Services & Supplies,91
AXIS BANK LTD,Banks,90
CarTrade Tech Limited,Retailing,90
Castrol India Ltd.,Petroleum Products,90
Central Depository Services (India) Ltd.,Capital Markets,90
Deepak Fertilizers and Petrochemicals Corporation Ltd.,Chemicals & Petrochemicals,90
EQ - OIL & NATURAL GAS CORPORATION,Oil,90
Eris Lifesciences Ltd.,Pharmaceuticals & Biotechnology,90
Graphite India Limited,Industrial Products,90
Hindustan Petroleum Corp. Ltd.,Petroleum Products,90
ICICI Lombard General Insurance Co Limited,Insurance,90
KOTAK MAHINDRA BANK LTD.,Banks,90
Nexus Select Trust - REIT,Realty,90
Oil & Natural Gas Corporation Ltd,Oil,90
Olectra Greentech Limited,Automobiles,90
SAGILITY INDIA LIMITED,IT - Services,90
SBFC Finance Ltd.,Finance,90
Syrma SGS Technology Ltd,Industrial Manufacturing,90
BHARAT FORGE LTD.,Auto Components,89
Canara HSBC Life Insurance Co Ltd,Insurance,89
Crompton Greaves Consumer Electrical Ltd,Consumer Durables,89
Divi's Laboratories Ltd,Pharmaceuticals & Biotechnology,89
Ge Vernova T&D India Ltd,Electrical Equipment,89
Glenmark Pharmaceuticals Ltd,Pharmaceuticals and Biotechnology,89
Granules India Ltd.,Pharmaceuticals & Biotechnology,89
Hindustan Petroleum Corporation Ltd,Petroleum Products,89
ICICI Prudential Life Insurance Company,Insurance,89
INDO-MIM LTD,Industrial Manufacturing,89
Ola Electric Mobility Ltd,Automobiles,89
PTC Industries Limited,Industrial Products,89
Restaurant Brands Asia Limited,Leisure Services,89
Senores Pharmaceuticals Limited,Pharmaceuticals & Biotechnology,89
UTI Asset Management Co Ltd,Capital Markets,89
Bata India Limited,Consumer Durables,88
Capillary Technologies India Ltd.,IT - Software,88
Indian Railway Catering And Tourism Corporation Limited,Leisure Services,88
Jindal Saw Ltd,Industrial Products,88
KSB Limited,Industrial Products,88
Kusumgar Ltd.,Textiles & Apparels,88
Mankind Pharma Ltd,Pharmaceuticals & Biotechnology,88
PTC Industries Ltd,Industrial Products,88
RBL Bank Ltd,Banks,88
RHI Magnesita India Limited,Industrial Products,88
Tube Investments Of India Ltd.,Auto Components,88
Ultratech Cement Limited,Cement & Cement Products,88
Vinati Organics Ltd.,Chemicals & Petrochemicals,88
Welspun Living Limited,Textiles & Apparels,88
ADANI PORTS AND SPECIAL ECONOMIC ZONE LTD,Transport Infrastructure,87
Adani Total Gas Ltd.,Gas,87
Asian Paints(India) Ltd.,Consumer Durables,87
Cholamandalam Financial Holdings Ltd,Finance,87
Embassy Office Parks Reit,Realty,87
EQ - INFO-EDGE (INDIA) LTD.,Retailing,87
IDBI Bank Limited,Banks,87
Manipal Health Enterprises Ltd.,Healthcare Services,87
Meesho Limited,Retailing,87
TATA MOTORS PASSENGER VEHICLES LTD,Automobiles,87
CESC Ltd,Power,86
EQ - EICHER MOTORS LTD,Automobiles,86
ICICI Lombard General Insurance Company,Insurance,86
Lumino Industries Limited,Industrial Manufacturing,86
Pine Labs Ltd,Financial Technology (Fintech),86
Tejas Networks Limited,Telecom - Equipment & Accessories,86
Titan Co Ltd,Consumer Durables,86
Vardhman Textiles Ltd.,Textiles & Apparels,86
Vedant Fashions Limited,Retailing,86
360 One Wam Ltd,Capital Markets,85
BHARAT PETROLEUM CORPORATION LTD.,Petroleum Products,85
Canara HSBC Life Insurance Co Limited,Insurance,85
EQ - BHARAT ELECTRONICS LTD.,Aerospace & Defense,85
Gujarat Pipavav Port Ltd.,Transport Infrastructure,85
HINDUSTAN PETROLEUM CORPORATION LTD.,Petroleum Products,85
Krishna Inst of Medical Sciences Ltd.,Healthcare Services,85
L&T Technology Services Limited,IT - Services,85
Laurus Labs Ltd,Pharmaceuticals and Biotechnology,85
Rainbow Children's Medicare Ltd.,Healthcare Services,85
Sai Life Sciences Ltd,Pharmaceuticals & Biotechnology,85
TATA COMMUNICATIONS LTD,Telecom - Services,85
ULTRATECH CEMENT LTD,Cement & Cement Products,85
Blue Dart Express Limited,Transport Services,84
Cemindia Projects Ltd.,Construction,84
GAIL (India) Ltd,Gas,84
Kusumgar Limited,Textiles & Apparels,84
Oil And Natural Gas Corporation Ltd.,Oil,84
R R Kabel Ltd.,Industrial Products,84
Ramkrishna Forgings Limited,Auto Components,84
Rategain Travel Technologies Ltd.,IT - Software,84
TATA CONSULTANCY SERVICES LTD,IT - Software,84
Titagarh Rail Systems Ltd.,Industrial Manufacturing,84
Asahi India Glass Ltd.,Auto Components,83
Birlasoft Ltd.,IT - Software,83
BLS International Services Limited,Leisure Services,83
Jyoti Cnc Automation Ltd,Industrial Manufacturing,83
PCBL Chemical Ltd.,Chemicals & Petrochemicals,83
PG Electroplast Ltd.,Consumer Durables,83
Tata Consumer Products Ltd,Agricultural Food & Other Products,83
BLUE STAR LTD,Consumer Durables,82
DIXON TECHNOLOGIES (INDIA) LTD,Consumer Durables,82
Fine Organic Industries Limited,Chemicals & Petrochemicals,82
G R Infraprojects Limited,Construction,82
Garden Reach Shipbuilders & Engineers Limited,Aerospace & Defense,82
GODREJ CONSUMER PRODUCTS LTD.,Personal Products,82
Godrej Industries Ltd.,Diversified,82
GSPL India Transco Ltd,Gas,82
Niva Bupa Health Insurance Company Limited,Insurance,82
Usha Martin Ltd.,Industrial Products,82
Vedanta Power Ltd.,Power,82
Aadhar Housing Finance Ltd.,Finance,81
Aditya Birla Sun Life AMC Ltd.,Capital Markets,81
Bharat Bijlee Ltd.,Electrical Equipment,81
CARE Ratings Limited,Capital Markets,81
Corona Remedies Limited,Pharmaceuticals & Biotechnology,81
Dixon Technologies India Ltd,Consumer Durables,81
Exide Industries Ltd,Auto Components,81
IRB Infrastructure Developers Ltd.,Construction,81
Mahindra & Mahindra Financial Services Ltd,Finance,81
Reliance Power Ltd.,Power,81
SBI Life Insurance Co Ltd,Insurance,81
Avenue Supermarts Ltd,Retailing,80
Devyani International Ltd.,Leisure Services,80
Elecon Engineering Company Ltd,Electrical Equipment,80
EQ - HINDUSTAN AERONAUTICS LTD,Aerospace & Defense,80
EQ - TATA CONSULTANCY SERVICES LTD.,IT - Software,80
Graphite India Ltd.,Industrial Products,80
HDFC Life Insurance Company Ltd,Insurance,80
Indiamart Intermesh Limited,Retailing,80
MAX Healthcare Institute Ltd,Healthcare Services,80
RAAJMARG INFRA INVESTMENT TRUST,Transport Infrastructure,80
RAINBOW CHILDRENS MEDICARE LIMITED,HEALTHCARE SERVICES,80
Redington Ltd.,Commercial Services & Supplies,80
SKF India (Industrial) Ltd.,Industrial Products,80
Sudeep Pharma Limited,Chemicals & Petrochemicals,80
WOCKHARDT LTD,Pharmaceuticals & Biotechnology,80
AstraZeneca Pharma India Limited,Pharmaceuticals & Biotechnology,79
Authum Investment & Infrastructure Ltd.,Finance,79
Bansal Wire Industries Limited,Industrial Products,79
BIKAJI FOODS INTERNATIONAL LIMITED,Food Products,79
CarTrade Tech Ltd.,Retailing,79
COFORGE Ltd.,It - Software,79
Elecon Engineering Company Ltd.,Electrical Equipment,79
EQ - BAJAJ FINANCE LTD.,Finance,79
EQ - INTERGLOBE AVIATION LTD,Transport Services,79
EQ - SUN PHARMACEUTICALS INDUSTRIES,Pharmaceuticals & Biotechnology,79
FEDERAL BANK LTD.,Banks,79
Gujarat Mineral Development Corporation Ltd.,Minerals & Mining,79
HBL Engineering Limited,Industrial Products,79
Jubilant Ingrevia Ltd.,Chemicals & Petrochemicals,79
Juniper Green Energy Limited,Power,79
Latent View Analytics Limited,IT - Software,79
Concord Biotech Ltd.,Pharmaceuticals & Biotechnology,78
Emmvee Photovoltaic Power Ltd.,Electrical Equipment,78
Finolex Cables Ltd.,Industrial Products,78
Hindustan Unilever Ltd,Diversified FMCG,78
Indian Railway Catering and Tourism Corporation Ltd.,Leisure Services,78
INDUS TOWERS LTD,Telecom - Services,78
Lumax Auto Technologies Ltd.,Auto Components,78
Onemi Technology Solutions Limited,Finance,78
polycab India Limited,Industrial Products,78
Power Grid Corporation of India Ltd,Power,78
ZF COMMERCIAL VEHICLE CONTROL SYSTEMS INDIA LTD,Auto Components,78
Aavas Financiers Ltd,Finance,77
Aegis Logistics Limited,Gas,77
Bajaj Housing Finance Limited,Finance,77
Eicher Motors Ltd,Automobiles,77
Jupiter Life Line Hospitals Limited,Healthcare Services,77
Kalyan Jewellers India Ltd,Consumer Durables,77
Netweb Technologies India Ltd.,IT - Services,77
PNC Infratech Ltd.,Construction,77
Power Finance Corporation Ltd,Finance,77
Radico Khaitan Ltd,Beverages,77
SHRIRAM FINANCE LTD,Finance,77
SJVN Limited,Power,77
Techno Electric & Engineering Company Ltd.,Construction,77
Zydus Wellness Ltd,Food Products,77
Anupam Rasayan India Limited,Chemicals & Petrochemicals,76
Aster DM Healthcare Ltd,Healthcare Services,76
BHARAT HEAVY ELECTRICALS LTD,Electrical Equipment,76
Birla Corporation Limited,Cement & Cement Products,76
Black Buck Ltd,Transport Services,76
Blue Jet Healthcare Ltd,Pharmaceuticals & Biotechnology,76
Brigade Enterprises Ltd,Realty,76
Clean Max Enviro Energy Solutions Limited,Power,76
CUMMINS INDIA LTD,Industrial Products,76
Ethos Ltd.,Consumer Durables,76
FIVE-STAR BUSINESS FINANCE LIMITED,Finance,76
Go Digit General Insurance Ltd,Insurance,76
IndusInd Bank Limited ^^^,Banks,76
JK Tyre & Industries Limited,Auto Components,76
Mahindra Lifespace Developers Ltd.,Realty,76
MedPlus Health Services Limited,Retailing,76
Poonawalla Fincorp Ltd.,Finance,76
Shadowfax Technologies Ltd,Transport Services,76
Sundram Fasteners Ltd.,Auto Components,76
Tata Capital Ltd.,Finance,76
V-Mart Retail Ltd.,Retailing,76
Archean Chemical Industries Limited,Chemicals & Petrochemicals,75
Indian Railway Finance Corporation Limited,Finance,75
MARUTI SUZUKI INDIA LTD,Automobiles,75
Natco Pharma Ltd.,Pharmaceuticals & Biotechnology,75
Solar Industries India Ltd,Chemicals & Petrochemicals,75
AXIS BANK LIMITED,BANKS,74
BELRISE INDUSTRIES LIMITED,Auto Components,74
Birla Corporation Ltd.,Cement & Cement Products,74
C.E. INFO SYSTEMS LIMITED,IT - SOFTWARE,74
CRAFTSMAN AUTOMATION LIMITED,Auto Components,74
Diamond Power Infrastructure Ltd.,Electrical Equipment,74
EQ - AUROBINDO PHARMA LTD.,Pharmaceuticals & Biotechnology,74
EQ - FEDERAL BANK LTD.,Banks,74
EQ - LTM Limited,IT - Software,74
EQ - SHRIRAM FINANCE LTD,Finance,74
Force Motors Limited,Automobiles,74
Fusion Finance Limited,Finance,74
GSPL Transmission Ltd. A,Gas,74
HDFC BANK LIMITED,BANKS,74
ICICI BANK LIMITED,BANKS,74
INFOSYS LIMITED,IT - SOFTWARE,74
Juniper Green Energy Ltd.,Power,74
KOTAK MAHINDRA BANK LIMITED,BANKS,74
Mrs. Bectors Food Specialities Ltd,Food Products,74
Niva Bupa Health Insurance Company Ltd.,Insurance,74
POWERICA LIMITED,ELECTRICAL EQUIPMENT,74
RELIANCE INDUSTRIES LIMITED,PETROLEUM PRODUCTS,74
Sudarshan Chemical Industries Limited,Chemicals & Petrochemicals,74
TATA CONSULTANCY SERVICES LIMITED,IT - SOFTWARE,74
Tube Investments Of India Limited,Auto Components,74
VISHAL MEGA MART LIMITED,Retailing,74
ADANI ENTERPRISES LTD,Metals & Minerals Trading,73
Aditya Birla Fashion and Retail Ltd.,Retailing,73
Bank Of Maharashtra,Banks,73
DELHIVERY LTD,Transport Services,73
Dr Agarwals Health Care Limited,Healthcare Services,73
EQ - NTPC LTD.,Power,73
KNR Constructions Limited,Construction,73
Medi Assist Healthcare Services Limited,Insurance,73
Nuvoco Vistas Corporation Limited,Cement & Cement Products,73
Samhi Hotels Ltd.,Leisure Services,73
Sudeep Pharma Ltd.,Chemicals & Petrochemicals,73
Time Technoplast Limited,Industrial Products,73
V-Mart Retail Limited,Retailing,73
ZEN TECHNOLOGIES LIMITED,AEROSPACE & DEFENSE,73
Adani Total Gas Limited,Gas,72
ASTER DM HEALTHCARE LTD,Healthcare Services,72
Avalon Technologies Limited,Electrical Equipment,72
BHARTI AIRTEL LIMITED,TELECOM - SERVICES,72
BILLIONBRAINS GARAGE VENTURES LIMITED (GROWW),Capital Markets,72
Campus Activewear Ltd.,Consumer Durables,72
CANARA BANK,Banks,72
EQ - AJANTA PHARMA LTD.,Pharmaceuticals & Biotechnology,72
EQ - VEDANTA ALUMINIUM METAL LTD.,Non - Ferrous Metals,72
ETERNAL LTD,Retailing,72
GODREJ PROPERTIES LTD,Realty,72
Ingersoll Rand (India) Limited,Industrial Products,72
INTERGLOBE AVIATION LIMITED,TRANSPORT SERVICES,72
KRN Heat Exchanger And Refrigeration Limited,Industrial Products,72
Metropolis Healthcare Ltd,Healthcare Services,72
Neogen Chemicals Limited,Chemicals & Petrochemicals,72
Rainbow Childrens Medicare Ltd,Healthcare Services,72
Safari Industries (India) Ltd,Consumer Durables,72
TD Power Systems Ltd,Electrical Equipment,72
Timken India Ltd,Industrial Products,72
Turtlemint Fintech Solutions Limited,Financial Technology (Fintech),72
EQ - CROMPTON GREAVES CONSUMER ELEC,Consumer Durables,71
EQ - HDFC LIFE INSURANCE COMPANY LI,Insurance,71
EQ ICICI BANK LTD,BANKS,71
EQ INFOSYS LTD.,SOFTWARE,71
Gravita India Limited,Minerals & Mining,71
Himadri Speciality Chemical Ltd.,Chemicals & Petrochemicals,71
HINDUSTAN UNILEVER LTD,Diversified FMCG,71
Ingersoll Rand (India) Ltd.,Industrial Products,71
PUNJAB NATIONAL BANK,Banks,71
REC Ltd,Finance,71
Sagar Cements Ltd.,Cement & Cement Products,71
Senco Gold Limited,Consumer Durables,71
Action Construction Equipment Limited,"Agricultural, Commercial & Construction Vehicles",70
Adani Enterprises Ltd,Metals and Minerals Trading,70
Azad Engineering Ltd.,Electrical Equipment,70
Coromandel International Ltd,Fertilizers & Agrochemicals,70
Dr. Lal Path Labs Ltd,Healthcare Services,70
EQ - DR REDDYS LABORATORIES LTD.,Pharmaceuticals & Biotechnology,70
EQ - GLENMARK PHARMACEUTICALS LTD.,Pharmaceuticals & Biotechnology,70
EQ - INDUSIND BANK,Banks,70
EQ - PHOENIX MILLS LTD,Realty,70
Escorts Kubota Ltd.,"Agricultural, Commercial & Construction Vehicles",70
GRAPHITE INDIA LTD,Industrial Products,70
Horizon Industrial Parks Limited,Realty,70
INDEGENE LIMITED,HEALTHCARE SERVICES,70
India Shelter Finance Corporation Limited,Finance,70
IndusInd Bank Ltd,Banks,70
JSW Energy Ltd,Power,70
Kirloskar Brothers Ltd.,Industrial Products,70
NMDC Steel Ltd.,Ferrous Metals,70
REDINGTON LIMITED,COMMERCIAL SERVICES & SUPPLIES,70
SCHNEIDER ELECTRIC INFRASTRUCTURE LTD.,Electrical Equipment,70
Supreme Petrochem Ltd.,Chemicals & Petrochemicals,70
Tega Industries Ltd.,Industrial Manufacturing,70
UPL LIMITED,FERTILIZERS & AGROCHEMICALS,70
Vedanta Power Ltd,Power,70
Zydus Wellness Ltd.,Food Products,70
Alkem Laboratories Ltd,Pharmaceuticals & Biotechnology,69
BANK OF INDIA,Banks,69
CHOLAMANDALAM INVESTMENT AND FINANCE COMPANY LTD.,Finance,69
CIE Automotive India Limited,Auto Components,69
Dr. Lal Path Labs Ltd.,Healthcare Services,69
EQ - ADANI ENTERPRISES LTD.,Metals & Minerals Trading,69
EQ - BHARAT PETROLEUM CORPN LTD.,Petroleum Products,69
EQ - MPHASIS LTD,IT - Software,69
EQ - SAMVARDHANA MOTHERSON INTL LTD,Auto Components,69
Indus Towers Ltd,Telecom - Services,69
JSW Steel Ltd,Ferrous Metals,69
Mangalore Refinery and Petrochemicals Ltd.,Petroleum Products,69
Mazagon Dock Shipbuilders Ltd,Industrial Manufacturing,69
Metro Brands Ltd.,Consumer Durables,69
REC LTD,Finance,69
SUN PHARMACEUTICAL INDUSTRIES LTD,Pharmaceuticals & Biotechnology,69
VEDANTA ALUMINIUM METAL LTD,Non - Ferrous Metals,69
Anant Raj Limited,Realty,68
BHARAT PETROLEUM CORPORATION LTD,Petroleum Products,68
CG Power and Industrial Solutions Ltd,Electrical Equipment,68
Chemplast Sanmar Ltd,Chemicals & Petrochemicals,68
EQ - CIPLA LTD.,Pharmaceuticals & Biotechnology,68
EQ - HCL TECHNOLOGIES LTD.,IT - Software,68
EQ - POLYCAB INDIA LTD,Industrial Products,68
Gallantt Ispat Limited,Industrial Products,68
Intellect Design Arena Ltd.,IT - Software,68
KNR Constructions Ltd.,Construction,68
La Opala RG Limited,Consumer Durables,68
LARSEN & TOUBRO LIMITED,CONSTRUCTION,68
Lloyds Metals And Energy Ltd.,Minerals & Mining,68
NMDC Steel Limited,Ferrous Metals,68
S.J.S. ENTERPRISES LIMITED EQ,AUTO COMPONENTS,68
Sun TV Network Ltd.,Entertainment,68
TATA Capital Ltd.,Finance,68
The South Indian Bank Limited,Banks,68
ATHER ENERGY LTD,Automobiles,67
Capital Infra Trust,Construction,67
EQ - ETERNAL LIMITED,Retailing,67
EQ - TATA MOTORS LTD,"Agricultural, Commercial & Construction Vehicles",67
HBL Engineering Ltd.,Industrial Products,67
INDIA CEMENTS LTD,Cement & Cement Products,67
J.K. Cement Ltd,Cement & Cement Products,67
Leap India Limited,Commercial Services & Supplies,67
Ola Electric Mobility Ltd.,Automobiles,67
Orkla India Limited,Food Products,67
SKY GOLD AND DIAMONDS LIMITED,CONSUMER DURABLES,67
The India Cements Ltd.,Cement & Cement Products,67
Wakefit Innovations Limited,Consumer Durables,67
Zen Technologies Ltd.,Aerospace & Defense,67
ABBOTT INDIA LTD,Pharmaceuticals & Biotechnology,66
AMBUJA CEMENTS LTD,Cement & Cement Products,66
BHARAT FORGE LTD,Auto Components,66
C.E. Info Systems Limited,IT - Software,66
CSB Bank Ltd,Banks,66
GLOBAL HEALTH LIMITED,Healthcare Services,66
Grasim Industries Ltd,Cement & Cement Products,66
JINDAL STEEL LTD,Ferrous Metals,66
JK Lakshmi Cement Ltd.,Cement,66
Jyothy Labs Ltd,Household Products,66
Kotak Liquid Direct Growth,Mutual Fund,66
LEAP India Limited,Commercial Services & Supplies,66
Medplus Health Services Ltd,Retailing,66
NTPC Green Energy Ltd.,Power,66
POWERGRID Infrastructure Investment Trust,Power,66
Prudent Corporate Advisory Services Ltd.,Capital Markets,66
Stylam Industries Limited,Consumer Durables,66
Techno Electric & Engineering Co. Ltd.,Construction,66
Tempsens Instruments (India) Limited,Industrial Manufacturing,66
UNITED SPIRITS LIMITED,BEVERAGES,66
UNO MINDA LIMITED,AUTO COMPONENTS,66
DCM Shriram Limited,Diversified,65
EQ - TATA STEEL LTD.,Ferrous Metals,65
FINOLEX CABLES LTD,Industrial Products,65
Go Digit General Insurance Limited,Insurance,65
Godrej Industries Limited,Diversified,65
Gujarat Energy Ltd,Gas,65
ITC LTD,Diversified FMCG,65
ITI Ltd.,Telecom - Equipment & Accessories,65
Manorama Industries Ltd.,Food Products,65
Minda Industries Ltd.,Auto Components,65
MphasiS Limited.,IT - Software,65
Neuland Laboratories Ltd,Pharmaceuticals & Biotechnology,65
PVR INOX Ltd.,Entertainment,65
RR Kabel Ltd.,Industrial Products,65
URBAN CLUB,Retailing,65
Waaree Energies Ltd.,Electrical Equipment,65
ACTION CONSTRUCTION EQUIPMENT LTD,"AGRICULTURAL, COMMERCIAL & CONSTRUCTION VEHICLES",64
ADITYA BIRLA CAPITAL LIMITED,FINANCE,64
ADITYA BIRLA SUN LIFE MUTUAL FUND,CAPITAL MARKETS,64
AFFLE 3I Ltd.,IT - Services,64
BlackBuck Ltd.,Transport Services,64
BLS INTERNATIONAL SERVICES LIMITED,LEISURE SERVICES,64
Colgate - Palmolive (India) Ltd.,Personal Products,64
Craftsman Automation Ltd,Auto Components,64
Deepak Nitrite Ltd,Chemicals & Petrochemicals,64
EQ - TECH MAHINDRA LTD.,IT - Software,64
GLENMARK PHARMACEUTICALS LIMITED,PHARMACEUTICALS & BIOTECHNOLOGY,64
Godawari Power And Ispat limited,Industrial Products,64
Granules India Ltd,Pharmaceuticals & Biotechnology,64
HERO MOTOCORP LTD,Automobiles,64
ICICI Lombard General Insurance Co,Insurance,64
INDIAN HOTELS CO. LTD,Leisure Services,64
ISGEC Heavy Engineering Limited,Construction,64
MOTILAL OSWAL FINANCIAL SERVICES,CAPITAL MARKETS,64
MULTI COMMODITY EXCHANGE OF IND LTD,Capital Markets,64
NARAYANA HRUDAYALAYA LIMITED,HEALTHCARE SERVICES,64
PRESTIGE ESTATES PROJECTS LTD,Realty,64
TRENT LTD,Retailing,64
Trident Limited,Textiles & Apparels,64
VARUN BEVERAGES LTD,Beverages,64
Zee Entertainment Enterprises Ltd.,Entertainment,64
APOLLO HOSPITALS ENTERPRISE LTD,Healthcare Services,63
Birlasoft Ltd,IT - Software,63
Bluestone Jewellery and Lifestyle Limited,Consumer Durables,63
EQ - DLF LTD.,Realty,63
FEDERAL BANK LTD,Banks,63
Horizon Industrial Parks Ltd.,Realty,63
Oberoi Realty Ltd,Realty,63
Praj Industries Ltd.,Industrial Manufacturing,63
Aditya Infotech Ltd.,Industrial Manufacturing,62
AMBUJA CEMENTS LTD.,Cement and Cement Products,62
Anthem Biosciences Ltd,Pharmaceuticals & Biotechnology,62
Bandhan Bank Ltd,Banks,62
BILLIONBRAINS GARAGE VENTURES LTD (GROWW),Capital Markets,62
CCL Products (India) Ltd,Agricultural Food & Other Products,62
Central Bank Of India,Banks,62
Chennai Petroleum Corporation Limited,Petroleum Products,62
CIE Automotive India Ltd.,Auto Components,62
EQ - COFORGE LTD,IT - Software,62
EQ - DABUR INDIA LTD.,Personal Products,62
EQ - JSW STEEL LTD.,Ferrous Metals,62
EQ - SBI LIFE INSURANCE COMPANY LTD,Insurance,62
Hero MotoCorp Ltd,Automobiles,62
ICICI PRUDENTIAL ASSET MANAGEMENT COMPANY LIMITED,Capital Markets,62
KFIN Technologies Ltd.,Capital Markets,62
Kirloskar Brothers Limited,Industrial Products,62
LIFE INSURANCE CORPORATION OF INDIA,Insurance,62
PNC Infratech Limited,Construction,62
Poonawalla Fincorp Ltd,Finance,62
POWER FINANCE CORPORATION LIMITED,FINANCE,62
REC LIMITED,FINANCE,62
Sona Blw Precision Forgings,Auto Components,62
Triveni Power Transmission Limited,Industrial Manufacturing,62
Action Construction Equipment Ltd.,"Agricultural, Commercial & Construction Vehicles",61
Aditya Birla Sun Life AMC Ltd,Capital Markets,61
Ami Organics Ltd,Pharmaceuticals and Biotechnology,61
ANTHEM BIOSCIENCES LTD,Pharmaceuticals and Biotechnology,61
BIOCON LTD.,Pharmaceuticals and Biotechnology,61
Cera Sanitaryware Limited,Consumer Durables,61
Cholamandalam Investment and Finance Co Limited,Finance,61
Dr. Reddy's Laboratories Ltd,Pharmaceuticals & Biotechnology,61
EQ - ULTRATECH CEMENT LTD.,Cement & Cement Products,61
INDUSIND BANK LTD,Banks,61
Jindal Saw Limited,Industrial Products,61
KALPATARU PROJECTS INTERNATIONAL LIMITED,Construction,61
Manorama Industries Limited,Food Products,61
ONE 97 COMMUNICATIONS LTD,Financial Technology (Fintech),61
PCBL Chemical Limited,Chemicals & Petrochemicals,61
Pitti Engineering Ltd.,Industrial Manufacturing,61
Reliance Power Limited,Power,61
TVS Motor Company Ltd. | Preference Shares,Automobiles,61
Adani Ports and Special Economic Zone Ltd,Transport Infrastructure,60
Affle 3i Ltd.,IT - Services,60
Bayer Cropscience Ltd.,Fertilizers & Agrochemicals,60
Corona Remedies Ltd.,Pharmaceuticals & Biotechnology,60
HDFC Asset Management Co Limited,Capital Markets,60
Ideaforge Technology Limited,Aerospace & Defense,60
Indian Renewable Energy Development Agency Limited,Finance,60
Jaiprakash Power Ventures Limited,Power,60
JIO FINANCIAL SERVICES LTD,Finance,60
JK Tyre & Industries Ltd.,Auto Components,60
Jsw Dulux Ltd.,Consumer Durables,60
KRISHNA INSTITUTE OF MEDICAL,Healthcare Services,60
Metro Brands Limited,Consumer Durables,60
Multi Commodity Exchange Of India Limited,Capital Markets,60
NLC India Ltd. (Neyveli Lignite Corporation Ltd.),Power,60
Pg Electroplast Ltd.,Consumer Durables,60
Phoenix Mills Limited,Realty,60
Phoenix Mills Ltd,Realty,60
PVR Inox Ltd.,Entertainment,60
TECH MAHINDRA LTD,IT - Software,60
Techno Electric & Engineering Company Limited,Construction,60
Thermax Ltd,Electrical Equipment,60
VA Tech Wabag Limited,Other Utilities,60
VEDANTA LTD.,Diversified Metals,60
Acme Solar Holdings Ltd.,Power,59
ADANI ENERGY SOLUTIONS LTD.,Power,59
AEGIS LOGISTICS LTD,Gas,59
Anand Rathi Wealth Ltd.,Capital Markets,59
Astrazeneca Pharma India Ltd.,Pharmaceuticals & Biotechnology,59
Blue Jet Healthcare Ltd.,Pharmaceuticals & Biotechnology,59
Divi''s Laboratories Limited,Pharmaceuticals & Biotechnology,59
Five-Star Business Finance Ltd,Finance,59
IDFC First Bank Ltd,Banks,59
Kansai Nerolac Paints Ltd.,Consumer Durables,59
Latent View Analytics Ltd.,IT - Software,59
Mastek Limited,IT - Software,59
Netweb Technologies India,It - Services,59
SAFARI INDUSTRIES (INDIA) LIMITED,Consumer Durables,59
Supreme Petrochem Limited,Chemicals & Petrochemicals,59
Travel Food Services Ltd,Leisure Services,59
UPL Ltd,Fertilizers and Agrochemicals,59
Adani Ports & Special Economic Zone,Transport Infrastructure,58
AWL Agri Business Ltd.,Agricultural Food & other Products,58
CANARA ROBECO MUTUAL FUND,CAPITAL MARKETS,58
DR. LAL PATH LABS LTD,Healthcare Services,58
eClerx Services Ltd.,Commercial Services & Supplies,58
Emami Ltd,Personal Products,58
EQ - LIC OF INDIA,Insurance,58
EQ - TUBE INVESTMENTS OF INDIA LTD,Auto Components,58
FIEM INDUSTRIES LTD,AUTO COMPONENTS,58
GE VERNOVA T&D INDIA LTD,Electrical Equipment,58
GNG ELECTRONICS LIMITED,IT - HARDWARE,58
Gujarat Gas Ltd.,Gas,58
Hatsun Agro Product Ltd.,Food Products,58
HEALTHCARE GLOBAL ENTERPRISES LTD,Healthcare Services,58
Indusind Bank Ltd.,Banks,58
INTERARCH BUILDING SOLUTIONS LIMITED,CONSTRUCTION,58
Ipca Laboratories Ltd.,Pharmaceuticals & Biotechnology,58
Kansai Nerolac Paints Limited,Consumer Durables,58
KEWAL KIRAN CLOTHING LTD,TEXTILES & APPARELS,58
KFIN Technologies Limited,Capital Markets,58
LUMAX INDUSTRIES LIMITED,AUTO COMPONENTS,58
MARICO LTD.,Agricultural Food and other Product,58
MUTHOOT FINANCE LTD,Finance,58
Orchid Pharma Limited,Pharmaceuticals & Biotechnology,58
Sammaan Capital Ltd.,Finance,58
SHANTI GOLD INTERNATIONAL LIMITED,CONSUMER DURABLES,58
Titan Co Limited,Consumer Durables,58
VIJAYA DIAGNOSTIC CENTRE LIMITED,Healthcare Services,58
VRL Logistics Ltd.,Transport Services,58
YASH HIGHVOLTAGE LTD,ELECTRICAL EQUIPMENT,58
AU Small Finance Bank Ltd,Banks,57
Au Small Finance Bank Ltd.,Banks,57
Bajaj Holdings & Investment.Ltd,Finance,57
Cochin Shipyard Ltd,Industrial Manufacturing,57
EQ - GREAT EASTERN SHIPPING CO. LTD,Transport Services,57
Finolex Industries Ltd.,Industrial Products,57
Garden Reach Shipbuilders & Engineers Ltd.,Aerospace & Defense,57
Havells India Ltd,Consumer Durables,57
JSW Dulux Ltd.,Consumer Durables,57
JYOTI CNC AUTOMATION LTD,Industrial Manufacturing,57
Pearl Global Industries Limited,Textiles & Apparels,57
POWER GRID CORPORATION OF INDIA LTD,Power,57
Sagility India Ltd,It - Services,57
Sanofi India Limited,Pharmaceuticals & Biotechnology,57
Travel Food Services Ltd.,Leisure Services,57
WAAREE ENERGIES LIMITED,Electrical Equipment,57
Affle India Ltd.,It - Services,56
Ambuja Cements Ltd,Cement & Cement Products,56
ASHOK LEYLAND LIMITED,"AGRICULTURAL, COMMERCIAL & CONSTRUCTION VEHICLES",56
CMR Green Technologies Limited,Industrial Products,56
Devyani International Ltd,Leisure Services,56
Dr Agarwal's Health Care Ltd.,Healthcare Services,56
EQ - ADITYA BIRLA CAPITAL LTD,Finance,56
EQ - GRASIM INDUSTRIES LTD.,Cement & Cement Products,56
EQ - TATA MOTORS PASSENGER VEHICLES LTD.,Automobiles,56
Gujarat Mineral Development Corporation Limited,Minerals & Mining,56
INDO-MIM Limited,Industrial Manufacturing,56
JK Cement Ltd,Cement & Cement Products,56
Jyoti CNC Automation Ltd.,Industrial Manufacturing,56
Laxmi Dental Limited,Healthcare Equipment & Supplies,56
Lemon Tree Hotels Ltd,Leisure Services,56
LIC Housing Finance Ltd,Finance,56
LT Foods Ltd.,Agricultural Food & other Products,56
Lupin Ltd,Pharmaceuticals & Biotechnology,56
Motherson Sumi Wiring India Ltd,Auto Components,56
Natco Pharma Ltd,Pharmaceuticals & Biotechnology,56
Nippon Life Asset Management Ltd,Capital Markets,56
Poly Medicure Ltd,Healthcare Equipment & Supplies,56
PTC India Limited,Power,56
RADICO KHAITAN LTD,Beverages,56
RITES Limited,Construction,56
Rolex Rings Ltd.,Auto Components,56
Rubicon Research Ltd.,Pharmaceuticals & Biotechnology,56
SBI funds Management ltd.,Capital Markets,56
Sedemac Mechatronics Ltd,Auto Components,56
Shipping Corporation Of India Limited,Transport Services,56
Star Health and Allied Insurance Company Ltd,Insurance,56
TBO Tek Ltd,Leisure Services,56
TRIVENI TURBINE LTD.,Electrical Equipment,56
AnandRathi Wealth Ltd.,Capital Markets,55
Biocon Ltd,Pharmaceuticals & Biotechnology,55
CRISIL Ltd,Finance,55
EQ - ASIAN PAINTS (INDIA) LTD.,Consumer Durables,55
EQ - EMAMI LTD.,Personal Products,55
EQ - KAJARIA CERAMICS LTD.,Consumer Durables,55
EQ - TITAN COMPANY LTD.,Consumer Durables,55
Five-Star Business Finance Limited,Finance,55
Gland Pharma Ltd,Pharmaceuticals & Biotechnology,55
Housing and Urban Development Corporation Ltd.,Finance,55
INTERGLOBE AVIATION LTD,Transport Services,55
International Gemological Institute Ltd.,Commercial Services & Supplies,55
Ircon International Ltd.,Construction,55
JK Lakshmi Cement Ltd,Cement & Cement Products,55
JM Financial Limited,Finance,55
Jupiter Wagons Limited,Industrial Manufacturing,55
Lumax Auto Technologies Limited,Auto Components,55
Microsoft Corp,Systems Software,55
OPTIEMUS INFRACOM LIMITED,Telecom - Equipment & Accessories,55
Rural Electrification Corporation Ltd.,Finance,55
Sarda Energy & Minerals Ltd.,Ferrous Metals,55
Uno Minda Ltd,Auto Components,55
V2 Retail Limited,Retailing,55
Zaggle Prepaid Ocean Services Limited,IT - Services,55
ASHOK LEYLAND LTD,"Agricultural, Commercial & Construction Vehicles",54
Avanti Feeds Ltd.,Food Products,54
Bajaj Electricals Ltd.,Consumer Durables,54
Computer Age Management Services Ltd,Capital Markets,54
CREDITACCESS GRAMEEN LIMITED,FINANCE,54
EQ - SWIGGY LTD,Retailing,54
EQ - TATA CONSUMER PRODUCTS LTD,Agricultural Food & other Products,54
ESDS Software Solution Ltd,Miscellaneous,54
Federal Bank Limited,Banks,54
FORTIS HEALTHCARE LTD,Healthcare Services,54
Garware Hi-Tech Films Limited,Industrial Products,54
GSPL Transmission Ltd,Gas,54
HDFC Asset Management Co Ltd,Capital Markets,54
HDFC Life Insurance Co Ltd,Insurance,54
IDBI Bank Ltd.,Banks,54
Info Edge India Ltd,Retailing,54
KIRLOSKAR OIL ENGINES LTD,INDUSTRIAL PRODUCTS,54
Max Estates Limited,Realty,54
MRS Bectors Food Specialities Ltd.,Food Products,54
NTPC Ltd. (Covered call) $$,Power,54
OnEMI Technology Solutions Limited,Finance,54
PI INDUSTRIES LTD,Fertilizers & Agrochemicals,54
Rate Gain Travel Technologies Ltd,It - Software,54
Reliance Industries Limited 29/09/2026,Petroleum Products,54
TECHNO ELECTRIC & ENGINEERING COMPANY LI,Construction,54
THE RAMCO CEMENTS LTD,Cement & Cement Products,54
UNO MINDA LTD,Auto Components,54
VOLTAS LTD,Consumer Durables,54
Astra Microwave Products Ltd.,Aerospace & Defense,53
Atlanta Electricals Limited,Electrical Equipment,53
EQ - SUZLON ENERGY LTD.,Electrical Equipment,53
Escorts Kubota Ltd,"Agricultural, Commercial & Construction Vehicles",53
Eureka Forbes Ltd.,Consumer Durables,53
HDFC LIFE INSURANCE CO. LTD,Insurance,53
HITACHI ENERGY INDIA LTD.,Electrical Equipment,53
Housing and Urban Development Corp. Ltd.,Finance,53
IFCI Ltd.,Finance,53
Krishna Institute of Medical Science Ltd,Healthcare Services,53
Polycab India Ltd,Industrial Products,53
Shilpa Medicare Limited,Pharmaceuticals & Biotechnology,53
Signatureglobal (India) Ltd.,Realty,53
TATA STEEL LTD,Ferrous Metals,53
Torrent Power Ltd,Power,53
Uno Minda Limited,Auto Components,53
Affle 3i Ltd,IT - Services,52
Anirit Ventures Ltd,Textiles & Apparels,52
APTUS VALUE HOUSING FINANCE,Finance,52
Bikaji Foods International Ltd,Food Products,52
Dr.Reddy's Laboratories Ltd.,Pharmaceuticals and Biotechnology,52
EMMVEE PHOTOVOLTAIC POWER LIMITED,Electrical Equipment,52
EQ - NESTLE INDIA LTD.,Food Products,52
EQ HDFC BANK LTD.,BANKS,52
FIRSTSOURCE SOLUTIONS LTD,Commercial Services & Supplies,52
Five Star Business Finance Ltd.,Finance,52
GLAXOSMITHKLINE PHARMACEUTICALS LTD,Pharmaceuticals & Biotechnology,52
HAVELLS INDIA LTD,Consumer Durables,52
Indian Renewable Energy Development Agency Ltd.,Finance,52
Jtekt India Limited,Auto Components,52
Knack Packaging Limited,Industrial Products,52
Kwality Wall’s (India) Limited,Food Products,52
Laser Power And Infra Limited,Industrial Products,52
Manipal Health Enterprises Limited,Healthcare Services,52
Medi Assist Healthcare Services Ltd,Insurance,52
Molbio Diagnostics Limited,Healthcare Equipment & Supplies,52
Nestle India Ltd,Food Products,52
Newgen Software Technologies Ltd.,IT - Software,52
Ola Electric Mobility Limited,Automobiles,52
PI INDUSTRIES LIMITED,FERTILIZERS & AGROCHEMICALS,52
Prestige Estates Projects Ltd,Realty,52
RAINBOW CHILDRENS MEDICARE LTD,Healthcare Services,52
Sagility Ltd,IT - Services,52
Sandhar Technologies Limited,Auto Components,52
Skyways Air Services Ltd,Transport Services,52
Star Health & Allied Insurance Co. Ltd.,Insurance,52
SUN PHARMACEUTICAL INDUSTRIES LIMITED,PHARMACEUTICALS & BIOTECHNOLOGY,52
SUPREME INDUSTRIES LIMITED,INDUSTRIAL PRODUCTS,52
Teamlease Services Ltd.,Commercial Services & Supplies,52
The New India Assurance Company Ltd,Insurance,52
Aegis Logistics Ltd.,Gas,51
BAJAJ FINANCE LTD,Finance,51
Caplin Point Laboratories Ltd.,Pharmaceuticals & Biotechnology,51
Choice International Limited,Finance,51
Dr Reddys Laboratories Limited,Pharmaceuticals & Biotechnology,51
EQ - ADANI PORTS AND SPECIAL ECONO,Transport Infrastructure,51
EQ - INDUS TOWERS LIMITED,Telecom - Services,51
EQ - PB FINTECH LTD,Financial Technology (Fintech),51
Gateway Distriparks Ltd.,Transport Services,51
GMM Pfaudler Limited,Industrial Manufacturing,51
GMR AIRPORTS LIMITED,Transport Infrastructure,51
Jindal Steel Limited.,Ferrous Metals,51
JSW STEEL LTD,Ferrous Metals,51
Jubilant Pharmova Ltd.,Pharmaceuticals & Biotechnology,51
One Source Specialty Pharma Ltd,Pharmaceuticals & Biotechnology,51
Pricol Limited,Auto Components,51
Prime Focus Limited,Entertainment,51
PTC INDUSTRIES LIMITED,Industrial Products,51
Ratnamani Metals & Tubes Limited,Industrial Products,51
RHI Magnesita India Ltd.,Industrial Products,51
Sammaan Capital Limited,Finance,51
SAPPHIRE FOODS INDIA LIMITED,Leisure Services,51
Tata Power Co Limited,Power,51
The Great Eastern Shipping Company Ltd.,Transport Services,51
Trident Ltd.,Textiles & Apparels,51
TVS Motor Co Limited,Automobiles,51
VIYASH SCIENTIFIC LTD,Pharmaceuticals and Biotechnology,51
Altius Telecom Infrastructure Trust,Units of Infrastructure Investment Trusts,50
BROOKFIELD INDIA REAL ESTATE TRUST,Realty,50
C.E.Info Systems Ltd.,It - Software,50
Central Mine Planning & Design Institute Limited,Commercial Services & Supplies,50
Chalet Hotels Ltd,Leisure Services,50
Cholamandalam Investment and Finance Company Ltd (CCD),Finance,50
Crompton Greaves Consumer Elec. Ltd.,Consumer Durables,50
EQ - BAJAJ AUTO LTD.,Automobiles,50
FSN E-Commerce Ventures Ltd,Retailing,50
Happy Forgings Ltd.,Industrial Products,50
HINDUSTAN AERONAUTICS LTD,Aerospace & Defense,50
Jaiprakash Power Ventures Ltd.,Power,50
LATENT VIEW ANALYTICS LIMITED,IT - Software,50
MARICO LTD,Agricultural Food & other Products,50
Mas Financial Services Limited,Finance,50
Mindspace Business Parks REIT,Realty,50
MULTI COMMODITY EXCHANGE OF INDIA LTD.,CAPITAL MARKETS,50
Orient Electric Limited,Consumer Durables,50
Procter & Gamble Hygiene and Health Care Ltd.,Personal Products,50
Seshaasai Technologies Limited,Financial Technology (Fintech),50
Shakti Pumps (India) Limited,Industrial Products,50
Smartworks Coworking Spaces Ltd,Commercial Services & Supplies,50
SML Mahindra Ltd.,"Agricultural, Commercial & Construction Vehicles",50
SYRMA SGS TECHNOLOGY LIMITED,Industrial Manufacturing,50
TATA MOTORS LIMITED,"AGRICULTURAL, COMMERCIAL & CONSTRUCTION VEHICLES",50
TORRENT POWER LTD,Power,50
TVS Holdings Ltd.,Finance,50
Viyash Scientific Limited,Pharmaceuticals & Biotechnology,50
Westlife Foodworld Ltd,Leisure Services,50
ADANI ENTERPRISES LIMTIED,Metals & Minerals Trading,49
Ashoka Buildcon Ltd.,Construction,49
AVALON TECHNOLOGIES LIMITED,Electrical Equipment,49
Bank Of India,Banks,49
BLUE STAR LTD.,Consumer Durables,49
Canara HSBC Life Insurance Co.Ltd.,Insurance,49
Ellenbarrie Industrial Gases Limited,Chemicals & Petrochemicals,49
EQ - HAVELLS INDIA LTD.,Consumer Durables,49
EQ - MARICO LTD,Agricultural Food & other Products,49
EQ - TRENT LIMITED,Retailing,49
Gujarat Energy Limited,Gas,49
Hindalco Industries Limited September 2026 Future,Non - Ferrous Metals,49
HINDALCO INDUSTRIES LTD,Non - Ferrous Metals,49
INDIAN OIL CORPORATION LTD.,Petroleum Products,49
L&T Technology Services Ltd,IT - Services,49
LIC HOUSING FINANCE LTD.,Finance,49
NTPC GREEN ENERGY LIMITED,Power,49
Orient Refractories Ltd.,Industrial Products,49
P I Industries Ltd,Fertilizers and Agrochemicals,49
RITES LIMITED,Construction,49
Suprajit Engineering Ltd.,Auto Components,49
The Jammu & Kashmir Bank Ltd.,Banks,49
Vesuvius India Limited,Industrial Products,49
Ahluwalia Contracts (India) Limited,Construction,48
Amara Raja Batteries Ltd,Auto Components,48
Aster DM Healthcare Limited,Healthcare Services,48
ASTRAL LIMITED,INDUSTRIAL PRODUCTS,48
Bosch Home Comfort India Limited,Consumer Durables,48
Capital Infra Trust InvIT,Units of Infrastructure Investment Trusts,48
Capri Global Capital Ltd.,Finance,48
DCM Shriram Ltd.,Diversified,48
Dhanuka Agritech Limited,Fertilizers & Agrochemicals,48
EMAMI LTD,Personal Products,48
EQ - BLUE STAR LIMITED,Consumer Durables,48
EQ - MAX FINANCIAL SERVICES LTD.,Insurance,48
EQ AXIS BANK LTD.,BANKS,48
EQ SUN PHARMACEUTICALS INDUSTRIES LTD.,PHARMACEUTICALS,48
ETHOS LTD.,Consumer Durables,48
Ganesha Ecosphere Limited,Textiles & Apparels,48
Godrej Properties Ltd,Realty,48
GRAVITA INDIA LIMITED,Minerals & Mining,48
Gravita India Ltd.,Minerals & Mining,48
Gujarat Narmada Valley Fertilizers and Chemicals Ltd.,Chemicals & Petrochemicals,48
Indiqube Spaces Limited,Commercial Services & Supplies,48
INDUS INFRA TRUST,Transport Infrastructure,48
International Gemmological Institute (India) Ltd.,Commercial Services & Supplies,48
MAX FINANCIAL SERVICES LTD,Insurance,48
PAGE INDUSTRIES LTD,Textiles & Apparels,48
PG ELECTROPLAST LTD,Consumer Durables,48
Piramal Pharma Ltd,Pharmaceuticals & Biotechnology,48
POLYCAB INDIA LTD,Industrial Products,48
SAI LIFE SCIENCES LIMITED,Pharmaceuticals and Biotechnology,48
SAREGAMA India Ltd.,Entertainment,48
SENCO GOLD LIMITED,CONSUMER DURABLES,48
Sun Pharmaceutical Industries Ltd. (Covered call) $$,Pharmaceuticals & Biotechnology,48
TATA Motors Ltd,"Agricultural, Commercial & Construction Vehicles",48
THE INDIAN HOTELS COMPANY LIMITED,LEISURE SERVICES,48
THE PHOENIX MILLS LTD,Realty,48
TIPS MUSIC LIMITED,Entertainment,48
V.S.T Tillers Tractors Ltd,"Agricultural, Commercial and Constr",48
Wakefit Innovations Ltd.,Consumer Durables,48
Aditya Birla Sun Life Amc Ltd.,Capital Markets,47
Aequs Limited,Aerospace & Defense,47
Ahluwalia Contracts (India) Ltd.,Construction,47
AU SMALL FINANCE BANK LTD.,Banks,47
BAJAJ FINSERV LTD,Finance,47
Bombay Burmah Trading Corporation Limited,Food Products,47
Citius Transnet Investment Trust,Transport Infrastructure,47
Clean Science & Technology Ltd.,Chemicals & Petrochemicals,47
Dr Agarwal's Health Care Ltd,Healthcare Services,47
Engineers India Ltd,Construction,47
EQ - BAJAJ FINSERV LTD.,Finance,47
EQ - BRIGADE ENTERPRISES LTD.,Realty,47
EQ - HINDUSTAN UNILEVER LTD,Diversified FMCG,47
EQ - ORACLE FINANCIAL SERVICES SOFT,IT - Software,47
EQ - VARUN BEVERAGES LTD,Beverages,47
EQ BHARTI AIRTEL LTD.,TELECOM - SERVICES,47
Godawari Power & Ispat Ltd.,Industrial Products,47
GSPL Transmission Limited,Gas,47
HDFC ASSET MANAGEMENT COMPANY LTD.,Capital Markets,47
HEG Ltd.,Industrial Products,47
HFCL Ltd.,Telecom - Services,47
IDFC FIRST BANK LTD,Banks,47
IIFL Finance Ltd.,Finance,47
LTIMindtree Ltd.,It - Software,47
MPHASIS LTD,IT - Software,47
MULTI COMMODITY EXCHANGE OF INDIA LIMITED,Capital Markets,47
Nava Limited,Power,47
NTPC Green Energy Ltd,Power,47
Tata Teleservices (Maharashtra) Limited,Telecom - Services,47
Tempsens Instruments (India) Ltd.,Industrial Manufacturing,47
TITAN COMPANY LTD,Consumer Durables,47
ABB India Ltd,Electrical Equipment,46
Aye Finance Limited,Finance,46
Blue Star Ltd,Consumer Durables,46
Can Fin Homes Ltd,Finance,46
Clean Science & Technology Ltd,Chemicals & Petrochemicals,46
Diamond Power Infra Limited,Electrical Equipment,46
Dodla Dairy Ltd.,Food Products,46
EQ - ASTRAL LTD.,Industrial Products,46
EQ - P I INDUSTRIES LTD,Fertilizers & Agrochemicals,46
Eureka Forbes Ltd,Consumer Durables,46
Force Motors Ltd,Automobiles,46
Indian Railway Catering & Tourism Corp,Leisure Services,46
Jyothy Labs Limited,Household Products,46
Molbio Diagnostics Ltd.,Healthcare Equipment & Supplies,46
OIL INDIA LTD,Oil,46
Orient Electric Ltd.,Consumer Durables,46
Pricol Ltd.,Auto Components,46
PVR LIMITED,Entertainment,46
Saatvik Green Energy Limited,Electrical Equipment,46
Sanofi Consumer Healthcare India Ltd.,Pharmaceuticals & Biotechnology,46
Tata Motors Passenger Vehicles Ltd,Automobiles,46
The Ramco Cements Ltd,Cement & Cement Products,46
Tilaknagar Industries Limited,Beverages,46
ZF Comm. Vehicle Control Systems Ind Ltd,Auto Components,46
Ajanta Pharma Ltd,Pharmaceuticals & Biotechnology,45
Bajaj Finance Limited September 2026 Future,Finance,45
Bharti Hexacom Ltd,Telecom - Services,45
City Union Bank Ltd,Banks,45
EQ - DIXON TECHNOLOGIES (INDIA) LTD,Consumer Durables,45
EQ - ICICI LOMBARD GENERAL INSURANC,Insurance,45
EQ - TATA POWER COMPANY LTD.,Power,45
Federal Bank Ltd,Banks,45
GABRIEL INDIA LIMITED,Auto Components,45
GODREJ INDUSTRIES LTD,Diversified,45
GODREJ PROPERTIES LIMITED,Realty,45
HDFC Bank Limited September 2026 Future,Banks,45
Indian Railway Catering & Tourism Corporation Ltd.,Leisure Services,45
INDO COUNT INDUSTRIES LIMITED,Textiles & Apparels,45
Lodha Developers Ltd,Realty,45
Mrs. Bectors Food Specialities Ltd.,Food Products,45
National Securities Depository Limited,Capital Markets,45
NESTLE INDIA LTD,Food Products,45
PARADEEP PHOSPHATES LIMITED,Fertilizers & Agrochemicals,45
Prime Focus Ltd.,Entertainment,45
Reliance Industries Limited September 2026 Future,Petroleum Products,45
TML COMMERCIAL VEHICLES LIMITED,"Agricultural, Commercial and Constr",45
UNO Minda Ltd,Auto Components,45
Wipro Ltd,IT - Software,45
Adani Wilmar Ltd,Agricultural Food & Other Products,44
APOLLO HOSPITALS ENTERPRISE LIMITED,HEALTHCARE SERVICES,44
ASK AUTOMOTIVE LIMITED,AUTO COMPONENTS,44
Automotive Axles Limited,Auto Components,44
Avalon Technologies Ltd.,Electrical Equipment,44
Billionbrains Garage Ventures Limited (Groww),Capital Markets,44
Brainbees Solutions Limited (FirstCry),Retailing,44
DHANUKA AGRITECH LIMITED,FERTILIZERS & AGROCHEMICALS,44
EID Parry India Ltd,Food Products,44
EQ - FORTIS HEALTHCARE LTD.,Healthcare Services,44
EQ - HINDALCO INDUSTRIES LTD.,Non - Ferrous Metals,44
EQ - METROPOLIS HEALTHCARE LTD,Healthcare Services,44
EQ- GLOBAL HEALTH LTD.,Healthcare Services,44
Equitas Small Finance Bank Ltd,Banks,44
Foseco India Limited,Chemicals & Petrochemicals,44
GARDEN REACH SHIPBUILDERS & ENGINEER LTD,Aerospace & Defense,44
Gateway Distriparks Limited,Transport Services,44
GSPL Transmission Ltd.,Gas,44
GULF OIL LUBRICANTS INDIA LIMITED,PETROLEUM PRODUCTS,44
HINDUSTAN ZINC LTD,Non - Ferrous Metals,44
ICICI LOMBARD GENERAL INSURANCE CO. LTD,Insurance,44
ICICI PRUDENTIAL ASSET MANAGEMENT COMPANY LTD,Capital Markets,44
Interglobe Aviation Limited,Transport Services,44
IRCON International Limited,Construction,44
JINDAL STAINLESS LTD,Ferrous Metals,44
Karur Vysya Bank Ltd,Banks,44
Le Travenues Technology Ltd,Leisure Services,44
LG Electronics Inc,Consumer Durables,44
NCC Ltd,Construction,44
Nuvama Wealth Management Ltd,Capital Markets,44
POWER MECH PROJECTS LIMITED,Construction,44
PRICOL LIMITED,AUTO COMPONENTS,44
RBL BANK LTD.,Banks,44
SignatureGlobal (India) Limited,Realty,44
SUPRAJIT ENGINEERING LTD,AUTO COMPONENTS,44
TVS Holdings Ltd,Finance,44
Vedanta Iron And Steel Ltd.,Ferrous Metals,44
VEDANTA LTD,Diversified Metals,44
Vertis Infrastructure Trust,Transport Infrastructure,44
Amara Raja Energy & Mobility Ltd.,Auto Components,43
Aurobindo Pharma Ltd,Pharmaceuticals & Biotechnology,43
BHARTI HEXACOM LTD.,Telecom - Services,43
BLS International Services Ltd.,Leisure Services,43
EQ - CUMMINS INDIA LTD.,Industrial Products,43
EQ - INDIAMART INTERMESH LTD,Retailing,43
EQ - PIDILITE INDUSTRIES LTD.,Chemicals & Petrochemicals,43
Hitachi Energy India Ltd,Electrical Equipment,43
IDFC FIRST BANK LIMITED,Banks,43
IFCI Limited,Finance,43
ITI Limited,Telecom - Equipment & Accessories,43
JBM Auto Limited,Auto Components,43
LG ELECTRONICS INDIA LTD.,Consumer Durables,43
MMTC Limited,Commercial Services & Supplies,43
Nesco Limited,Commercial Services & Supplies,43
Sarda Energy & Minerals Limited,Ferrous Metals,43
Sona BLW Precision Forgings Ltd,Auto Components,43
VRL Logistics Limited,Transport Services,43
6.5% Samvardhana Motherson International Ltd.,Auto Components,42
ALKEM LABORATORIES LTD,Pharmaceuticals & Biotechnology,42
ANANT RAJ LIMITED,Realty,42
Anant Raj Ltd.,Realty,42
ANGEL ONE LIMITED,Capital Markets,42
Aster DM Quality Care Ltd,Healthcare Services,42
AU SMALL FINANCE BANK LTD,Banks,42
Balkrishna Industries Ltd,Auto Components,42
BIOCON LTD,Pharmaceuticals & Biotechnology,42
Choice International Ltd.,Finance,42
Emmvee Photovoltaic Power Ltd,Electrical Equipment,42
EQ - AU SMALL FINANCE BANK LTD,Banks,42
EQ - JUBILANT FOODWORKS LTD.,Leisure Services,42
EQ - KPIT TECHNOLOGIES LTD,IT - Software,42
EQ - PERSISTENT SYSTEMS LTD.,IT - Software,42
EXIDE INDUSTRIES LTD,Auto Components,42
Gaja Alternative AMC Limited,Capital Markets,42
Gaja Alternative Asset Management Ltd,Capital Markets,42
GLENMARK PHARMACEUTICALS LTD,Pharmaceuticals & Biotechnology,42
Godrej Consumer Products Ltd,Personal Products,42
Greenply Industries Limited,Consumer Durables,42
HDFC ASSET MANAGEMENT COMPANY LTD,Capital Markets,42
ICICI Prudential Life Insurance Co Limited,Insurance,42
Inox India Ltd.,Industrial Products,42
ITC Hotels Ltd,Leisure Services,42
JNK India Limited,Industrial Manufacturing,42
JUBILANT INGREVIA LTD.,Chemicals and Petrochemicals,42
Jupiter Life Line Hospitals Ltd.,Healthcare Services,42
KSB LTD,Industrial Products,42
MOLBIO DIAGNOSTICS LIMITED,Healthcare Services,42
Multi Commodity Exchange of India Ltd,Capital Markets,42
Neogen Chemicals Ltd.,Chemicals & Petrochemicals,42
Repco Home Finance Ltd.,Finance,42
SBI FUNDS MANAGEMENT LIMITED,Capital Markets,42
Sheela Foam Ltd.,Consumer Durables,42
Shyam Metalics and Energy Limited,Industrial Products,42
Sundaram Clayton Limited,Auto Components,42
Sundram Fasteners Limited,Auto Components,42
Symbiotec Pharmalab Ltd A,Pharmaceuticals & Biotechnology,42
Tata Consultancy Services Limited 29/09/2026,IT - Software,42
Tata Consultancy Services Ltd. (Covered call) $$,It - Software,42
Tata Investment Corporation Limited,Finance,42
TATA POWER COMPANY LTD,Power,42
Tejas Networks Ltd.,Telecom - Equipment & Accessories,42
Tips Music Limited,Entertainment,42
Turtlemint Fintech Solutions Ltd.,Financial Technology (Fintech),42
TVS Motor Company Limited (Preference Share),Automobiles,42
Ultratech Cement Ltd. (Covered call) $$,Cement & Cement Products,42
Vedanta Oil and Gas Ltd.,Oil,42
VENUS PIPES & TUBES LTD,Industrial Products,42
Westlife Foodworld Ltd.,Leisure Services,42
Abbott India Ltd,Pharmaceuticals & Biotechnology,41
Axis Bank Limited September 2026 Future,Banks,41
Black Box Limited,IT - Services,41
BlueStone Jewellery & Lifestyle Ltd.,Consumer Durables,41
Brainbees Solutions Ltd,Retailing,41
CARTRADE TECH LTD,Retailing,41
Chambal Fertilisers & Chemicals Ltd.,Fertilizers & Agrochemicals,41
COAL INDIA LTD,Consumable Fuels,41
COFORGE LTD,IT - Software,41
Dynamatic Technologies Limited,Industrial Manufacturing,41
EPL Limited,Industrial Products,41
EQ - ASHOK LEYLAND LTD,"Agricultural, Commercial & Construction Vehicles",41
EQ - CHOLAMANDALAM INVESTMENT & FIN,Finance,41
EQ - DR LAL PATHLABS LTD.,Healthcare Services,41
EQ - MAHANAGAR GAS LTD.,Gas,41
EQ - SHREE CEMENT LTD.,Cement & Cement Products,41
EQ - WIPRO LIMITED,IT - Software,41
FORCE MOTORS LTD.,Automobiles,41
Gallantt Ispat Ltd.,Industrial Products,41
H.G. Infra Engineering Ltd.,Construction,41
HDFC Ltd.,Finance,41
Indian Railway Finance Corporation Ltd,Finance,41
JAMMU KASHMIR BANK LTD,Banks,41
Just Dial Limited,Retailing,41
Linde India Ltd,Chemicals & Petrochemicals,41
Mishra Dhatu Nigam Limited,Aerospace & Defense,41
ORCHID PHARMA LIMITED,Pharmaceuticals and Biotechnology,41
RailTel Corporation of India Limited,Telecom - Services,41
REC Limited.,Finance,41
Religare Enterprises Limited,Finance,41
Saregama India Ltd.,Entertainment,41
Swan Corp Ltd.,Chemicals & Petrochemicals,41
TATA CONSUMER PRODUCTS LTD,Agricultural Food & other Products,41
TeamLease Services Limited,Commercial Services & Supplies,41
The Tata Power Company Ltd.,Power,41
Titan Company Ltd,Consumer Durables,41
Transformers And Rectifiers (India) Limited,Electrical Equipment,41
Varroc Engineering Limited,Auto Components,41
Zydus Lifesciences Ltd,Pharmaceuticals & Biotechnology,41
Akums Drugs and Pharmaceuticals Limited,Pharmaceuticals & Biotechnology,40
AMBER ENTERPRISES INDIA LTD,Consumer Durables,40
Anupam Rasayan India Ltd.,Chemicals & Petrochemicals,40
BRITANNIA INDUSTRIES LTD,Food Products,40
Chambal Fertilizers & Chemicals Ltd.,Fertilizers & Agrochemicals,40
CSB Bank Limited,Banks,40
Cyient DLM Ltd.,Aerospace & Defense,40
EQ - HYUNDAI MOTOR INDIA LTD,Automobiles,40
EQ - MULTI COMMODITY EXCHANGE OF IN,Capital Markets,40
EQ - TVS MOTOR COMPANY LTD,Automobiles,40
EQ ITC LTD.,CONSUMER NON DURABLES,40
Galaxy Surfactants Limited,Chemicals & Petrochemicals,40
Ganesha Ecosphere Ltd.,Textiles & Apparels,40
Greenpanel Industries Limited,Consumer Durables,40
HCL TECHNOLOGIES LTD,IT - Software,40
HDFC ASSET MANAGEMENT COMPANY LIMITED,CAPITAL MARKETS,40
Info Edge India Ltd.,Retailing,40
JM Financial Ltd.,Finance,40
Lalithaa Jewellery Mart Ltd,Consumer Durables,40
LMW Limited,Industrial Manufacturing,40
MUTHOOT FINANCE LTD.,Finance,40
PETRONET LNG LTD,Gas,40
Power Mech Projects Limited,Construction,40
Prince Pipes and Fittings Ltd.,Industrial Products,40
PTC Industries Ltd.,Industrial Products,40
Reliance Industries Ltd. (Covered call) $$,Petroleum Products,40
Repco Home Finance Limited,Finance,40
Rolex Rings Limited,Auto Components,40
S.J.S. Enterprises Ltd,Auto Components,40
Sanathan Textiles Limited,Textiles & Apparels,40
Shakti Pumps (India) Ltd.,Industrial Products,40
Sobha Ltd,Realty,40
TATA CONSUMER PRODUCTS LTD.,Agricultural Food and other Product,40
TEGA INDUSTRIES LIMITED,Industrial Manufacturing,40
The Great Eastern Shipping Co. Ltd.,Transport Services,40
UTI Asset Management Company Ltd,Capital Markets,40
Vedanta Aluminium Metal Ltd,Non - Ferrous Metals,40
Vinati Organics Ltd,Chemicals & Petrochemicals,40
Yatharth Hospital & Trauma Care Serv Ltd,Healthcare Services,40
Astral Ltd,Industrial Products,39
BHARAT ELECTRONICS LTD,Aerospace & Defense,39
Cera Sanitaryware Ltd.,Consumer Durables,39
DR REDDYS LABORATORIES LTD,Pharmaceuticals & Biotechnology,39
Dr Reddys Laboratories Ltd.,Pharmaceuticals & Biotechnology,39
EICHER MOTORS LTD,Automobiles,39
EQ - ASTER DM QUALITY CARE LIMITED,Healthcare Services,39
EQ - LUPIN LTD.,Pharmaceuticals & Biotechnology,39
Gujarat Fluorochemicals Ltd,Chemicals & Petrochemicals,39
ICICI Bank Limited September 2026 Future,Banks,39
ICICI PRUDENTIAL ASSET MANAGEMENT COMPANY LTD.,Capital Markets,39
Indian Hotels Company Ltd.,Leisure Services,39
Intellect Design Arena Ltd,IT - Software,39
Kotak Mahindra Bank Limited September 2026 Future,Banks,39
MAX HEALTHCARE INSTITUTE LTD,Healthcare Services,39
Mtar Technologies Limited,Electrical Equipment,39
Multi Commodity Exchange of India L,Capital Markets,39
Nitin Spinners Limited,Textiles & Apparels,39
NMDC Ltd,Minerals & Mining,39
OIL & NATURAL GAS CO.,Oil,39
PARK MEDI WORLD LIMITED (PARK HOSPITAL),Healthcare Services,39
PHOENIX MILLS LTD.,Realty,39
Procter & Gamble Health Limited,Pharmaceuticals & Biotechnology,39
Shilpa Medicare Ltd.,Pharmaceuticals & Biotechnology,39
SUBROS LIMITED,Industrial Products,39
The New India Assurance Company Ltd.,Insurance,39
Tube Investments of India Ltd,Auto Components,39
Vedant Fashions Ltd,Retailing,39
Ventive Hospitality Limited,Leisure Services,39
WELSPUN CORP LTD,Industrial Products,39
ACME Solar Holdings Limited,Power,38
Adani Power (Mundra) Limited,Power,38
Bagmane Prime Office REIT,Realty,38
Brigade Enterprises Limited.,Realty,38
Central Depository Services (India) Ltd,Capital Markets,38
Container Corporation of India Ltd,Transport Services,38
Eclerx Services Ltd.,Commercial Services & Supplies,38
Epam Systems Inc,IT - Services,38
EQ - JK PAPER LTD.,"Paper, Forest & Jute Products",38
EQ - NATIONAL ALUMINIUM CO. LTD.,Non - Ferrous Metals,38
EQ - TORRENT PHARMACEUTICALS LTD.,Pharmaceuticals & Biotechnology,38
EQ - VEDANTA LTD,Diversified Metals,38
Fortis Health Care Ltd,Healthcare Services,38
Marksans Pharma Limited,Pharmaceuticals & Biotechnology,38
METROPOLIS HEALTHCARE LTD,Healthcare Services,38
NAVA LIMITED,Power,38
NBCC (India) Ltd,Construction,38
Oracle Financial Services Software,IT - Software,38
P N Gadgil Jewellers Limited,Consumer Durables,38
Park Medi World Ltd.,Healthcare Services,38
Physicswallah Limited,Other Consumer Services,38
PREMIER ENERGIES LTD,Electrical Equipment,38
Rategain Travel Technologies Limited,IT - Software,38
Sandhar Technologies Ltd.,Auto Components,38
TBO TEK LIMITED,Leisure Services,38
Vinati Organics Limited,Chemicals & Petrochemicals,38
Action Construction Equipment Ltd,"Agricultural, Commercial & Construction Vehicles",37
Aditya Birla Real Estate Ltd,Realty,37
Aegis Vopak Terminals Ltd.,Oil,37
Aequs Ltd.,Aerospace & Defense,37
Ambuja Cements Limited September 2026 Future,Cement & Cement Products,37
Apollo Hospitals Enterprise Limited September 2026 Future,Healthcare Services,37
Bank of Baroda September 2026 Future,Banks,37
CAPRI GLOBAL CAPITAL LTD,Finance,37
E.I.D-Parry (India) Ltd.,Food Products,37
EQ - AVENUE SUPERMARTS LTD.,Retailing,37
Gmr Airports Ltd.,Transport Infrastructure,37
HINDUSTAN COPPER LTD.,Non - Ferrous Metals,37
Indus Towers Limited September 2026 Future,Telecom - Services,37
Ingersoll - Rand (India) Ltd,Industrial Products,37
INTELLECT DESIGN ARENA LTD,IT - Software,37
Jio Financial Services Limited September 2026 Future,Finance,37
JK TYRE & INDUSTRIES LTD,Auto Components,37
KARUR VYSYA BANK LTD.,Banks,37
Larsen & Toubro Limited September 2026 Future,Construction,37
Powerica Ltd,Electrical Equipment,37
RAILTEL CORPORATION OF INDIA LIMITED,Telecom - Services,37
RBL BANK LTD,Banks,37
SBI LIFE INSURANCE COMPANY LTD,Insurance,37
SRF Ltd,Chemicals & Petrochemicals,37
State Bank of India September 2026 Future,Banks,37
Tata Steel Limited September 2026 Future,Ferrous Metals,37
TATA TECHNOLOGIES LTD,IT - Services,37
Techno Electric & Engineering Co Limited,Construction,37
VODAFONE IDEA LIMITED,Telecom - Services,37
VODAFONE IDEA LTD,Telecom - Services,37
360 ONE WAM LTD,Capital Markets,36
360 ONE WAM Ltd (Prev IIFL Wealth Management Ltd),Capital Markets,36
APL APOLLO TUBES LTD,Industrial Products,36
AUROBINDO PHARMA LTD,Pharmaceuticals & Biotechnology,36
Bajaj Consumer Care Limited,Personal Products,36
Birla 3M Ltd.,Diversified,36
CARE Ratings Ltd.,Capital Markets,36
Endurance Technologies Ltd,Auto Components,36
EQ - ANTHEM BIOSCIENCES LTD,Pharmaceuticals & Biotechnology,36
EQ - APOLLO HOSPITALS ENTERPRISE LT,Healthcare Services,36
EQ - BALKRISHNA INDUSTRIES LTD.,Auto Components,36
EQ - BERGER PAINTS INDIA LTD.,Consumer Durables,36
EQ - BHARAT FORGE LTD.,Auto Components,36
EQ - METRO BRANDS LTD,Consumer Durables,36
EQ - VOLTAMP TRANSFORMERS LTD.,Electrical Equipment,36
EQ DR REDDY'S LABORATORIES LTD.,PHARMACEUTICALS,36
EQ EICHER MOTORS LTD,AUTO,36
EQ TORRENT PHARMACEUTICALS LTD.,PHARMACEUTICALS,36
G R Infra projects Ltd.,Construction,36
Ganesha Ecosphere Ltd,Textiles & Apparels,36
HINDUSTAN PETROLEUM CORPORATION LTD,Petroleum Products,36
KAYNES TECHNOLOGY INDIA LIMITED,Industrial Manufacturing,36
Kennametal India Ltd.,Industrial Manufacturing,36
KSH International Ltd.,Industrial Products,36
LAURUS LABS LTD,Pharmaceuticals & Biotechnology,36
LUPIN LTD,Pharmaceuticals & Biotechnology,36
Mangalore Refinery and Petrochemicals Limited,Petroleum Products,36
MANIPAL HEALTH ENTERPRISES LTD,Healthcare Services,36
MMTC LTD,Commercial Services & Supplies,36
National Buildings Construction Corporation Ltd.,Construction,36
Navin Fluorine International Ltd,Chemicals & Petrochemicals,36
Nazara Technologies Limited,Entertainment,36
NMDC LTD,Minerals & Mining,36
OBEROI REALTY LTD,Realty,36
PNB HOUSING FINANCE LTD.,Finance,36
R Systems International Ltd,It - Services,36
Relaxo Footwears Ltd.,Consumer Durables,36
Sansera Engineering Ltd,Auto Components,36
SBI CARDS AND PAYMENT SERVICES LTD,Finance,36
Shivalik Bimetal Controls Ltd,Industrial Products,36
SKF India (Industrial) Ltd,Industrial Products,36
SKY Gold & Diamonds Ltd.,Consumer Durables,36
SONA BLW PRECISION FORGINGS LTD,Auto Components,36
Styrenix Performance Materials Limited,Chemicals & Petrochemicals,36
Symbiotec Pharmalab Ltd,Pharmaceuticals & Biotechnology,36
The Karnataka Bank Limited,Banks,36
UPL LTD,Fertilizers & Agrochemicals,36
Adani Wilmar Limited,Agricultural Food & other Products,35
Aditya Vision Ltd.,Retailing,35
ASIAN PAINTS LTD,Consumer Durables,35
AVANTI FEEDS LTD,Food Products,35
BANDHAN BANK LIMITED,Banks,35
Colgate- Palmolive (India) Ltd.,Personal Products,35
Container Corporation Of India Limited,Transport Services,35
Crompton Greaves Cons Electrical Ltd.,Consumer Durables,35
DCB Bank Ltd.,Banks,35
DLF Ltd,Realty,35
EQ - HDFC ASSET MANAGEMENT COMPANY,Capital Markets,35
EQ - MEESHO LTD,Retailing,35
EQ - SRF LTD.,Chemicals & Petrochemicals,35
Gulf Oil Lubricants India Ltd.,Petroleum Products,35
ICICI Prudential Asset Management Co Ltd,Capital Markets,35
KEC International Ltd,Construction,35
Lohia Corp Ltd.,Industrial Manufacturing,35
Magnasound (India) Pvt Ltd.,Miscellaneous,35
Nephrocare Health Services Ltd,Healthcare Services,35
Oracle Financial Ser Software Ltd.,IT - Software,35
Polymedicure Ltd.,Healthcare Equipment & Supplies,35
Praj Industries Limited,Industrial Manufacturing,35
PVR LTD.,Entertainment,35
Rallis India Limited,Fertilizers & Agrochemicals,35
Sanathan Textiles Ltd.,Textiles & Apparels,35
Shriram Finance Limited September 2026 Future,Finance,35
Suraksha Diagnostic Limited,Healthcare Services,35
Tata Technologies Ltd.,IT - Services,35
The Anup Engineering Limited,Industrial Manufacturing,35
Voltas Ltd,Consumer Durables,35
YES BANK LTD.,Banks,35
ABB INDIA LTD,Electrical Equipment,34
ACME SOLAR HOLDINGS LTD.,Power,34
ADITYA INFOTECH LIMITED,Industrial Manufacturing,34
Amagi Media Labs Ltd,It - Services,34
Amrutanjan Health Care Ltd.,Pharmaceuticals & Biotechnology,34
BROOKFIELD REIT,Realty,34
Colgate-Palmolive ( I ) Ltd.,Personal Products,34
Dhanuka Agritech Ltd.,Fertilizers & Agrochemicals,34
EQ - AIA ENGINEERING LTD.,Industrial Products,34
EQ - COLGATE PALMOLIVE INDIA LTD.,Personal Products,34
EQ - CONTAINER CORP. OF INDIA LTD,Transport Services,34
EQ - MAHINDRA & MAHINDRA FINANCIAL,Finance,34
EQ - MOTILAL OSWAL FINANCIAL SERVIC,Capital Markets,34
EQ - PNC INFRATECH LTD,Construction,34
EQ - PRAJ INDUSRIES LTD.,Industrial Manufacturing,34
EQ - SCHAEFFLER INDIA LTD,Auto Components,34
Fsn Ecommerce Ventures Limited (Nykaa),Retailing,34
Gujarat Themis Biosyn Limited,Pharmaceuticals & Biotechnology,34
Happy Forgings Limited,Industrial Products,34
HDFC Bank Ltd. (Covered call) $$,Banks,34
INDIAN HOTELS CO LTD,Leisure Services,34
Interglobe Aviation Ltd. (Covered call) $$,Transport Services,34
ITC Ltd. (Covered call) $$,Diversified Fmcg,34
Jain Resource Recycling Ltd.,Diversified Metals,34
Kirloskar Pneumatic Company Limited,Industrial Products,34
KRN Heat Exchanger and Refrigeration Ltd.,Industrial Products,34
LG Balakrishnan & Bros Limited,Auto Components,34
Lohia Corp Limited,Industrial Manufacturing,34
MANGALORE REFINERY & PETROCHEMICALS LTD,Petroleum Products,34
MANKIND PHARMA LIMITED,Pharmaceuticals & Biotechnology,34
NUVAMA WEALTH MANAGEMENT LIMITED,Capital Markets,34
Omnitech Engineering Limited,Industrial Manufacturing,34
Powerica Limited,Electrical Equipment,34
Privi Speciality Chemicals Ltd.,Chemicals & Petrochemicals,34
PVR Inox Ltd,Entertainment,34
SKF India (Industrial) Limited,Industrial Products,34
Tata Technologies Ltd,It - Services,34
Teamlease Services Ltd,Commercial Services & Supplies,34
UTI Asset Management Co. Ltd.,Capital Markets,34
Vesuvius India Ltd.,Industrial Products,34
Wework India Management Ltd,Commercial Services & Supplies,34
Yatra Online Limited,Leisure Services,34
Adobe Inc,Application Software,33
AIA Engineering Ltd,Industrial Products,33
Apar Industries Ltd,Electrical Equipment,33
BAJAJ AUTO LTD,Automobiles,33
Cera Sanitaryware Ltd,Consumer Durables,33
CIPLA LTD,Pharmaceuticals & Biotechnology,33
Embassy Developments Limited,Realty,33
EQ - ZF COMMERCIAL VEHICLE CONTROL SYSTEMS INDIA LTD,Auto Components,33
EUREKA FORBES LTD,CONSUMER DURABLES,33
FDC Ltd.,Pharmaceuticals & Biotechnology,33
Garware Hi-Tech Films Ltd,Industrial Products,33
GHCL Limited,Chemicals & Petrochemicals,33
HDFC Life Insurance Company Limited September 2026 Future,Insurance,33
HYUNDAI MOTORS INDIA LTD,Automobiles,33
Indoco Remedies Limited,Pharmaceuticals & Biotechnology,33
JSW Steel Limited September 2026 Future,Ferrous Metals,33
JUBILANT PHARMOVA LIMITED,Pharmaceuticals and Biotechnology,33
LIC of India Ltd,Insurance,33
Lupin Limited September 2026 Future,Pharmaceuticals & Biotechnology,33
Mahindra & Mahindra Limited September 2026 Future,Automobiles,33
MAZAGOAN DOCK SHIPBUILDERS LTD.,Industrial Manufacturing,33
NHPC Ltd,Power,33
Paras Defence and Space Technologies Limited,Aerospace & Defense,33
PRIME FOCUS LTD,Entertainment,33
Rallis India Ltd.,Fertilizers & Agrochemicals,33
SBFC Finance Ltd,Finance,33
SBI Cards and Payment Services Ltd,Finance,33
Supriya Lifescience Limited,Pharmaceuticals & Biotechnology,33
Tamilnad Mercantile Bank Ltd.,Banks,33
The Federal Bank Limited September 2026 Future,Banks,33
The New India Assurance Co. Ltd.,Insurance,33
Titan Company Limited September 2026 Future,Consumer Durables,33
UTI ASSET MANAGEMENT COMPANY LTD,Capital Markets,33
Welspun Living Ltd.,Textiles & Apparels,33
Ajax Engineering Limited,"Agricultural, Commercial & Construction Vehicles",32
Alphabet Inc.,IT - Software,32
Bombay Stock Exchange Limited (BSE),Capital Markets,32
BOROSIL RENEWABLES LIMITED,Industrial Products,32
Campus Activewear Limited,Consumer Durables,32
Canara Robeco Asset Mgmt Co Ltd.,Capital Markets,32
CASTROL INDIA LTD,Petroleum Products,32
COMPUTER AGE MANAGEMENT SERVICES LIMITED,CAPITAL MARKETS,32
Doms Industries Ltd,Household Products,32
EID Parry (India) Ltd.,Food Products,32
Electronics Mart India Ltd,Retailing,32
EQ - BIOCON LTD.,Pharmaceuticals & Biotechnology,32
EQ - CERA SANITARYWARE LTD.,Consumer Durables,32
EQ - DALMIA BHARAT LTD,Cement & Cement Products,32
EQ - INDIAN BANK,Banks,32
EQ - LG ELECTRONICS INDIA LTD,Consumer Durables,32
EQ - MAX HEALTHCARE INSTITUTE LTD,Healthcare Services,32
EQ - OIL INDIA LTD.,Oil,32
EQ - PETRONET LNG LTD.,Gas,32
EQ - SOLAR INDUSTRIES INDIA LTD.,Chemicals & Petrochemicals,32
EQ - UPL LTD.,Fertilizers & Agrochemicals,32
EQ ADITYA BIRLA FASHION & RETAIL LTD.,RETAILING,32
EQ COROMANDEL INTERNATIONAL LTD.,FERTILISERS,32
EQ CROMPTON GREAVES CONSUMER ELECTRICALS LTD.,CONSUMER DURABLES,32
EQ MULTI COMMODITY EXCHANGE OF INDIA LTD,CAPITAL MARKETS,32
EQ TORRENT POWER LTD.,POWER.,32
EQ VARDHMAN TEXTILES LTD.,TEXTILES - COTTON,32
Garware Technical Fibres Ltd.,Textiles & Apparels,32
GlaxoSmithKline Pharmaceuticals Ltd,Pharmaceuticals & Biotechnology,32
Great Eastern Shipping Company Ltd.,Transport Services,32
Home First Finance Company India Ltd,Finance,32
Indiamart Intermesh Ltd,Retailing,32
Jash Engineering Limited,Industrial Manufacturing,32
JSW ENERGY LTD.,Power,32
Knowledge Marine & Engineering Works Limited,Engineering Services,32
Manappuram Finance Ltd,Finance,32
Mastek Ltd.,IT - Software,32
Midwest Limited,Consumer Durables,32
MOTILAL OSWAL FINANCIAL SERVICE LTD,Capital Markets,32
Narayana Hrudayalaya ltd.,Healthcare Services,32
NAVIN FLUORINE INTERNATIONAL LTD.,Chemicals and Petrochemicals,32
Nuvama Wealth Management Ltd.,Capital Markets,32
Nvidia Corporation,Semiconductors,32
PNC INFRATECH LIMITED,Construction,32
Redington (India) Ltd.,Commercial Services & Supplies,32
SBI CARDS AND PAYMENT SERVICES LIMITED,Finance,32
Sheela Foam Limited,Consumer Durables,32
Shivalik Bimetal Controls Ltd.,Industrial Products,32
Sona Blw Precision Forgings Limited,Auto Components,32
UNITED SPIRITS LTD,Beverages,32
V-Mart Retail Ltd,Retailing,32
VIP Industries Ltd.,Consumer Durables,32
Alembic Pharmaceuticals Ltd.,Pharmaceuticals & Biotechnology,31
APL Apollo Tubes Limited September 2026 Future,Industrial Products,31
Bajaj Holdings & Investment Ltd,Finance,31
Bayer Cropscience Ltd,Fertilizers & Agrochemicals,31
Canara Bank September 2026 Future,Banks,31
Canara Robeco Mutual Fund,Capital Markets,31
COCHIN SHIPYARD LTD,Industrial Manufacturing,31
EQ - DIVIS LABORATORIES LTD.,Pharmaceuticals & Biotechnology,31
EQ - MOTHERSON SUMI WIRING INDIA LTD,Auto Components,31
EQ - NAVIN FLUORINE INTERNATIONAL L,Chemicals & Petrochemicals,31
EQ - PFIZER LIMITED,Pharmaceuticals & Biotechnology,31
Glaxosmithkline Pharma Ltd,Pharmaceuticals and Biotechnology,31
GRASIM INDUSTRIES LTD,Cement & Cement Products,31
Gufic Biosciences Limited,Pharmaceuticals & Biotechnology,31
Hindustan Zinc Ltd,Non - Ferrous Metals,31
ICICI Prudential Life Insurance Company Ltd,Insurance,31
Indian Hotels Co Limited,Leisure Services,31
IndusInd Bank Limited September 2026 Future,Banks,31
INFO EDGE (INDIA) LTD,Retailing,31
J.K. Cement Limited,Cement & Cement Products,31
JUPITER WAGONS LIMITED,Industrial Manufacturing,31
KALYAN JEWELLERS INDIA LTD.,Consumer Durables,31
Kfin Technologies Limited,Capital Markets,31
Lloyds Metals & Energy Ltd.,Minerals & Mining,31
Maruti Suzuki India Limited September 2026 Future,Automobiles,31
MAS Financial Services Ltd.,Finance,31
MTAR technologies Ltd.,Electrical Equipment,31
Nava Ltd.,Power,31
NTPC Limited September 2026 Future,Power,31
ORACLE FINANCIALS SERVICES SOFT LTD,IT - Software,31
PREMIER ENERGIES LIMITED,Electrical Equipment,31
Red Tape Ltd,Consumer Durables,31
Rubicon Research Ltd,Pharmaceuticals & Biotechnology,31
SARDA ENERGY & MINERALS LTD,Ferrous Metals,31
SKF India Limited,Auto Components,31
Tata Communications Ltd,Telecom - Services,31
The Indian Hotels Company Limited September 2026 Future,Leisure Services,31
The New India Assurance Company Limited,Insurance,31
UltraTech Cement Limited September 2026 Future,Cement & Cement Products,31
Vedanta Oil and Gas Ltd,Oil,31
VIP Industries Limited,Consumer Durables,31
3M INDIA LTD,Diversified,30
Adani Power Ltd,Power,30
ASK Automotive Ltd.,Auto Components,30
ASTER DM QUALITY CARE LTD,Healthcare Services,30
Bosch Ltd,Auto Components,30
BOSCH LTD,Auto Components,30
Brigade Hotel Ventures Ltd.,Leisure Services,30
CHOICE INTERNATIONAL LIMITED,Finance,30
CHOLAMANDALAM INVESTMENT & FINANCE CO LTD,Finance,30
CMS Info Systems Ltd,Commercial Services & Supplies,30
COLGATE-PALMOLIVE INDIA LTD,Personal Products,30
CORONA REMEDIES LIMITED,Pharmaceuticals and Biotechnology,30
CRAFTSMAN AUTOMATION LTD,Auto Components,30
DABUR INDIA LTD,Personal Products,30
Deepak Fertilizers & Petrochem Corp Ltd.,Chemicals & Petrochemicals,30
Disa India Limited,Industrial Manufacturing,30
DIVI LABORATORIES LTD,Pharmaceuticals & Biotechnology,30
Divi's Laboratories Limited 29/09/2026,Pharmaceuticals & Biotechnology,30
DLF Limited 29/09/2026,Realty,30
DLF LTD,Realty,30
EQ - BANK OF MAHARASHTRA,Banks,30
EQ - BSE LTD,Capital Markets,30
EQ - ENDURANCE TECHNOLOGIES LTD,Auto Components,30
EQ - MRF LTD.,Auto Components,30
EQ - PAGE INDUSTRIES,Textiles & Apparels,30
EQ - TATA COMMUNICATIONS LTD.,Telecom - Services,30
EQ - TIPS MUSIC LIMITED,Entertainment,30
EQ-JSW INFRASTRUCTURE LIMITED,Transport Infrastructure,30
Finolex Industries Limited,Industrial Products,30
Fujiyama Power Systems Limited,Electrical Equipment,30
Garware Technical Fibres Limited,Textiles & Apparels,30
Ge Vernova T&D India Limited,Electrical Equipment,30
GMM Pfaudler Ltd.,Industrial Manufacturing,30
GMR AIRPORTS LTD,Transport Infrastructure,30
GODREJ CONSUMER PRODUCTS LTD,Personal Products,30
GRAVITA INDIA LTD,Minerals & Mining,30
Green Panel Industries Ltd,Consumer Durables,30
Gujarat State Fertilizers and Chemicals Ltd.,Fertilizers & Agrochemicals,30
HITACHI ENERGY INDIA LTD,Electrical Equipment,30
Housing Development Finance Corporation Limited,Finance,30
IFCI LIMITED,Finance,30
INDIA CEMENTS LTD.,Cement and Cement Products,30
Indo Mim Ltd,Industrial Manufacturing,30
Info Edge (India) Ltd 29/09/2026,Retailing,30
Infosys Limited 29/09/2026,IT - Software,30
ITD CEMENTATION INDIA LIMITED,Construction,30
JSW DULUX LTD,Consumer Durables,30
JSW ENERGY LTD,Power,30
Jupiter Wagons Ltd.,Industrial Manufacturing,30
KFIN TECHNOLOGIES LTD.,Capital Markets,30
Landmark Cars Ltd,Automobiles,30
LG ELECTRONICS INDIA LTD,Consumer Durables,30
LINDE INDIA LTD,Chemicals & Petrochemicals,30
LTIMindtree Limited 29/09/2026,IT - Software,30
MAHINDRA LIFESPACE DEVELOPERS LTD,Realty,30
NATIONAL ALUMINIUM CO. LTD,Non - Ferrous Metals,30
Nexus Select Trust REIT,Realty,30
NHPC LTD,Power,30
Nippon Life India Asset Management Ltd 29/09/2026,Capital Markets,30
Pidilite Industries Ltd,Chemicals & Petrochemicals,30
PNB HOUSING FINANCE LTD,Finance,30
Quess Corp Ltd.,Commercial Services & Supplies,30
RHI Magnesita India Ltd,Industrial Products,30
Rites Ltd.,Construction,30
Safari Industries (India) Ltd.,Consumer Durables,30
SAGILITY INDIA LTD.,IT - Services,30
Sharda Motor Industries Limited,Auto Components,30
SHIPROCKET LIMITED,Transport Services,30
Shree Cement Ltd,Cement & Cement Products,30
Shriram Pistons & Rings Limited,Auto Components,30
SIEMENS LTD,Electrical Equipment,30
SIS Ltd,Other Consumer Services,30
SOLAR INDUSTRIES INDIA LTD,Chemicals & Petrochemicals,30
SONATA SOFTWARE LIMITED,IT - Software,30
SRF LTD,Chemicals & Petrochemicals,30
SUZLON ENERGY LTD,Electrical Equipment,30
SYNGENE INTERNATIONAL LTD,Healthcare Services,30
Tata Chemicals Ltd,Chemicals & Petrochemicals,30
THERMAX LTD,Electrical Equipment,30
TVS MOTOR COMPANY LTD,Automobiles,30
Venus Pipes & Tubes Ltd,Industrial Products,30
VISHAL MEGA MART LTD,Retailing,30
ACME Solar Holdings Ltd.,Power,29
Adani Ports and Special Economic Zone Limited September 2026 Future,Transport Infrastructure,29
Aditya Birla Sun Life Mutual Fund,Capital Markets,29
AU Small Finance Bank Limited September 2026 Future,Banks,29
Broadcom Inc,Semiconductors,29
Cholamandalam Investment & Fin Co Ltd.,Finance,29
Digitide Solutions Limited,IT - Services,29
Divgi Torqtransfer Systems Ltd,Auto Components,29
EQ - BRITANNIA INDUSTRIES LTD.,Food Products,29
EQ - CAPLIN POINT LABORATORIES LTD,Pharmaceuticals & Biotechnology,29
EQ - COMPUTER AGE MANAGEMENT SERV,Capital Markets,29
EQ - DELHIVERY LTD.,Transport Services,29
EQ - GLAND PHARMA LTD.,Pharmaceuticals & Biotechnology,29
EQ - REC LTD,Finance,29
Equitas Holdings Ltd.,Finance,29
Fertilizers and Chemicals Travancore Limited,Fertilizers & Agrochemicals,29
Fusion Finance Ltd.,Finance,29
Go Fashion (India) Limited,Retailing,29
H.G. Infra Engineering Limited,Construction,29
Heidleberg Cement India Ltd.,Cement & Cement Products,29
ICICI Prudential Life Insurance Co Ltd.,Insurance,29
Indian Railway Catering And Tourism Corporation Lt,Leisure Services,29
JBM AUTO LTD,Auto Components,29
Karnataka Bank Ltd,Banks,29
Kirloskar Ferrous Industries Ltd.,Ferrous Metals,29
Kwality Walls (India) Limited,Food Products,29
Larsen & Toubro Infotech Ltd,IT - Software,29
LUMINO INDUSTRIES LIMITED,Capital Markets,29
Maharashtra Seamless Ltd.,Industrial Products,29
MTAR TECHNOLOGIES LIMITED,Electrical Equipment,29
Olectra Greentech Ltd.,Automobiles,29
Orkla India Ltd.,Food Products,29
PVR Ltd.,Media & Entertainment,29
S. P. Apparels Limited,Textiles & Apparels,29
SJVN LIMITED,Power,29
Tata Motors Passenger Vehicles Limited September 2026 Future,Automobiles,29
Triveni Turbine Ltd,Electrical Equipment,29
Urban Company Ltd,Retailing,29
Vedant Fashions Ltd.,Retailing,29
Adani Ports and Special Economic Zone Ltd. (Covered call) $$,Transport Infrastructure,28
Aequs Ltd,Aerospace & Defense,28
Alivus Life Sciences,Pharmaceuticals & Biotechnology,28
Ashoka Buildcon Limited,Construction,28
Authum Investment And Infrastructure Limited,Finance,28
Bajaj Holdings and Investment Ltd,Finance,28
Bajel Projects Limited,Electrical Equipment,28
Behari Lal Engineering Limited,Industrial Products,28
BIKAJI FOODS INTERNATIONAL LTD,Food Products,28
Blue Dart Express Ltd,Transport Services,28
BRIGADE ENTERPRISES LIMITED,Realty,28
Campus Activewear Ltd,Consumer Durables,28
Ceat Ltd,Auto Components,28
Cognizant Technology Solutions Corporation,IT - Software,28
Data Patterns India Ltd,Aerospace & Defense,28
DEVYANI INTERNATIONAL LIMITED,Leisure Services,28
DIAMOND POWER INFRASTRUCTURE LTD,Electrical Equipment,28
E2E Networks Limited,IT - Services,28
EQ - 3M INDIA LTD.,Diversified,28
EQ - APL APOLLO TUBES LTD,Industrial Products,28
EQ - GENERAL INSURANCE CORPORATION,Insurance,28
EQ - GRINDWELL NORTON LTD.,Industrial Products,28
EQ - MANIPAL HEALTH ENTERPRISES LIMITED,Healthcare Services,28
EQ - ORCHID PHARMA LTD.,Pharmaceuticals & Biotechnology,28
EQ - SKF INDIA (INDUSTRIAL) LTD,Industrial Products,28
EQ - SUNDARAM FINANCE LTD.,Finance,28
EQ ADITYA BIRLA CAPITAL LTD,FINANCE,28
EQ CESC LTD,POWER.,28
EQ HERITAGE FOODS LTD.,CONSUMER NON DURABLES,28
EQ JUBILANT FOOD WORKS LTD,LEISURE SERVICES,28
EQ MARUTI SUZUKI INDIA LTD.,AUTO,28
EQ NTPC LTD.,POWER.,28
EQ STATE BANK OF INDIA,BANKS,28
ESAB India Ltd,Industrial Products,28
ESAB India Ltd.,Industrial Products,28
Grindwell Norton Ltd,Industrial Products,28
GUJARAT FLUOROCHEMICALS LTD,Chemicals & Petrochemicals,28
Home First Finance Company Ltd,Finance,28
Horizon Industrial Parks Ltd,Realty,28
Housing & Urban Development Corp Ltd.,Finance,28
ICICI Prudential Life Insurance Co Ltd,Insurance,28
ICRA Limited,Capital Markets,28
Indian Oil Corporation Ltd,Petroleum Products,28
Infosys Ltd. (Covered call) $$,It - Software,28
Insolation Energy Ltd.,Electrical Equipment,28
Jyothy Labs Ltd.,Household Products,28
KEI INDUSTRIES LTD,Industrial Products,28
Larsen & Toubro Ltd. (Covered call) $$,Construction,28
Mahindra Lifespace Developers Limited,Realty,28
Mas Financial Services Ltd.,Finance,28
NATCO PHARMA LTD,Pharmaceuticals & Biotechnology,28
Pearl Global Industries Ltd.,Textiles & Apparels,28
Pfizer Ltd,Pharmaceuticals & Biotechnology,28
POWER FINANCE CORPORATION LTD,Finance,28
Ramkrishna Forgings Ltd.,Auto Components,28
RUBICON RESEARCH LIMITED,Pharmaceuticals and Biotechnology,28
SBI FUNDS MANAGEMENT LTD,Capital Markets,28
Skyways Air Services Ltd.,Transport Services,28
SPR AUTO TECHNOLOGIES LTD,Auto Components,28
Star Cement Ltd.,Cement & Cement Products,28
Sun Pharmaceuticals Industries Ltd,Healthcare,28
TEGA INDUSTRIES LTD,Industrial Manufacturing,28
Thangamayil Jewellery Ltd.,Consumer Durables,28
The Phoenix Mills Ltd,Realty,28
Thomas Cook (India) Limited,Leisure Services,28
Thomas Cook (India) Ltd.,Leisure Services,28
Tinna Rubber and Infrastructure Limited,Industrial Products,28
Whirlpool of India Ltd,Consumer Durables,28
Zensar Technologies Ltd,IT - Software,28
Adani Energy Solutions Limited September 2026 Future,Power,27
Adani Energy Solutions Ltd,Power,27
Alivus Life Sciences Limited,Pharmaceuticals & Biotechnology,27
Astra Microwave Products Limited,Aerospace & Defense,27
Azad Engineering Limited,Electrical Equipment,27
Bharat Forge Limited September 2026 Future,Auto Components,27
Bharat Heavy Electricals Limited September 2026 Future,Electrical Equipment,27
Bharti Airtel Limited September 2026 Future,Telecom - Services,27
BLACKBUCK LIMITED,Transport Services,27
CAMPUS ACTIVEWEAR LIMITED,Consumer Durables,27
Canara Robeco Asset Management Company Ltd.,Capital Markets,27
DCB Bank Ltd,Banks,27
EQUITAS SMALL FINANCE BANK LIMITED,Banks,27
Glaxosmithkline Pharmaceuticals Ltd,Pharmaceuticals & Biotechnology,27
Godawari Power And Ispat Ltd.,Industrial Products,27
Godrej Agrovet Limited,Food Products,27
Heritage Foods Limited,Food Products,27
INOX India Ltd,Industrial Products,27
ITC Limited September 2026 Future,Diversified FMCG,27
Jana Small Finance Bank Ltd,Banks,27
JK Paper Limited,"Paper, Forest & Jute Products",27
Mahindra Logistics Limited,Transport Services,27
Manpasand Beverages Ltd.,Beverages,27
NMDC Limited September 2026 Future,Minerals & Mining,27
Powergrid Infrastructure Investment Trust,Power,27
PVR INOX LIMITED,Entertainment,27
Redtape Limited,Consumer Durables,27
Shaily Engineering Plastics Ltd.,Consumer Durables,27
Shipping Corporation of India Ltd.,Transport Services,27
Steel Authority of India Ltd,Ferrous Metals,27
Strides Pharma Science Ltd,Pharmaceuticals & Biotechnology,27
Supreme Industries Ltd,Industrial Products,27
SUPREME PETROCHEM LIMITED,Chemicals & Petrochemicals,27
Symbiotec Pharmalab Ltd.^^,Pharmaceuticals & Biotechnology,27
Vedanta Limited September 2026 Future,Diversified Metals,27
Visa Inc,Transaction & Payment Processing Services,27
Aarti Pharmalabs Limited,Pharmaceuticals & Biotechnology,26
Adani Green Energy Ltd,Power,26
Akums Drugs And Pharmaceuticals Ltd,Pharmaceuticals & Biotechnology,26
Amara Raja Energy And Mobility Limited,Auto Components,26
Ather Energy LTD.,Automobiles,26
Atlanta Electricals Ltd,Electrical Equipment,26
BHARAT HEAVY ELECTRICALS LIMITED,ELECTRICAL EQUIPMENT,26
Bikaji Foods International Limited,Food Products,26
CanFin Homes Ltd.,Finance,26
Centum Electronics Ltd.,Aerospace & Defense,26
CESC LTD,Power,26
CMR Green Technologies Ltd.,Industrial Products,26
Dredging Corporation of India Limited,Engineering Services,26
Edelweiss Financial Services Limited,Finance,26
EQ - ALEMBIC PHARMACEUTICALS,Pharmaceuticals & Biotechnology,26
EQ - BHARAT HEAVY ELECTRICALS LTD.,Electrical Equipment,26
EQ - BOSCH LTD.,Auto Components,26
EQ - GE VERNOVA T & D INDIA LTD,Electrical Equipment,26
EQ - HINDUSTAN ZINC LTD.,Non - Ferrous Metals,26
EQ - ICICI PRUDENTIAL LIFE INSURA L,Insurance,26
EQ - IPCA LABORATORIES LTD.,Pharmaceuticals & Biotechnology,26
EQ - LAURUS LABS LTD.,Pharmaceuticals & Biotechnology,26
EQ - MARKSANS PHARMA LTD.,Pharmaceuticals & Biotechnology,26
EQ - ROSSARI BIOTECH LTD,Chemicals & Petrochemicals,26
EQ - VEDANTA IRON AND STEEL LTD.,Ferrous Metals,26
ETHOS LIMITED,Consumer Durables,26
Fine Organic Industries Ltd.,Chemicals & Petrochemicals,26
Glaxosmithkline Pharmaceuticals Limited,Pharmaceuticals & Biotechnology,26
Godrej Industries Ltd,Diversified,26
Goodluck India Limited,Industrial Products,26
GUJARAT FLUOROCHEMICALS LIMITED,Chemicals & Petrochemicals,26
Gujarat Industries Power Company Limited,Power,26
Gujarat Mineral Development Corp.,Minerals & Mining,26
HDFC Bank Ltd ! ~~,Banks,26
ICICI Prudential Life Insurance Co. Ltd.,Insurance,26
INDIAN RAILWAY FINANCE CORPORATION LTD.,Finance,26
J.Kumar Infraprojects Limited,Construction,26
Jagran Prakashan Ltd.,Media,26
Jm Financial Ltd.,Finance,26
K.P.R. MILL LTD,Textiles & Apparels,26
Kingfa Science & Technology India Ltd.,Industrial Products,26
MAHINDRA & MAHINDRA LIMITED,AUTOMOBILES,26
MAX HEALTHCARE INSTITUTE LIMITED,HEALTHCARE SERVICES,26
Microsoft Corporation,IT - Software,26
Nuvoco Vistas Corporation Ltd,Cement & Cement Products,26
PEARL GLOBAL INDUSTRIES LIMITED,Textiles & Apparels,26
RHI MAGNESITA INDIA Limited,Industrial Products,26
SBI CARDS & PAYMENT SERVICES PVT. LTD.,Finance,26
SHREE CEMENT LTD,Cement & Cement Products,26
Siemens Ltd,Electrical Equipment,26
Star Health and Allied Insurance Co Ltd,Insurance,26
Symphony Ltd.,Consumer Durables,26
TATA CAPITAL LTD.,Finance,26
Tata Teleservices (Maharashtra) Ltd.,Telecom - Services,26
Techno Electric & Engin. Co. Ltd.,Construction,26
THE FEDERAL BANK LIMITED,BANKS,26
Time Technoplast Ltd.,Industrial Products,26
Transport Corporation of India Ltd.,Transport Services,26
V-Guard Industries Ltd,Consumer Durables,26
Acme Solar Holdings Limited,Power,25
Adani Green Energy Limited September 2026 Future,Power,25
Aditya Infotech Ltd,Industrial Manufacturing,25
Affle (India) Limited,IT - Services,25
Allied Blenders and Distillers Limited,Beverages,25
Alphabet Inc A,Interactive Media & Services,25
Asian Paints Limited September 2026 Future,Consumer Durables,25
ASTRAL LTD.,Industrial Products,25
Bajaj Finserv Limited September 2026 Future,Finance,25
Bharat Electronics Limited September 2026 Future,Aerospace & Defense,25
CAPITAL INFRA TRUST,Construction,25
CE Info Systems Limited,IT - Software,25
Century Plyboards (India) Ltd,Consumer Durables,25
Crompton Greaves Consumer Electricals Limited September 2026 Future,Consumer Durables,25
Cummins India Limited September 2026 Future,Industrial Products,25
Cyient Ltd,It - Services,25
Dabur India Limited September 2026 Future,Personal Products,25
EQ - AFFLE 3I LIMITED,IT - Services,25
EQ - CLEAN SCIENCE & TECHNOLOGY LTD,Chemicals & Petrochemicals,25
EQ - GODREJ CONSUMER PRODUCTS LTD,Personal Products,25
EQ - KARUR VYSYA BANK LTD.,Banks,25
EQ - TRIVENI TURBINE LTD,Electrical Equipment,25
EQ - UNITED SPIRITS LTD.,Beverages,25
Fractal Analytics Ltd.,IT - Software,25
FSN E COMMERCE VENTURES LTD,Retailing,25
Galaxy Surfactants Ltd.,Chemicals & Petrochemicals,25
Godawari Power & Ispat Limited,Industrial Products,25
HDB FINANCIAL SERVICES LTD.,Finance,25
HEXAWARE TECHNOLOGIES LTD.,IT - Software,25
Hindustan Aeronautics Limited September 2026 Future,Aerospace & Defense,25
ICICI Prudential Asset Management Co Limited,Capital Markets,25
IDFC First Bank Limited September 2026 Future,Banks,25
INDIAN RAILWAY CATERING AND TOURISM CORPORATION LTD,Leisure Services,25
Innova Captab Limited,Pharmaceuticals & Biotechnology,25
IPCA Laboratories Ltd,Pharmaceuticals & Biotechnology,25
IRB Invit Fund,Transport Infrastructure,25
Ircon International Limited,Construction,25
ITC HOTELS LIMITED,Leisure Services,25
Jindal Steel Limited September 2026 Future,Ferrous Metals,25
LIC Housing Finance Limited September 2026 Future,Finance,25
LTM LTD,IT - Software,25
Meta Platforms Registered Shares A,Interactive Media & Services,25
MOTILAL OSWAL FINANCIAL SERVICES LIMITED,Capital Markets,25
National Aluminium Co. Ltd.,Non - Ferrous Metals,25
Niva Bupa Health Insurance Co Limited,Insurance,25
Park Medi World Limited,Healthcare Services,25
PG Electroplast Ltd,Consumer Durables,25
Polycab India Limited September 2026 Future,Industrial Products,25
Ruchi Soya Industries Ltd.,Agricultural Food and other Product,25
Sharda Motor Industries Ltd,Auto Components,25
TARC Limited,Realty,25
TBO TEK LTD,Leisure Services,25
TVS Motor Company Limited^^,Automobiles,25
TVS Srichakra Limited,Auto Components,25
ADANI GREEN ENERGY LTD,Power,24
ADITYA BIRLA SUN LIFE AMC LTD,Capital Markets,24
Advanced Enzyme Technologies Limited,Pharmaceuticals & Biotechnology,24
AIA ENGINEERING LTD,Industrial Products,24
AJANTA PHARMA LTD,Pharmaceuticals & Biotechnology,24
AMARA RAJA ENERGY MOB LTD.,Auto Components,24
ASTRA MICROWAVE PRODUCTS LTD.,Aerospace and Defense,24
BALKRISHNA INDUSTRIES LTD,Auto Components,24
Berger Paints (I) Ltd,Consumer Durables,24
Bharti Airtel Limited 29/09/2026,Telecom - Services,24
Capillary Technologies India Limited,IT - Software,24
CARBORUNDUM UNIVERSAL LTD,Industrial Products,24
Chambal Fertilisers and Chemicals Ltd.,Fertilizers & Agrochemicals,24
CMS Info Systems Ltd.,Commercial Services & Supplies,24
CROMPTON GREAVES CONSUMER ELECTRICALS LTD,Consumer Durables,24
DR.Lal Pathlabs Ltd,Healthcare Services,24
Edelweiss Financial Services Ltd.,Finance,24
ENDURANCE TECHNOLOGIES LTD,Auto Components,24
Epigral Limited,Chemicals & Petrochemicals,24
EQ - 360 ONE WAM LIMITED,Capital Markets,24
EQ - ALKEM LABORATORIES LTD,Pharmaceuticals & Biotechnology,24
EQ - G R INFRAPROJECTS LTD,Construction,24
EQ - NIIT LEARNING SYSTEMS LTD,Other Consumer Services,24
EQ - STEEL AUTHORITY OF INDIA LTD.,Ferrous Metals,24
EQ - UJJIVAN SMALL FINANCE BANK LTD,Banks,24
EQ - VISHAL MEGA MART LTD,Retailing,24
EQ AJANTA PHARMA LIMITED,PHARMACEUTICALS,24
EQ ATUL LTD.,CHEMICALS,24
EQ ICICI PRUDENTIAL LIFE INSURANCE COMPANY LIMITED,INSURANCE,24
EQ PHOENIX MILLS LTD,CONSTRUCTION,24
Fortis Healthcare Ltd,Healthcare Services,24
FSN E–Commerce Ventures Ltd(NYKAA),Retailing,24
GE Vernova T and D India Ltd,Electrical Equipment,24
GILLETTE INDIA LTD,Personal Products,24
Goodyear India Ltd.,Auto Components,24
GREENPANEL INDUSTRIES LTD,Consumer Durables,24
GSPL TRANSMISSION LIMITED,Gas,24
GSPL Transmission Limited^,Gas,24
Harsha Engineers International Ltd.,Industrial Products,24
HOME FIRST FINANCE CO INDIA,Finance,24
HONEYWELL AUTOMATION INDIA LTD,Industrial Manufacturing,24
HYUNDAI MOTOR INDIA LTD,Automobiles,24
ICICI Prudential Floating Interest Fund - Direct Plan,Capital Markets,24
ICICI Prudential Gilt Fund - Direct Plan - Growth,Capital Markets,24
IIFL Capital Services Limited,Capital Markets,24
Indian Railway Catering &Tou. Corp. Ltd.,Leisure Services,24
Ion Exchange (India) Ltd,Other Utilities,24
IPCA LABORATORIES LTD,Pharmaceuticals & Biotechnology,24
ITC HOTELS LTD,Leisure Services,24
JUBILANT FOODWORKS LTD,Leisure Services,24
Kajaria Ceramics Ltd,Consumer Durables,24
Kalyani Steels Ltd,Industrial Products,24
Laxmi Organic Industries Ltd.,Chemicals & Petrochemicals,24
LEMON TREE HOTELS LTD,Leisure Services,24
LG BALAKRISHNAN & BROS LIMITED,Auto Components,24
LIC HOUSING FINANCE LTD,Finance,24
MAHINDRA AND MAHINDRA FINANCIAL SERVICES LTD,Finance,24
Medi Assist Healthcare Services Ltd.,Insurance,24
METRO BRANDS LIMITED,Consumer Durables,24
METROPOLIS HEALTHCARE LTD.,Healthcare Services,24
Mold-Tek Packaging Ltd,Industrial Products,24
Motherson Sumi Systems Limited,Auto Ancillaries,24
MOTHERSON SUMI WIRING INDIA LTD,Auto Components,24
Motilal Oswal Financial Services Ltd,Capital Markets,24
National Aluminium Company Ltd,Non - Ferrous Metals,24
NAVIN FLUORINE INTERNATIONAL LTD,Chemicals & Petrochemicals,24
NEXUS SELECT TRUST,Realty,24
Neyveli Lignite Corporation Ltd.,Power,24
NIFTY Sep26,Index Futures,24
NUVOCO VISTAS CORPORATION LTD,Cement & Cement Products,24
OIL INDIA LIMITED,OIL,24
Orient Cement Limited,Cement & Cement Products,24
PATANJALI FOODS LTD,Agricultural Food & other Products,24
PNC INFRATECH LTD,Construction,24
Popular Vehicles and Services Limited,Automobiles,24
Procter & Gamble Health Ltd,Pharmaceuticals & Biotechnology,24
PSP Projects Limited,Construction,24
R R KABEL LTD,Industrial Products,24
Route Mobile Ltd.,Telecom - Services,24
SAI LIFE SCIENCES LTD,Pharmaceuticals & Biotechnology,24
Sbi Funds Management Ltd,Capital Markets,24
SBI Gold ETF,Mutual Fund/ETF,24
SCHAEFFLER (I) LTD,Auto Components,24
Sharda Cropchem Limited,Fertilizers & Agrochemicals,24
Sharda Motor Industries Ltd.,Auto Components,24
Shiprocket Ltd,Transport Services,24
SIS Limited,Other Consumer Services,24
STEEL AUTHORITY INDIA LTD,Ferrous Metals,24
Sun Pharmaceutical Industries Limited September 2026 Future,Pharmaceuticals & Biotechnology,24
SUPREME INDUSTRIES LTD,Industrial Products,24
Swan Defence And Heavy Industries Ltd,Industrial Manufacturing,24
Swaraj Engines Limited,Industrial Products,24
TCI Express Ltd.,Transport Services,24
TENNECO CLEAN AIR INDIA LTD,Auto Components,24
The Great Eastern Shipping Company Ltd,Transport Services,24
The Indian Hotels Company Ltd,Leisure Services,24
Thirumalai Chemicals Limited,Chemicals & Petrochemicals,24
TIPS Music Ltd.,Entertainment,24
Titagarh Wagons Limited,Industrial Manufacturing,24
TORRENT PHARMACEUTICALS LTD,Pharmaceuticals & Biotechnology,24
Transformers & Rectifiers (India) Ltd.,Electrical Equipment,24
TVS Motor Company Limited ^^,Automobiles,24
V2 Retail Ltd.,Retailing,24
Vedanta Iron and Steel Ltd.,Ferrous Metals,24
Vedanta Power Limited,Power,24
VIJAYA DIAGNOSTIC CENTRE PVT,Healthcare Services,24
Vishnu Chemicals Limited,Chemicals & Petrochemicals,24
WeWork India Management Ltd,Commercial Services & Supplies,24
Xpro India Limited,Industrial Products,24
ZF Commercial Vehicle Control Systems I Ltd,Auto Components,24
Zydus Lifesciences Limited 29/09/2026,Pharmaceuticals & Biotechnology,24
Aditya Birla Capital ltd.,Finance,23
Amara Raja Energy and Mobility Ltd.,Auto Components,23
Bajaj Electricals Limited,Consumer Durables,23
Berger Paints (I) Ltd.,Consumer Durables,23
Caliber Mining and Logistics Limited,Consumable Fuels,23
Canara HSBC Life Insurance Company Ltd,Insurance,23
Container Corporation Of India Ltd,Transport Services,23
CYIENT DLM LTD,Aerospace & Defense,23
Dynamatic Technologies Ltd.,Industrial Manufacturing,23
Eicher Motors Limited September 2026 Future,Automobiles,23
EQ - ADITYA BIRLA LIFESTYLE BRANDS LIMITED,Retailing,23
EQ - CG POWER & IND SOLUTIONS LTD,Electrical Equipment,23
EQ - JSW DULUX LTD,Consumer Durables,23
EQ - PVR INOX LIMITED,Entertainment,23
EQ HDFC LTD.,FINANCE,23
EQ LARSEN & TOUBRO LTD.,CONSTRUCTION PROJECT,23
EQ MAHINDRA & MAHINDRA LTD.,AUTO,23
FSN E-Commerce Ventures Limited September 2026 Future,Retailing,23
Fujiyama Power Systems Ltd.,Electrical Equipment,23
GlaxoSmithKline Pharmaceuticals Ltd.,Pharmaceuticals & Biotechnology,23
Graphite India Limited.,Industrial Products,23
HEG Ltd,Industrial Products,23
ICICI Prudential Money Market Fund - Direct Plan - Growth,Mutual Fund,23
KRBL Limited,Agricultural Food & other Products,23
KSH INTERNATIONAL LIMITED,Industrial Products,23
Lt Foods Ltd,Agricultural Food & other Products,23
Marico Limited September 2026 Future,Agricultural Food & other Products,23
Muthoot Finance Ltd,Finance,23
MV ELECTROSYSTEMS LTD,Industrial Manufacturing,23
Net web Technologies India Limited,IT - Services,23
Oriental Hotels Limited,Leisure Services,23
Quality Power Electrical Equipments Ltd.,Electrical Equipment,23
Railtel Corporation of India Ltd.,Telecom - Services,23
Raymond Lifestyle Limited,Textiles & Apparels,23
Route Mobile Limited,Telecom - Services,23
SOUTH INDIAN BANK LTD,Banks,23
SWAN ENERGY LIMITED,Chemicals & Petrochemicals,23
Texmaco Rail & Engineering Limited,Industrial Manufacturing,23
The Shipping Corp of India Ltd,Transport Services,23
Transformers & Rectifiers (India) Ltd,Electrical Equipment,23
V-Guard Industries Limited,Consumer Durables,23
Vedanta Ltd,Diversified Metals,23
Vikram Solar Ltd.,Electrical Equipment,23
Vodafone Idea Limited September 2026 Future,Telecom - Services,23
YATHARTH HOSPITAL AND TRAUMA CARE SERVICES LTD,Healthcare Services,23
Zee Entertainment Enterprises Ltd,Media and Entertainment,23
Advanced Micro Devices Inc,Semiconductors,22
Alkyl Amines Chemicals Ltd.,Chemicals & Petrochemicals,22
ANANT RAJ LTD,Realty,22
APL APOLLO TUBES LIMITED,INDUSTRIAL PRODUCTS,22
Arvind Fashions Ltd,Retailing,22
Balrampur Chini Mills Ltd,Agricultural Food & Other Products,22
Bosch Home Comfort India Ltd.,Consumer Durables,22
BRIGADE ENTERPRISES LTD,Realty,22
COROMANDEL INTERNATIONAL LIMITED,FERTILIZERS & AGROCHEMICALS,22
Devyani international limited,Leisure Services,22
Dodla Dairy Limited,Food Products,22
EIH Ltd,Leisure Services,22
Elantas Beck India Limited,Chemicals & Petrochemicals,22
EMCURE PHARMACEUTICALS LIMITED,Pharmaceuticals and Biotechnology,22
EQ - BILLIONBRAINS GARAGE VENTURES LTD,Capital Markets,22
EQ - IDFC FIRST BANK LTD,Banks,22
EQ - JINDAL STAINLESS LTD.,Ferrous Metals,22
EQ - KEI INDUSTRIES LTD.,Industrial Products,22
EQ - MANKIND PHARMA LTD,Pharmaceuticals & Biotechnology,22
EQ - SIEMENS INDIA LTD.,Electrical Equipment,22
EQ - UNITED FOODBRANDS LTD,Leisure Services,22
Fedbank Financial Services Ltd,Finance,22
Filatex India Limited,Textiles & Apparels,22
GARWARE TECHNICAL FIBRES LTD.,Textiles and Apparels,22
General Insurance Corporation Of India,Insurance,22
Gk Energy Limited,Construction,22
Godrej Agrovet Ltd.,Food Products,22
Gulf Oil Lubricants India Limited,Petroleum Products,22
Hi-Tech Pipes Limited,Industrial Products,22
Home First Finance Co India Ltd,Finance,22
Indo Count Industries Limited,Textiles & Apparels,22
Indo-Mim Ltd.,Industrial Manufacturing,22
INOX WIND LIMITED,Electrical Equipment,22
ION Exchange (India) Limited,Other Utilities,22
JBM Auto Ltd.,Auto Components,22
JM FINANCIAL LTD,Finance,22
JSW CEMENT LTD,Cement & Cement Products,22
Jubilant Foodworks Limited ‡,Leisure Services,22
KEI INDUSTRIES LIMITED,INDUSTRIAL PRODUCTS,22
Kennametal India Limited,Industrial Manufacturing,22
KIRLOSKAR PNEUMATIC COMPANY LTD,Industrial Products,22
KSH International Limited,Industrial Products,22
LG Balakrishnan & Bros Ltd.,Auto Components,22
Mahanagar Gas Ltd,Gas,22
MedPlus Health Services Ltd,Retailing,22
Medplus Health Services Ltd.,Retailing,22
MINDA CORPORATION LIMITED,Auto Components,22
OLA ELECTRIC MOBILITY LIMITED,Automobiles,22
Oswal Pumps Limited,Industrial Products,22
PARAS DEFENCE AND SPACE TECHNOLOGIES LTD,Aerospace & Defense,22
PHYSICSWALLAH LIMITED,Other Consumer Services,22
PIRAMAL PHARMA LIMITED,Pharmaceuticals and Biotechnology,22
POLYCAB INDIA LIMITED,INDUSTRIAL PRODUCTS,22
Powerica Ltd.,Electrical Equipment,22
RELIANCE POWER LIMITED,Power,22
Sanofi India Ltd.,Pharmaceuticals & Biotechnology,22
SANSERA ENGINEERING LIMITED,AUTO COMPONENTS,22
Sigma Advanced Systems Ltd.,Aerospace & Defense,22
SIGNATURE GLOBAL (INDIA) LIMITED,Realty,22
Signatureglobal (India) Limited,Realty,22
Steelcast Ltd,Industrial Products,22
SULA VINEYARDS LIMITED,Beverages,22
Sumitomo Chemical India Ltd,Fertilizers & Agrochemicals,22
Sundram Fasteners Ltd,Auto Components,22
Swiggy Limited ‡,Retailing,22
SYMBIOTEC PHARMALAB LTD,Pharmaceuticals & Biotechnology,22
TATA CAPITAL LTD,Finance,22
TATA Consumer Products Ltd,Agricultural Food & Other Products,22
TATA MONEY MARKET FUND,CAPITAL MARKETS,22
Tenneco Clean Air India Ltd,Auto Components,22
The Ethos Ltd.,Consumer Durables,22
Titagarh Rail Systems Ltd,Industrial Manufacturing,22
TITAGARH RAIL SYSTEMS LTD,Industrial Manufacturing,22
Trualt Bioenergy Ltd,Agricultural Food & other Products,22
TVS Motor Company Ltd 6.00% (Cumulative Non-Convertible Redeemable Preference Share) 01-Sep-2026,Automobiles,22
West Coast Paper Mills Ltd.,"Paper, Forest & Jute Products",22
Wonderla Holidays Ltd.,Leisure Services,22
Yash Highvoltage Limited,Electrical Equipment,22
Aarti Drugs Limited,Pharmaceuticals & Biotechnology,21
Adani total gas Ltd.,Gas,21
Alkyl Amines Chemicals Limited,Chemicals & Petrochemicals,21
Alphabet Inc,Interactive Media & Services,21
Apollo Tyres Ltd,Auto Components,21
Apple Inc,"Technology Hardware, Storage & Peripherals",21
Aurobindo Pharma Limited September 2026 Future,Pharmaceuticals & Biotechnology,21
AXISCADES Technologies Limited,Aerospace & Defense,21
Bajaj Auto Limited September 2026 Future,Automobiles,21
Bank of India September 2026 Future,Banks,21
Belrise Industries Limited,Auto Components,21
Blackbuck Limited,Transport Services,21
Cemindia Projects Limited,Construction,21
CHALET HOTELS LIMITED,Leisure Services,21
Credit Analysis And Research Ltd.,Capital Markets,21
Divi's Laboratories Limited September 2026 Future,Pharmaceuticals & Biotechnology,21
Dr Lal Pathlabs Ltd.,Healthcare Services,21
ELECTRONICS MART INDIA LIMITED,Retailing,21
EQ - ACUTAAS CHEMICALS LIMITED,Pharmaceuticals & Biotechnology,21
EQ - CENTRAL DEPOSITORY SERVICES,Capital Markets,21
EQ - RHI MAGNESITA INDIA LTD,Industrial Products,21
EQ - SAPPHIRE FOODS INDIA LTD,Leisure Services,21
EQ - TIMKEN INDIA LTD.,Industrial Products,21
EQ -BIKAJI FOODS INTERNATIONAL LTD.,Food Products,21
Fertilisers And Chemicals Travancore Ltd.,Fertilizers & Agrochemicals,21
G R Infraprojects Ltd.,Construction,21
Gillette India Ltd,Personal Products,21
GO DIGIT GENERAL INSURANCE LIMITED,Insurance,21
Hitachi Energy India Limited September 2026 Future,Electrical Equipment,21
ICRA Ltd.,Capital Markets,21
INDIA SHELTER FIN CORP LTD,Finance,21
Indian Renewable Energy Development Agency Ltd,Finance,21
InterGlobe Aviation Limited September 2026 Future,Transport Services,21
JAIPRAKASH POWER VENTURES LIMITED,Power,21
Juniper Hotels Limited,Leisure Services,21
Jyoti CNC Automation Limited,Industrial Manufacturing,21
Krishna Institute of Medical Sciences,Healthcare Services,21
Le Travenues Technology Ltd.,Leisure Services,21
Ltm Limited,IT - Software,21
MACROTECH DEVELOPERS LTD,Realty,21
Maharashtra Seamless Limited,Industrial Products,21
MIDWEST LTD,Consumer Durables,21
National Aluminium Company Limited September 2026 Future,Non - Ferrous Metals,21
National Organic Chemical Ltd.,Chemicals & Petrochemicals,21
Oil India Ltd,Oil,21
OnEMI Technology Solutions LTD,Finance,21
P N Gadgil Jewellers Ltd.,Consumer Durables,21
Pricol Ltd,Auto Components,21
Procter & Gamble Health Ltd.,Pharmaceuticals & Biotechnology,21
Rail Vikas Nigam Ltd,Construction,21
RHI MAGNESITA INDIA LIMITED,Industrial Products,21
Saatvik Green Energy Ltd.,Electrical Equipment,21
Samvardhana Motherson International Limited September 2026 Future,Auto Components,21
Sanofi Consumer Healthcare India Ltd,Pharmaceuticals & Biotechnology,21
SKF India Industrial Limited,Industrial Products,21
Star Health & Allied Insurance,Insurance,21
Symbiotec Pharmalab Ltd.,Pharmaceuticals,21
Tata Teleservices (Maharastra) Ltd.,Telecom - Services,21
The Bombay Burmah Trading Corporation Ltd.,Food Products,21
The Federal Bank Ltd,Financial Services,21
Torrent Pharmaceuticals Limited September 2026 Future,Pharmaceuticals & Biotechnology,21
UltraTech Cement Ltd,Basic Materials,21
YES BANK LTD,Banks,21
ZF Commercial Vehicle Ctrl Sys Ind Ltd.,Auto Components,21
360 One Wam Limited,Capital Markets,20
Aadhar Housing Finance Ltd,Finance,20
AHLUWALIA CONTRACTS (INDIA) LTD,Construction,20
AJANTA PHARMA LIMITED,PHARMACEUTICALS & BIOTECHNOLOGY,20
Ajax Engineering Ltd.,"Agricultural, Commercial & Construction Vehicles",20
Aptus Value Housing Finance,Finance,20
Arkade Developers Ltd.,Realty,20
Artemis Medicare Services Limited,Healthcare Services,20
Ashiana Housing Ltd.,Realty,20
Authum Investment & Infrastucture Ltd,Finance,20
AWFIS Space Solutions Ltd.,Commercial Services & Supplies,20
BASF India Limited,Chemicals & Petrochemicals,20
Berger Paints India Limited,Consumer Durables,20
Bharti Airtel Ltd. (Covered call) $$,Telecom - Services,20
Billionbrains Garage Ventures Limited,Capital Markets,20
Bombay Burmah Trading Corporation Ltd.,Food Products,20
Carborundum Universal Ltd,Industrial Products,20
Carraro India Limited,Auto Components,20
Ceigall India Ltd.,Construction,20
CG Power and Industrial Solutions Limited September 2026 Future,Electrical Equipment,20
Coal India Ltd. (Covered call) $$,Consumable Fuels,20
CUMMINS INDIA LIMITED,INDUSTRIAL PRODUCTS,20
Data Patterns India Ltd.,Aerospace & Defense,20
DCB BANK LTD,Banks,20
EQ - ABBOTT INDIA LTD.,Pharmaceuticals & Biotechnology,20
EQ - AMBUJA CEMENTS LTD.,Cement & Cement Products,20
EQ - COROMANDEL INTERNATIONAL LTD.,Fertilizers & Agrochemicals,20
EQ - HINDUSTAN PETROLEUM CORPN. LTD,Petroleum Products,20
EQ - HITACHI ENERGY INDIA LTD,Electrical Equipment,20
EQ - ICICI PRUDENTIAL ASSET MANAGEMENT COMPANY LIMITED,Capital Markets,20
EQ - MUTHOOT FINANCE LTD.,Finance,20
EQ - OBEROI REALTY LIMITED,Realty,20
EQ - SUPREME INDUSTRIES LTD.,Industrial Products,20
EQ - VEDANTA OIL AND GAS LTD.,Oil,20
EQ - VEDANTA POWER LTD.,Power,20
EQ - VOLTAS LTD.,Consumer Durables,20
EQ - VRL LOGISTICS LTD,Transport Services,20
EQ AVENUE SUPERMARTS LTD.,RETAILING,20
EQ BARBEQUE NATION HOSPITALITY LTD,UNCLASSIFIED,20
EQ CARBORANDUM UNIVERSAL LTD.,INDUSTRIAL PRODUCTS,20
EQ CERA SANITARYWARE LTD.,CONSUMER DURABLES,20
EQ CHOLAMANDALAM INVESTMENT & FINANCE COMPANY LTD,FINANCE,20
EQ CITY UNION BANK LTD,BANKS,20
EQ ENDURANCE TECHNOLOGIES LTD.,AUTO ANCILLARIES,20
EQ ESCORTS LTD.,AUTO,20
EQ FIRSTSOURCE SOLUTIONS LTD.,SOFTWARE,20
EQ GLAND PHARMA LTD,PHARMACEUTICALS,20
EQ GODREJ CONSUMER PRODUCTS LTD,CONSUMER NON DURABLES,20
EQ HINDUSTAN PETROLEUM CORPORATION LTD.,PETROLEUM PRODUCTS.,20
EQ ICICI LOMBARD GENERAL INSURANCE COMPANY LTD,INSURANCE,20
EQ INDRAPRASTHA GAS LTD,GAS.,20
EQ ISGEC HEAVY ENGINEERING LTD,UNCLASSIFIED,20
EQ JAMNA AUTO INDUSTRIES LTD.,AUTO ANCILLARIES,20
EQ KEC INTERNATIONAL LTD.,POWER.,20
EQ KNR CONSTRUCTIONS LTD,CONSTRUCTION,20
EQ LUPIN LTD.,PHARMACEUTICALS,20
EQ MARICO LTD.,CONSUMER NON DURABLES,20
EQ MPHASIS LTD,SOFTWARE,20
EQ MTAR TECHNOLOGIES LTD,UNCLASSIFIED,20
EQ NESTLE INDIA LTD.,CONSUMER NON DURABLES,20
EQ OBEROI REALTY LIMITED,CONSTRUCTION,20
EQ RALLIS INDIA LTD.,PESTICIDES,20
EQ RAMCO CEMENTS LTD.,CEMENT & CEMENT PRODUCTS,20
EQ SCHAEFFLER INDIA LTD,INDUSTRIAL PRODUCTS,20
EQ SHEELA FOAM LTD.,CONSUMER DURABLES,20
EQ SHREE CEMENT LTD.,CEMENT & CEMENT PRODUCTS,20
EQ SUPREME INDUSTRIES LTD.,INDUSTRIAL PRODUCTS,20
EQ TUBE INVESTMENTS OF INDIA LTD,AUTO ANCILLARIES,20
EQ UNITED BREWERIES LTD.,CONSUMER NON DURABLES,20
EQ WHIRLPOOL OF INDIA LTD.,CONSUMER DURABLES,20
EQ ZOMATO LTD,RETAILING,20
FIEM Industries Limited,Auto Components,20
FORCE MOTORS LTD,Automobiles,20
FORTIS HEALTHCARE LIMITED,HEALTHCARE SERVICES,20
Gabriel India Ltd,Auto Components,20
Gateway Distriparks Ltd,Transport Services,20
GNG Electronics Ltd,IT - Hardware,20
Gufic Biosciences Ltd.,Pharmaceuticals & Biotechnology,20
Hawkins Cookers Limited,Consumer Durables,20
Hindustan Foods Ltd,Diversified FMCG,20
Housing & Urban Development Corporation Ltd.,Finance,20
HOUSING AND URBAN DEVELOPMENT CORP. LTD.,FINANCE,20
ICICI PRUDENTIAL LIFE INSURANCE COMPANY,INSURANCE,20
IIFL Capital Services Ltd.,Capital Markets,20
Infosys Ltd # ~~,IT - Software,20
Kalpataru Ltd.,Realty,20
Kewal Kiran Clothing Limited,Textiles & Apparels,20
Kirloskar Ferrous Industries Limited,Ferrous Metals,20
KIRLOSKAR PNEUMATIC CO.LTD.,Industrial Products,20
KOTAK MUTUAL FUND - KOTAK GOLD ETF,ETF Units,20
Krsnaa Diagnostics Ltd.,Healthcare Services,20
KSB Ltd,Industrial Products,20
LTIMINDTREE LTD,IT - SOFTWARE,20
MAHINDRA & MAHINDRA FINANCIAL SERV LTD.,FINANCE,20
Maruti Suzuki India Ltd. (Covered call) $$,Automobiles,20
MAX FINANCIAL SERVICES LIMITED,INSURANCE,20
MRF LTD,Auto Components,20
Mrs. Bectors Food Specialities Limited,Food Products,20
National Aluminium Co Limited,Non - Ferrous Metals,20
Nephrocare Health Service Pvt. Ltd.,Healthcare Services,20
NMDC LIMITED,MINERALS & MINING,20
NOCIL Limited,Chemicals & Petrochemicals,20
Nucleus Software Exports Limited,IT - Software,20
OBEROI REALTY LIMITED,REALTY,20
Oil & Natural Gas Corporation Ltd. (Covered call) $$,Oil,20
Orient Electric Ltd,Consumer Durables,20
PB FINTECH LIMITED,FINANCIAL TECHNOLOGY (FINTECH),20
PDS Ltd,Textiles & Apparels,20
Pondy Oxides & Chemicals Ltd,Diversified Metals,20
PRESTIGE ESTATES PROJECTS LIMITED,REALTY,20
RailTel Corporation of India Ltd.,Telecom - Services,20
SBI Life Insurance Company Ltd. (Covered call) $$,Insurance,20
SBI Silver ETF,Mutual Fund/ETF,20
SIEMENS LIMITED,ELECTRICAL EQUIPMENT,20
Sigma Advanced Systems Limited,Aerospace & Defense,20
Stanley Lifestyles Limited,Consumer Durables,20
State Bank of India !! ~~,Banks,20
Studds Accessories Ltd.,Auto Components,20
Styrenix Performance Materials Ltd.,Chemicals & Petrochemicals,20
SUNDARAM FINANCE LIMITED,FINANCE,20
Syngene International Ltd,Healthcare Services,20
Technocraft Industries (India) Limited,Industrial Products,20
THE PHOENIX MILLS LIMITED,REALTY,20
WAAREE Energies Ltd,Electrical Equipment,20
Welspun Enterprises Limited,Construction,20
Adani Power Limited September 2026 Future,Power,19
Aegis Vopak Terminals Ltd,Oil,19
Alkem Laboratories Limited September 2026 Future,Pharmaceuticals & Biotechnology,19
Amazon Com Inc,Broadline Retail,19
Ashok Leyland Limited September 2026 Future,"Agricultural, Commercial & Construction Vehicles",19
AUTHUM INVESTMENT & INFRASTRUCTURE LTD.,Finance,19
BAJAJ HOUSING FINANCE LTD.,Finance,19
BHARAT DYNAMICS LTD.,Aerospace and Defense,19
BIRLASOFT LTD,IT - Software,19
BLS INTERNATIONAL SERVICES LTD,Leisure Services,19
Castrol (India) Ltd.,Petroleum Products,19
Cello World Limited,Consumer Durables,19
Cipla Limited September 2026 Future,Pharmaceuticals & Biotechnology,19
Clean Science And Technology Limited,Chemicals & Petrochemicals,19
Coal India Limited September 2026 Future,Consumable Fuels,19
CYIENT LTD,IT - Services,19
Dabur India Ltd,Personal Products,19
DLF Limited September 2026 Future,Realty,19
EQ - AAVAS FINANCIERS LTD.,Finance,19
EQ - ADANI POWER LTD.,Power,19
EQ - CREDITACCESS GRAMEEN LTD,Finance,19
EQ - ERIS LIFESCIENCES LTD,Pharmaceuticals & Biotechnology,19
EQ - KIRLOSKAR OIL ENGINES LTD,Industrial Products,19
EQ - PNB HOUSING FINANCE LTD.,Finance,19
EQ - SONA BLW PRECISION FORGING LTD,Auto Components,19
EQ GHCL LTD.,CHEMICALS,19
Glenmark Pharmaceuticals Limited September 2026 Future,Pharmaceuticals & Biotechnology,19
Godrej Properties Limited September 2026 Future,Realty,19
Happiest Minds Technologies Limited,IT - Software,19
HDFC Asset Management Company Limited September 2026 Future,Capital Markets,19
Hexaware Technologies Ltd,IT - Software,19
HEXAWARE TECHNOLOGIES LTD,IT - Software,19
Hindustan Unilever Limited September 2026 Future,Diversified FMCG,19
Home First Finance Co India Limited,Finance,19
HOUSING & URBAN DEVELOPMENT CORPORATION LTD.,Finance,19
India Infoline Ltd,Finance,19
Indian Energy Exchange Ltd,Capital Markets,19
INDIAN RENEWABLE ENERGY DEVELOPMENT AGENCY LTD.,Finance,19
Jsw Dulux Limited,Consumer Durables,19
JSW INFRASTRUCTURE LIMITED,Transport Infrastructure,19
KPIT TECHNOLOGIES LTD,IT - Software,19
L&T Finance Ltd,Finance,19
L&T TECHNOLOGY SERVICES LTD,IT - Services,19
Lalithaa Jewellery Mart Ltd.,Consumer Durables,19
LLOYDS METALS AND ENERGY LTD.,Minerals and Mining,19
Marksans Pharma Ltd,Pharmaceuticals and Biotechnology,19
Max Financial Services Limited September 2026 Future,Insurance,19
MEESHO LTD,Retailing,19
MMTC Ltd.,Commercial Services & Supplies,19
Nifty 50 Index $$,Index Futures/Options,19
Oil & Natural Gas Corporation Limited September 2026 Future,Oil,19
Pidilite Industries Limited September 2026 Future,Chemicals & Petrochemicals,19
PINE LABS LTD,Financial Technology (Fintech),19
Pitti Engineering Limited,Industrial Manufacturing,19
Power Grid Corporation of India Limited September 2026 Future,Power,19
Praj Industries Ltd,Industrial Manufacturing,19
Railtel Corporation Of India Limited,Telecom - Services,19
Rites Limited,Construction,19
SBI Life Insurance Company Limited September 2026 Future,Insurance,19
SKF INDIA Industrial Ltd.,Industrial Products,19
SML Mahindra Ltd,"Agricultural, Commercial & Construction Vehicles",19
Strides Pharma Science Limited,Pharmaceuticals & Biotechnology,19
TATA INVESTMENT CORPORATION LTD.,Finance,19
Tata Power Company Limited September 2026 Future,Power,19
The Phoenix Mills Limited September 2026 Future,Realty,19
TVS Supply Chain Solutions Limited,Transport Services,19
UTI Asset Management Co Limited,Capital Markets,19
Varun Beverages Limited September 2026 Future,Beverages,19
Yes Bank Limited September 2026 Future,Banks,19
ZENSAR TECHNOLOGIES LTD,IT - Software,19
6% Cum Non-Convert Redeemable Pref Sh TVS MOTORS -01/09/2026,Automobiles,18
ACC LTD,Cement & Cement Products,18
ACME SOLAR HOLDINGS LTD,Power,18
ACUTAAS CHEMICALS LTD,Pharmaceuticals & Biotechnology,18
Aditya Birla Capital Ltd,Finance,18
ADITYA BIRLA LIFESTYLE BRANDS LIMITED,Retailing,18
ADITYA BIRLA REAL ESTATE LTD,Realty,18
Advit Jewels Ltd.,Consumer Durables,18
AEQUS LIMITED,Aerospace & Defense,18
AMARA RAJA ENERGY & MOBILITY LTD,Auto Components,18
Amazon com,Internet & Direct Marketing Retail,18
Archean Chemical Industries Ltd.,Chemicals & Petrochemicals,18
ASAHI INDIA GLASS LTD,Auto Components,18
Ask Automotive Ltd,Auto Components,18
ASTRAL LTD (ERSTWHILE ASTRAL POLY TECHNIK LTD),Industrial Products,18
Atlanta Electricals Ltd.,Electrical Equipment,18
Avanti Feeds Limited,Food Products,18
AVENUE SUPERMARTS LTD,Retailing,18
Awfis Space Solutions Ltd,Commercial Services & Supplies,18
AWL AGRI BUSINESS LTD,Agricultural Food & other Products,18
AXIS Bank Ltd.,Banks,18
Bajaj Housing Finance Ltd,Finance,18
Banco Products (I) Limited,Auto Components,18
BAYER CROPSCIENCE LTD,Fertilizers & Agrochemicals,18
Birlasoft LImited,IT - Software,18
Blue Jet Healthcare Limited,Pharmaceuticals & Biotechnology,18
CAPILLARY TECHNOLOGIES,IT - Software,18
Carraro India Ltd,Auto Components,18
Carraro India Ltd.,Auto Components,18
Ceigall India Limited,Construction,18
CG POWER AND INDUSTRIAL SOLUTIONS LTD,Electrical Equipment,18
CHALET HOTELS LTD.,Leisure Services,18
Chemplast Sanmar Ltd.,Chemicals & Petrochemicals,18
Cholamandalam Investment and Finance Company Ltd CCD,Finance,18
CITY UNION BANK LTD.,Banks,18
CMR Green Technologies Ltd,Industrial Products,18
CMS INFO SYSTEMS LIMITED,Commercial Services and Supplies,18
Cognizant Tech Solutions,It Consulting & Other Services,18
Computer Age Management Services,Capital Markets,18
CONTAINER CORPORATION OF INDIA LTD,Transport Services,18
Cupid Ltd.,Personal Products,18
Cyient DLM Limited,Aerospace & Defense,18
DEE DEVELOPMENT ENGINEERS LTD,Industrial Manufacturing,18
Dee Development Engineers Ltd.,Industrial Manufacturing,18
DEVYANI INTERNATIONAL LTD,Leisure Services,18
Divgi Torqtransfer Systems Ltd.,Auto Components,18
Divis Laboratories Ltd,Pharmaceuticals & Biotechnology,18
Dixon Technologies (India) Limited ‡,Consumer Durables,18
DOMS INDUSTRIES LTD,Household Products,18
DSP Gold ETF,Mutual Funds,18
DSP Short Term Fund,Mutual Funds,18
EIH LTD,Leisure Services,18
Electronics Mart India Limited,Retailing,18
Electronics Mart India Ltd.,Retailing,18
Embassy Office Parks (REIT),Realty,18
Epack Prefab Technologies Limited,Industrial Manufacturing,18
EQ - BANK OF BARODA,Banks,18
EQ - BHARTI HEXACOM LTD,Telecom - Services,18
EQ - CRISIL LTD.,Finance,18
EQ - GHCL LTD.,Chemicals & Petrochemicals,18
EQ - J.K.CEMENT LTD,Cement & Cement Products,18
EQ - JIO FINANCIAL SERVICES LTD,Finance,18
EQ - LENSKART SOLUTIONS LTD,Retailing,18
EQ - NIPPON LIFE INDIA ASSET MANAGE,Capital Markets,18
EQ - NMDC LTD.,Minerals & Mining,18
EQ - PROCTER & GAMBLE HYGIENE & HEL,Personal Products,18
EQ - RADICO KHAITAN LTD.,Beverages,18
EQ - TATA CAPITAL LTD,Finance,18
EQ - TATA ELXSI LTD.,IT - Software,18
EQ - TD POWER SYSTEMS LTD.,Electrical Equipment,18
EQ - UNO MINDA LTD,Auto Components,18
EQ - ZYDUS LIFESCIENCES LTD,Pharmaceuticals & Biotechnology,18
Five Star Business Finance Ltd,Finance,18
FIVE-STAR BUSINESS FINANCE LTD,Finance,18
G R INFRAPROJECTS LTD,Construction,18
Glenmark Pharmaceuticals Ltd 29/09/2026,Pharmaceuticals & Biotechnology,18
GLOBAL HEALTH LTD,Healthcare Services,18
Godavari Biorefineries Limited,Diversified FMCG,18
Gokul Agro Resources Ltd.,Agricultural Food & other Products,18
HAPPY FORGINGS LTD,Industrial Products,18
Healthcare Global Enterprises Ltd.,Healthcare Services,18
HeidelbergCement India Ltd.,Cement & Cement Products,18
HFCL LTD,Telecom - Services,18
HSBC Corporate Bond Fund - Direct Growth,Internal - Mutual Fund Units,18
HSBC Mutual Fund,Exchange Traded Funds,18
ICICI Prudential Corporate Bond Fund- Direct Plan - Growth,Capital Markets,18
ICICI Prudential Nifty Auto ETF,Capital Markets,18
ICICI Prudential Nifty FMCG ETF,Capital Markets,18
IFB Industries Limited,Consumer Durables,18
INDIAN OIL CORPORATION LTD,Petroleum Products,18
Indian Renewable Energy Dev Agency Ltd.,Finance,18
Indigo Paints Ltd.,Consumer Durables,18
Indus Towers Ltd (Prev Bharti Infratel Ltd),Telecom - Services,18
Innova Captab Ltd,Pharmaceuticals & Biotechnology,18
INNOVA CAPTABS LTD,Pharmaceuticals and Biotechnology,18
INOX WIND LTD,Electrical Equipment,18
InterGlobe Aviation Ltd,Industrials,18
Jamna Auto Industries Limited,Auto Components,18
JINDAL SAW LTD,Industrial Products,18
JSW INFRASTRUCTURE LTD,Transport Infrastructure,18
KALYAN JEWELLERS INDIA LTD,Consumer Durables,18
KARUR VYSYA BANK LTD,Banks,18
KAYNES TECHNOLOGY LTD,Industrial Manufacturing,18
KEC INTERNATIONAL LTD,Construction,18
KNOWLEDGE REALTY TRUST,Realty,18
KROSS LIMITED,Auto Components,18
LASER POWER & INFRA LTD,Industrial Products,18
Laser Power and Infra Limited,Industrial Products,18
Le Travenues Technology Limited,Leisure Services,18
LODHA DEVELOPERS LTD,Realty,18
Lohia Corp Ltd,Industrial Manufacturing,18
M&B Engineering Limited,Construction,18
MAZAGON DOCK SHIPBUILDERS LTD,Industrial Manufacturing,18
Mindspace Business Parks Reit,Realty,18
MMTC Ltd,Commercial Services & Supplies,18
National Aluminium Co Ltd,Non - Ferrous Metals,18
NAVNEET EDUCATION LTD,Household Products,18
NETWEB TECHNOLOGIES INDIA LTD.,IT - Services,18
NEULAND LABORATORIES LTD,Pharmaceuticals & Biotechnology,18
Nike Inc,Consumer Durables,18
NIVA BUPA HEALTH INSURANCE COMPANY LTD,Insurance,18
Numero Uno International Ltd.,IT - Services,18
Nvidia Corp,IT - Hardware,18
Oil and Natural Gas Corporation Ltd.,Oil,18
Onesource Specialty Pharma Ltd,Pharmaceuticals & Biotechnology,18
ORIENT ELECTRIC LTD,Consumer Durables,18
Oswal Pumps Ltd.,Industrial Products,18
PCBL Limited,Chemicals & Petrochemicals,18
PFIZER LTD,Pharmaceuticals & Biotechnology,18
PIDILITE INDUSTRIES LTD,Chemicals & Petrochemicals,18
PIRAMAL PHARMA LTD,Pharmaceuticals & Biotechnology,18
Pokarna Ltd.,Consumer Durables,18
PRICOL LTD,Auto Components,18
Prism Johnson Ltd.,Cement & Cement Products,18
Procter & Gamble Hygiene and Health Care Limited,Personal Products,18
PTC India Financial Services Limited,Finance,18
QUADRANT FUTURE TEK LIMITED,Industrial Products,18
RAIL VIKAS NIGAM LTD,Construction,18
RATNAMANI METALS & TUBES LTD,Industrial Products,18
ROSSELL TECHSYS LTD.,Aerospace and Defense,18
Sai Parenterals Limited,Pharmaceuticals & Biotechnology,18
SHADOWFAX TECHNOLOGIES LTD,Transport Services,18
Sharda Cropchem Ltd.,Fertilizers & Agrochemicals,18
Sirca Paints India Ltd.,Consumer Durables,18
SK Hynix Inc,IT - Hardware,18
State Bank of India 29/09/2026,Banks,18
Suryoday Small Finance Bank Limited,Banks,18
SYRMA SGS TECHNOLOGY LTD,Industrial Manufacturing,18
Taiwan Semiconductor Sp ADR,Semiconductors,18
TATA GOLD EXCHANGE TRADED FUND,CAPITAL MARKETS,18
Tata Power Company Limited 29/09/2026,Power,18
TeamLease Services Ltd.,Commercial Services & Supplies,18
TEMPSENS INSTRUMENTS (INDIA) LIMITED,Industrial Manufacturing,18
The South Indian Bank Ltd.,Banks,18
Tips Music Ltd.,Entertainment,18
TRAVEL FOOD SERVICES LTD,Leisure Services,18
TTK Prestige Ltd.,Consumer Durables,18
TVS MOTOR COMPANY LTD (PREFERENCE SHARE) EX DT - 25/08/2025,Automobiles,18
UNITED BREWERIES LTD,Beverages,18
VA Tech Wabag Ltd.,Other Utilities,18
Vedanta Oil & Gas Limited,Oil,18
Vikram Solar Ltd,Electrical Equipment,18
Waterways Leisure Tourism Limited,Leisure Services,18
West Coast Paper Mills Limited,"Paper, Forest & Jute Products",18
WEST COAST PAPER MILLS LTD,"Paper, Forest & Jute Products",18
Zinka Logistics Solutions Ltd,Transport Services,18
Aditya Birla Capital Limited September 2026 Future,Finance,17
Apollo Micro Systems Limited,Aerospace & Defense,17
Astral Poly Technik Ltd.,Industrial Products,17
Automotive Axles Ltd,Auto Components,17
Balaji Amines Limited,Chemicals & Petrochemicals,17
BSE Limited September 2026 Future,Capital Markets,17
CANARA HSBC LIFE INSURANCE COMPANY LIMITED,Insurance,17
CENTRAL BANK OF INDIA,Banks,17
CMS Info Systems Limited,Commercial Services & Supplies,17
Crisil Ltd.,Finance,17
Deepak Fertilizers and Petro. Corp. Ltd,Chemicals & Petrochemicals,17
Enviro Infra Engineers Limited,Other Utilities,17
EQ - CIE AUTOMOTIVE INDIA LTD,Auto Components,17
EQ - COHANCE LIFESCIENCES LIMITED,Pharmaceuticals & Biotechnology,17
EQ - DCM SHRIRAM LTD.,Diversified,17
EQ - ECLERX SERVICES LTD.,Commercial Services & Supplies,17
EQ - EMCURE PHARMACEUTICALS LTD,Pharmaceuticals & Biotechnology,17
EQ - INDIAN OIL CORPORATION LTD.,Petroleum Products,17
EQ - ONE 97 COMMUNICATIONS LTD,Financial Technology (Fintech),17
EQ - SYNGENE INTERNATIONAL LTD.,Healthcare Services,17
FDC Limited,Pharmaceuticals & Biotechnology,17
Fedbank Financial Ser Ltd,Finance,17
HAPPY FORGINGS LIMITED,Industrial Products,17
HDB Financial Services Ltd,Finance,17
Hindustan Petroleum Corporation Limited September 2026 Future,Petroleum Products,17
INDIAN OVERSEAS BANK,Banks,17
Indian Renewable Energy Dev Agency Ltd,Finance,17
Indiqube Spaces Ltd.,Commercial Services & Supplies,17
International Gemmological Institute Ltd,Commercial Services & Supplies,17
JBM Auto Ltd,Auto Components,17
Jupiter Wagons Ltd,Industrial Manufacturing,17
Kovai Medical Center and Hospital Limited,Healthcare Services,17
Mishra Dhatu Nigam Ltd.,Aerospace & Defense,17
Multi Commodity Exchange of India Limited September 2026 Future,Capital Markets,17
Olectra Greentech Ltd,Automobiles,17
Radico Khaitan Limited September 2026 Future,Beverages,17
Rain Industries Limited,Chemicals & Petrochemicals,17
Shilpa Medicare Ltd,Pharmaceuticals & Biotechnology,17
Shoppers Stop Limited,Retailing,17
Spicejet Ltd.,Transportation,17
SUN TV Network Limited,Entertainment,17
Tanla Platforms Limited,IT - Software,17
UCO BANK,Banks,17
Wework India Management Ltd.,Commercial Services & Supplies,17
Zydus Lifesciences Limited September 2026 Future,Pharmaceuticals & Biotechnology,17
ADANI TOTAL GAS LIMITED,Gas,16
Affle (India) Ltd.,IT - Services,16
Alivus Life Sciences Ltd.,Pharmaceuticals & Biotechnology,16
Anant Raj Ltd,Realty,16
Bajaj Consumer Care Ltd.,Personal Products,16
Birla Corporation Ltd,Cement & Cement Products,16
Brigade Hotel Ventures Limited,Leisure Services,16
Cadila Healthcare Ltd.,Pharmaceuticals,16
Camlin Fine Sciences Ltd.,Chemicals & Petrochemicals,16
Canara Robeco Asset Management Company Ltd,Capital Markets,16
CENTRAL DEPOSITORY SERVICES (INDIA) LTD.,Capital Markets,16
CG Power & Industrial Solutions Ltd,Industrials,16
Chemplast Sanmar Limited,Chemicals & Petrochemicals,16
Chemtech Industrial Valves Ltd.,Industrial Manufacturing,16
Chennai Super Kings Ltd,Leisure Services,16
CMS Info System Limited,Commercial Services & Supplies,16
COROMANDEL INTERNATIONAL LTD,Fertilizers & Agrochemicals,16
Creditaccess Grameen Ltd,Finance,16
Crizac Limited,Retailing,16
CUBE HIGHWAYS TRUST,Transport Infrastructure,16
DEE DEVELOPMENT ENGINEEERS LTD,Industrial Manufacturing,16
DHOOT TRANSMISSION LTD,Auto Components,16
Dilip Buildcon Ltd.,Construction,16
Dr Agarwal's Eye Hospital Ltd.,Healthcare Services,16
eMudhra Limited,IT - Services,16
Entertainment Network (India) Ltd.,Entertainment,16
EPACK DURABLE LTD,Consumer Durables,16
EPL Ltd.,Industrial Products,16
EQ - CANARA BANK,Banks,16
EQ - FSN E-COMMERCE VENTURES(NYKAA),Retailing,16
EQ - INDIAN RAILWAY CATERING & TOUR,Leisure Services,16
EQ - JINDAL STEEL LIMITED,Ferrous Metals,16
EQ - L&T TECHNOLOGY SERVICES LTD,IT - Services,16
EQ - LIC HOUSING FINANCE LTD.,Finance,16
EQ - MAZAGOAN DOCK SHIPBUILDERS LTD,Industrial Manufacturing,16
EQ - MTAR TECHNOLOGIES LTD,Electrical Equipment,16
EQ - PUNJAB NATIONAL BANK,Banks,16
EQ - SBI FUNDS MANAGEMENT LIMITED,Capital Markets,16
EQ - SIEMENS ENERGY INDIA LIMITED,Electrical Equipment,16
EQ - SKF INDIA LTD.,Auto Components,16
EQ - SPR Auto Technologies Limited,Auto Components,16
EQ - YES BANK LTD.,Banks,16
EQ CIPLA LTD.,PHARMACEUTICALS,16
EQ EMAMI LTD.,CONSUMER NON DURABLES,16
EQ GUJARAT STATE PETRONET LTD.,GAS.,16
EQ IPCA LABORATORIES LTD.,PHARMACEUTICALS,16
EQ MOTHERSON SUMI SYSTEM LTD.,AUTO ANCILLARIES,16
EQ SUN TV NETWORK LTD.,ENTERTAINMENT,16
EQ WIPRO LTD.,SOFTWARE,16
EQ- JUPITER LIFE LINE HOSPITALS LTD,Healthcare Services,16
Fertilizers and Chemicals Travancore Ltd,Fertilizers & Agrochemicals,16
Freeport-McMoRan Inc,Non - Ferrous Metals,16
GOKALDAS EXPORTS LTD,Textiles & Apparels,16
GRASIM INDUSTRIES LTD^,Cement & Cement Products,16
Great Eastern Shipping Co Ltd,Transport Services,16
Greenlam Industries Limited,Consumer Durables,16
Harsha Engineers International Limited,Industrial Products,16
Hatsun Agro Product Limited,Food Products,16
Hawkins Cookers Ltd.,Consumer Durables,16
HINDUSTAN COPPER LIMITED,Non - Ferrous Metals,16
Hindustan UniLever Ltd,Diversified Fmcg,16
Honda India Power Products Limited,Industrial Manufacturing,16
ICICI Prudential Gold ETF,Mutual Fund,16
ICICI Prudential Large cap Fund - Direct Plan - Growth,Capital Markets,16
India Shelter Finance Corporation Ltd.,Finance,16
Indian Railway Catering And Tourism Corp Ltd,Leisure Services,16
Indo Tech Transformers Limited,Electrical Equipment,16
Indoco Remedies Ltd.,Pharmaceuticals & Biotechnology,16
Inox Green Energy Services Limited,Commercial Services & Supplies,16
JK Paper Ltd.,"Paper, Forest & Jute Products",16
Kaveri Seed Company Limited,Agricultural Food & other Products,16
Kilburn Engineering Limited,Industrial Manufacturing,16
KLA Corporation,Semiconductor Materials & Equipment,16
KOTAK MUTUAL FUND - KOTAK SILVER ETF,ETF Units,16
Landmark Cars Limited,Automobiles,16
LTIMindtree Limited,IT - Software,16
MOIL Limited,Minerals & Mining,16
MOIL Ltd.,Minerals & Mining,16
Navkar Corporation Limited,Transportation,16
Onemi Technology Solutions Ltd.,Finance,16
PNGS REVA DIAMOND JEWELLERY LTD,Consumer Durables,16
Power Finance Corp Ltd,Financial Services,16
QUALCOMM INC,Semiconductors,16
R R Kabel Ltd,Industrial Products,16
Rain Industries Ltd.,Chemicals & Petrochemicals,16
Ramkrishna Forgings Ltd,Auto Components,16
Rico Auto Industries Limited,Auto Ancillaries,16
Safari Industries India Ltd.,Consumer Durables,16
Schneider Electric Infrastructure Ltd,Electrical Equipment,16
SHIVALIK BIMETAL CONTROLS LIMITED,Industrial Products,16
SIEMENS ENERGY INDIA LIMITED,Electrical Equipment,16
Somany Ceramics Limited,Consumer Durables,16
Sona Blw Precision Forgings Ltd,Auto Components,16
Spandana Sphoorty Financial Limited,Finance,16
STATE BANK OF INDIA^,Banks,16
Sterling and Wilson Renewable Energy Ltd.,Construction,16
STERLITE TECHNOLOGIES LIMITED,Telecom -  Equipment & Accessories,16
Stove Kraft Limited,Consumer Durables,16
Stylam Industries Ltd.,Consumer Durables,16
Subros Ltd,Industrial Products,16
Sudarshan Chemical Industries Ltd.,Chemicals & Petrochemicals,16
SUN TV NETWORK LTD,Entertainment,16
TATA CORPORATE BOND FUND,CAPITAL MARKETS,16
TATA MOTORS LTD,"Agricultural, Commercial & Construction Vehicles",16
Tatva Chintan Pharma Chem Limited,Chemicals & Petrochemicals,16
Tesla Inc,Automobile Manufacturers,16
The Bombay Burmah Trading Corp. Ltd,Food Products,16
THE GREAT EASTERN SHIPPING CO.LTD,Transport Services,16
The Karnataka Bank Ltd.,Banks,16
Tilaknagar Industries Ltd.,Beverages,16
TIME TECHNOPLAST LTD,Industrial Products,16
TRUALT BIOENERGY LTD,Agricultural Food & other Products,16
TV18 Broadcast Limited,Media & Entertainment,16
UFO Moviez India Limited,Media & Entertainment,16
URBAN COMPANY LIMITED,Retailing,16
Varroc Engineering Ltd.,Auto Components,16
Vesuvius India Ltd,Industrial Products,16
Vintage Coffee And Beverages Limited,Agricultural Food & other Products,16
VST Industries Ltd.,Cigarettes & Tobacco Products,16
WIPRO LTD,IT - Software,16
Xtranet Technologies Ltd.,IT - Services,16
Adani Ports & Special Economic Zone Ltd,Industrials,15
Alok Industries Limited,Textiles & Apparels,15
Balu Forge Industries Ltd.,Industrial Products,15
Booking Holdings Inc,"Hotels, Resorts & Cruise Lines",15
Cartrade Tech Ltd,Retailing,15
Castrol India Ltd,Petroleum Products,15
CELLO WORLD LIMITED,Consumer Durables,15
Central Mine Planning & Design Inst Ltd.,Commercial Services & Supplies,15
Coca Cola Co.,Soft Drinks & Non-alcoholic Beverages,15
Colgate Palmolive (India) Ltd,Personal Products,15
Dexcom Inc,Health Care Equipment,15
Dilip Buildcon Limited,Construction,15
Emcure Pharmaceuticals Ltd,Pharmaceuticals & Biotechnology,15
EQ - BLUE JET HEALTHCARE LTD,Pharmaceuticals & Biotechnology,15
EQ - GILLETTE INDIA LTD.,Personal Products,15
EQ - POWER FINANCE CORPORATION LTD.,Finance,15
EQ - SAI LIFE SCIENCES LTD,Pharmaceuticals & Biotechnology,15
EQ - UNION BANK OF INDIA,Banks,15
EQ - VIJAYA DIAGNOSTIC CENTRE LTD,Healthcare Services,15
Eris LifeSciences Limited,Pharmaceuticals & Biotechnology,15
FINOLEX INDUSTRIES LTD,Industrial Products,15
GILEAD SCIENCES INC,Biotechnology,15
GMR Power and Urban Infra Limited,Power,15
Grasim Industries Limited September 2026 Future,Cement & Cement Products,15
Hemisphere Properties India Limited,Commercial Services & Supplies,15
HERITAGE FOODS LTD,Food Products,15
Honeywell Automation India Ltd,Industrial Manufacturing,15
Indian Railways Finance Corp. Ltd.,Finance,15
Inox Leisure Ltd.,Entertainment,15
Jai Balaji Industries Limited,Ferrous Metals,15
Jain Resource Recycling Ltd,Diversified Metals,15
Jayaswal Neco Industries Ltd.,Industrial Products,15
Jeena Sikho Lifecare Ltd.,Leisure Services,15
Kirloskar Pneumatic Co. Ltd.,Industrial Products,15
Ksb Limited,Industrial Products,15
Larsen & Toubro Infotech Ltd.,Software,15
Laxmi Organic Industries Limited,Chemicals & Petrochemicals,15
Lloyds Enterprises Ltd.,Metals & Minerals Trading,15
Maharashtra Scooters Ltd.,Finance,15
MOIL LTD,Minerals & Mining,15
Mondelez International Inc,Packaged Foods & Meats,15
MRF Ltd,Auto Components,15
Neogen Chemicals Ltd,Chemicals & Petrochemicals,15
Nestle India Limited September 2026 Future,Food Products,15
Netflix Inc,Movies & Entertainment,15
Network18 Media & Investments Limited,Entertainment,15
Nvidia Corp Com,Semiconductors,15
One 97 Communications Limited September 2026 Future,Financial Technology (Fintech),15
PC Jeweller Ltd.,Consumer Durables,15
Piccadily Agro Industries Ltd.,Beverages,15
Power Mech Projects Ltd,Construction,15
Ravindra Energy Limited,Electrical Equipment,15
RBL Bank Limited September 2026 Future,Banks,15
Refex Industries Ltd.,Other Utilities,15
Relaxo Footwears Limited,Consumer Durables,15
Samhi Hotels Limited,Leisure Services,15
Seagate Technology Holdings PLC,Computer Hardware,15
Shree Renuka Sugars Limited,Agricultural Food & other Products,15
Skipper Ltd.,Electrical Equipment,15
Sri Lotus Developers And Realty Limited,Realty,15
Steel Authority of India Limited September 2026 Future,Ferrous Metals,15
Surya Roshni Limited,Industrial Products,15
Transrail Lighting Limited,Electrical Equipment,15
TSF INVESTMENTS LIMITED,Finance,15
TVS Holdings Limited,Finance,15
TVS Motor Company Limited September 2026 Future,Automobiles,15
Union Bank of India September 2026 Future,Banks,15
VA TECH WABAG LTD,Other Utilities,15
Vaibhav Global Limited,Consumer Durables,15
VOLTAMP TRANSFORMERS LTD,Electrical Equipment,15
Websol Energy System Ltd.,Electrical Equipment,15
Welspun Corp Ltd,Industrial Products,15
Workday Inc,Application Software,15
Yatharth Hospital And Trauma Care Services Limited,Healthcare Services,15
Zaggle Prepaid Ocean Services Ltd.,IT - Services,15
ADANI WILMAR LTD.,Agricultural Food and other Product,14
Allied Blenders and Distillers Ltd.,Beverages,14
Andhra Paper Ltd.,"Paper, Forest & Jute Products",14
Arista Networks Inc,Communications Equipment,14
Arman Financial Services Limited,Finance,14
Augmont Enterprises Limited,Non - Ferrous Metals,14
AUROBINDO PHARMA LTD.,Pharmaceuticals & Biotechnology,14
Axis Bank Ltd $,Banks,14
Axis Bank Ltd. (Covered call) $$,Banks,14
Bajaj Finance Ltd. (Covered call) $$,Finance,14
Bajaj Finserv Ltd. (Covered call) $$,Finance,14
Bata India Ltd,Consumer Durables,14
Bharat Petroleum Corp Ltd,Energy,14
Bharti Airtel Ltd $$,Telecom - Services,14
Bharti Airtel Ltd. | Rights,Telecom - Services,14
CAN FIN HOMES LTD,Finance,14
Charles Schwab Corp,Investment Banking & Brokerage,14
CIPLA LIMITED,PHARMACEUTICALS & BIOTECHNOLOGY,14
Cipla Ltd. (Covered call) $$,Pharmaceuticals & Biotechnology,14
Danaher Corp,Trading,14
DOMS Industries Limited,Household Products,14
Dr. Reddy's Laboratories Ltd. (Covered call) $$,Pharmaceuticals & Biotechnology,14
Ecolab Inc,Specialty Chemicals,14
Eicher Motors Ltd. (Covered call) $$,Automobiles,14
Elecon Engineering Co Ltd,Electrical Equipment,14
Elin Electronics Ltd.,Consumer Durables,14
EQ - ADANI ENERGY SOLUTIONS LTD,Power,14
EQ - APOLLO TYRES LTD.,Auto Components,14
EQ - BANK OF INDIA,Banks,14
EQ - COCHIN SHIPYARD LTD,Industrial Manufacturing,14
EQ - ESCORTS KUBOTA LTD,"Agricultural, Commercial & Construction Vehicles",14
EQ - GODREJ PROPERTIES LTD.,Realty,14
EQ - GULF OIL LUBRICANTS INDIA LTD,Petroleum Products,14
EQ - H G INFRA ENGINEERING LTD.,Construction,14
EQ - HDB FINANCIAL SERVICES LIMITED,Finance,14
EQ - INDO-MIM LIMITED,Industrial Manufacturing,14
EQ - MAHINDRA HOLIDAYS & RESORTS IN,Leisure Services,14
EQ - PATANJALI FOODS LIMITED,Agricultural Food & other Products,14
EQ - RAYMOND LIFESTYLE LTD,Textiles & Apparels,14
EQ - VODAFONE IDEA LTD,Telecom - Services,14
EQ - YATRA ONLINE LTD.,Leisure Services,14
Escorts Ltd.,"Agricultural, Commercial and Constr",14
Eternal Ltd. (Covered call) $$,Retailing,14
FIEM INDUSTRIES LIMITED,Auto Components,14
Fineotex Chemical Limited,Chemicals & Petrochemicals,14
Finolex Cables Ltd,Industrial Products,14
Five-Star Business Finance Ltd.,Finance,14
Genus Power Infrastructures Limited,Electrical Equipment,14
Globus Spirits Limited,Beverages,14
GNA Axles Ltd,Auto Components,14
Gujarat Ambuja Exports Limited,Agricultural Food & other Products,14
HCL Technologies Ltd. (Covered call) $$,It - Software,14
HDFC Life Insurance Co Ltd ## ~~,Insurance,14
HDFC Life Insurance Company Ltd (Covered call) $$,Insurance,14
HINDUSTAN UNILEVER LIMITED,DIVERSIFIED FMCG,14
Hindustan Unilever Ltd. (Covered call) $$,Diversified Fmcg,14
Housing Development Fin. Corp. Ltd.£,Finance,14
Hy-Tech Engineers Limited,Industrial Products,14
ICICI Bank Ltd. (Covered call) $$,Banks,14
ICICI Prudential All Seasons Bond Fund - Direct Plan - Growth,Capital Markets,14
ICICI Prudential Focused Equity Fund - Direct - Growth,Capital Markets,14
ICICI Prudential Large & Mid Cap Fund - Direct Plan - Growth,Capital Markets,14
ICICI Prudential Short Term Fund - Direct Plan - Growth Option,Capital Markets,14
INDRAPRASTHA GAS LTD,Gas,14
INOX Wind Limited,Electrical Equipment,14
ITD Cementation India Ltd.,Construction,14
JBM AUTO LTD.,Auto Components,14
Jsw Dulux Ltd,Consumer Durables,14
Jubilant Foodworks Ltd SEP-2026,Stock Future,14
Jubilant Ingrevia Ltd,Chemicals & Petrochemicals,14
Jubilant Pharmova Sciences Ltd,Pharmaceuticals & Biotechnology,14
Kansai Nerolac Paints Ltd,Consumer Durables,14
Kotak Mahindra Bank Ltd $,Banks,14
Kotak Mahindra Bank Ltd. (Covered call) $$,Banks,14
Larsen & Toubro Ltd ^ ~~,Construction,14
LARSEN & TOUBRO LTD.,Construction,14
Laurus Labs Limited September 2026 Future,Pharmaceuticals & Biotechnology,14
Ltm Ltd,IT - Software,14
Mahindra & Mahindra Ltd ! ^,Automobiles,14
Mahindra & Mahindra Ltd. (Covered call) $$,Automobiles,14
Masco Corp,Building Products,14
METRO BRANDS LTD,Consumer Durables,14
Mold-Tek Packaging Limited,Industrial Products,14
Mold-Tek Packaging Ltd.,Industrial Products,14
Nava Bharat Ventures Ltd.,Power,14
NCC LTD.,Construction,14
NIFTY 23000 Put Sep26,Index Options,14
Nifty 50 Index Put option $$,Index Options,14
NTPC Ltd ^^ ~~,Power,14
Nuvama Wealth & Investment Ltd.,Capital Markets,14
OSWAL PUMPS LIMITED,Industrial Products,14
Physicswallah Ltd,Other Consumer Services,14
Prince Pipes and Fittings Limited,Industrial Products,14
Privi Speciality Chemicals Limited,Chemicals & Petrochemicals,14
Procter & Gamble Hygiene and Health Care Ltd,Personal Products,14
Punjab & Sind Bank,Banks,14
R Systems International Limited,IT - Services,14
Railtel Corporation Of India Ltd,Telecom - Services,14
Raymond Limited,Industrial Manufacturing,14
Reliance Industries Ltd ! ^^,Petroleum Products,14
RITES Ltd.,Construction,14
Rolex Rings Ltd,Auto Components,14
Sarda Energy and Minerals Limited,Ferrous Metals,14
Shoppers Stop Ltd.,Retailing,14
Shreeji Shipping Global Limited,Transport Services,14
Shriram Finance Ltd. (Covered call) $$,Finance,14
Shyam Metalics & Energy Ltd,Industrial Products,14
Skipper Limited,Electrical Equipment,14
SMS Pharmaceuticals Limited,Pharmaceuticals & Biotechnology,14
Sonata Software Ltd,IT - Software,14
Star Health And Allied Insurance Company Ltd,Insurance,14
State Bank Of India (Covered call) $$,Banks,14
State Bank Of India.,Banks,14
SUNDARAM FINANCE LTD.,Finance,14
Suprajit Engineering Limited,Auto Components,14
Symphony Limited,Consumer Durables,14
TANFAC Industries Ltd,Chemicals & Petrochemicals,14
Tata Steel Ltd. (Covered call) $$,Ferrous Metals,14
Tech Mahindra Ltd. (Covered call) $$,It - Software,14
TJX ORD,Apparel Retail,14
Transformers and Rectifiers (India) Ltd.,Electrical Equipment,14
Trent Ltd. (Covered call) $$,Retailing,14
Turtlemint Fintech Solutions Ltd,Financial Technology (Fintech),14
TVS Motor Co Ltd (Non- Convertible Preference Shares),Automobiles,14
Uber Technologies Inc,Passenger Ground Transportation,14
Unicommerce Esolutions Limited,IT - Services,14
V.S.T Tillers Tractors Limited,"Agricultural, Commercial & Construction Vehicles",14
VEEVA SYSTEMS INC,Health Care Technology,14
Welspun India Ltd.,Textiles & Apparels,14
WELSPUN LIVING LIMITED,Textiles & Apparels,14
Zimmer Biomet Holdings Inc,Health Care Equipment,14
Adani Enterprises Limited September 2026 Future,Metals & Minerals Trading,13
Aegis Logistics Ltd,Gas,13
AFFLE 3I LTD,IT - Services,13
Alibaba Group Holding Limited,Retailing,13
Amber Enterprises India Limited September 2026 Future,Consumer Durables,13
Authum Investment & Infrastructure Limited,Finance,13
Awl Agri Business Limited,Agricultural Food & Other Products,13
Bandhan Bank Limited September 2026 Future,Banks,13
BANDHAN BANK LTD,Banks,13
Bharat Petroleum Corporation Limited September 2026 Future,Petroleum Products,13
BHARTI HEXACOM LTD,Telecom - Services,13
Biocon Limited September 2026 Future,Pharmaceuticals & Biotechnology,13
Borosil Renewables Limited,Industrial Products,13
Brainbees Solutions Limited,Retailing,13
Central Depository Services (India) Limited September 2026 Future,Capital Markets,13
CG Power and Industrial Solutions Limited October 2026 Future,Electrical Equipment,13
Cholamandalam Investment and Finance Company Ltd September 2026 Future,Finance,13
Coforge Limited September 2026 Future,IT - Software,13
Container Corporation of India Limited September 2026 Future,Transport Services,13
Data Patterns India Limited,Aerospace & Defense,13
Dcm Shriram Limited,Diversified,13
Delhivery Limited September 2026 Future,Transport Services,13
Dr. Reddy''s Laboratories Ltd,Pharmaceuticals & Biotechnology,13
Elecon Engineering Co Limited,Electrical Equipment,13
EQ - ACME SOLAR HOLDINGS LTD,Power,13
EQ - BANDHAN BANK LTD.,Banks,13
EQ - GRAVITA INDIA LTD.,Minerals & Mining,13
EQ - INDIAN HOTELS COMPANY LTD.,Leisure Services,13
EQ - KFIN TECHNOLOGIES LTD,Capital Markets,13
EQ - RBL BANK LTD,Banks,13
EQ - TBO TEK LTD,Leisure Services,13
EQ -CRAFTSMAN AUTOMATION LTD.,Auto Components,13
Fertilizers And Chemicals Travancore Limited,Fertilizers & Agrochemicals,13
Fortis Healthcare Limited September 2026 Future,Healthcare Services,13
GAIL (India) Limited September 2026 Future,Gas,13
Garden Reach Shipbuilders & Engineers,Aerospace & Defense,13
GE Vernova T&D India Limited September 2026 Future,Electrical Equipment,13
GMR Airports Limited September 2026 Future,Transport Infrastructure,13
Go Digit General Insurance Ltd.,Insurance,13
Godrej Consumer Products Limited September 2026 Future,Personal Products,13
GPT Healthcare Limited,Healthcare Services,13
Great Eastern Shipping Co Limited,Transport Services,13
Gujarat Alkalies and Chemicals Ltd.,Chemicals & Petrochemicals,13
Gujarat Themis Biosyn Ltd,Pharmaceuticals & Biotechnology,13
Heg Limited,Industrial Products,13
Hero MotoCorp Limited September 2026 Future,Automobiles,13
HFCL Ltd,Telecom - Services,13
HIMADRI SPECIALITY CHEMICAL LTD.,Chemicals and Petrochemicals,13
Hindustan Aeronautics Ltd Ordinary Shares,Industrials,13
ICICI Prudential Life Insurance Company Limited September 2026 Future,Insurance,13
Indian Energy Exchange Limited September 2026 Future,Capital Markets,13
Info Edge (India) Limited September 2026 Future,Retailing,13
Infosys Limited September 2026 Future,IT - Software,13
Inox Wind Limited September 2026 Future,Electrical Equipment,13
JM Financial Ltd,Finance,13
Jubilant Foodworks Limited September 2026 Future,Leisure Services,13
Jupiter Life Line Hospitals Ltd,Healthcare Services,13
Kalyan Jewellers India Limited September 2026 Future,Consumer Durables,13
Kirloskar Pneumatic Co Ltd,Industrial Products,13
Life Insurance Corporation Of India September 2026 Future,Insurance,13
LMW Ltd.,Industrial Manufacturing,13
Mangalore Refinery & Petrochemicals Limited,Petroleum Products,13
Mphasis Limited September 2026 Future,IT - Software,13
Muthoot Finance Limited September 2026 Future,Finance,13
NBCC (India) Limited September 2026 Future,Construction,13
Oil India Limited September 2026 Future,Oil,13
Page Industries Limited September 2026 Future,Textiles & Apparels,13
Patanjali Foods Limited September 2026 Future,Agricultural Food & other Products,13
PB Fintech Limited September 2026 Future,Financial Technology (Fintech),13
PG Electroplast Limited September 2026 Future,Consumer Durables,13
PHYSICSWALLAH LTD,Other Consumer Services,13
PNB Housing Finance Limited September 2026 Future,Finance,13
Pondy Oxides & Chemical Ltd.,Diversified Metals,13
Power Finance Corporation Limited September 2026 Future,Finance,13
Prestige Estates Projects Limited September 2026 Future,Realty,13
Punjab National Bank September 2026 Future,Banks,13
Puravankara Limited,Realty,13
PVR Inox Limited,Entertainment,13
Rhi Magnesita India Limited,Industrial Products,13
SBI Cards and Payment Services Limited September 2026 Future,Finance,13
Seshaasai Technologies Ltd.,Financial Technology (Fintech),13
Shipping Corporation of India Limited,Transport Services,13
Shyam Metalics And Energy Limited,Industrial Products,13
Star Health And Allied Insurance Co Limited,Insurance,13
Supreme Industries Limited September 2026 Future,Industrial Products,13
SUVEN PHARMACEUTICALS LTD,Pharmaceuticals and Biotechnology,13
Suzlon Energy Limited September 2026 Future,Electrical Equipment,13
Tamil Nadu Newsprint & Papers Ltd.,"Paper, Forest & Jute Products",13
Tamilnad Mercantile Bank Limited,Banks,13
Tata Consultancy Services Limited September 2026 Future,IT - Software,13
Tata Consumer Products Limited September 2026 Future,Agricultural Food & other Products,13
Tata Teleservices Maharashtra Limited,Telecom - Services,13
TCI Express Limited,Transport Services,13
Tech Mahindra Limited September 2026 Future,IT - Software,13
The Fertilisers and Chemicals.,Fertilizers & Agrochemicals,13
The New India Assurance Co Limited,Insurance,13
The Shipping Corporation Of India Ltd.,Transport Services,13
Transformers And Rectifiers India Limited,Electrical Equipment,13
Tube Investments of India Limited September 2026 Future,Auto Components,13
United Breweries Ltd,Beverages,13
United Spirits Limited September 2026 Future,Beverages,13
Urban Co Limited,Retailing,13
URBAN COMPANY LTD,Retailing,13
Whirlpool Of India Limited,Consumer Durables,13
91 Days Treasury Bills,SOV,12
AADHAR HOUSING FINANCE LTD,Finance,12
AARTI INDUSTRIES LTD,Chemicals & Petrochemicals,12
Aarti Pharmalabs Ltd.,Pharmaceuticals & Biotechnology,12
Abbott Laboratories,Pharmaceuticals & Biotechnology,12
Adani Power Limited 29/09/2026,Power,12
ADANI TOTAL GAS LTD,Gas,12
Ador Welding Limited,Industrial Products,12
Advanced Enzyme Technologies Ltd.,Pharmaceuticals & Biotechnology,12
Aether Industries Ltd,Chemicals & Petrochemicals,12
AFCONS INFRASTRUCTURE LTD,Construction,12
Airbnb INC,Hotels,12
Amazon.com Inc,Retailing,12
APOLLO TYRES LTD,Auto Components,12
Applied Material (US),Semiconductor Equipment,12
ARVIND FASHIONS LTD,Retailing,12
Asia Vital Components Co Ltd,IT - Hardware,12
ATLANTA ELECTRICALS LIMITED,Electrical Equipment,12
AUGMONT ENTERPRISES LIMITED,Non - Ferrous Metals,12
AUGMONT ENTERPRISES LTD,Consumer Durables,12
AWFIS SPACE SOLUTIONS LIMITED,Commercial Services & Supplies,12
BAGMANE PRIME OFFICE REIT,Realty,12
BAJAJ ELECTRICALS LTD,Consumer Durables,12
BAJAJ HOLDINGS & INVESTMENT LTD,Finance,12
BAJAJ HOUSING FINANCE LTD,Finance,12
BASF INDIA LTD,Chemicals & Petrochemicals,12
BELRISE INDUSTRIES LTD.,Auto Components,12
BEML Land Assets Limited,Finance,12
BERGER PAINTS INDIA LTD,Consumer Durables,12
BHARAT ELECTRONICS LIMITED,AEROSPACE & DEFENSE,12
Bharat Rasayan Ltd.,Fertilizers & Agrochemicals,12
BlackRock Global Funds - Sustainable Energy Fund ^^,Foreign Security,12
BLS International Services Ltd,Leisure Services,12
BLUSPRING ENTERPRISES LTD,Commercial Services & Supplies,12
BRAINBEES SOLUTIONS LIMITED,Retailing,12
Capital Small Finance Bank Limited,Banks,12
Caplin Point Laboratories Ltd,Pharmaceuticals & Biotechnology,12
CEMINDIA PROJECTS LTD,Construction,12
CENTRAL DEPOSITORY SERVICES (INDIA) LTD,Capital Markets,12
CHALET HOTELS LTD,Leisure Services,12
CITY UNION BANK LTD,Banks,12
Clean Science and Technology Ltd.,Chemicals & Petrochemicals,12
CMS Info System Ltd,Commercial Services & Supplies,12
"Cognizant Technology Solutions Corp., A",IT - Services,12
COHANCE LIFESCIENCES LTD,Pharmaceuticals & Biotechnology,12
COMPUTER AGE MANAGEMENT SERVICES LTD,Capital Markets,12
Contemporary Amperex Technology Co Limited,Auto Components,12
Copart Inc,Diversified Support Services,12
Cosmo First Limited,Industrial Products,12
CRISIL,Finance,12
Crisil Limited,Finance,12
Crizac Ltd,Retailing,12
CSB Bank Ltd.,Banks,12
DALMIA BHARAT LTD,Cement & Cement Products,12
Datadog INC,Software,12
DCX Systems Limited,Aerospace & Defense,12
Diffusion Engineers Limited,Industrial Products,12
DIGITIDE SOLUTIONS LTD,IT - Services,12
DR. AGARWALS HEALTH CARE LTD,Healthcare Services,12
E2E Networks Ltd.,IT - Services,12
ECLERX SERVICES LTD,Commercial Services & Supplies,12
EID Parry India Ltd.,Food Products,12
ELANTAS BECK INDIA LTD,Chemicals & Petrochemicals,12
ELGI EQUIPMENTS LTD,Industrial Products,12
ELLENBARRIE INDUSTRIAL GASES.,Chemicals & Petrochemicals,12
EMA Partners India Limited,Commercial Services & Supplies,12
EMMVEE PHOTOVOLTAIC POWER LTD,Electrical Equipment,12
Entero Healthcare Solutions Ltd.,Retailing,12
EQ - ABB INDIA LTD.,Electrical Equipment,12
EQ - ACC LTD,Cement & Cement Products,12
EQ - APAR INDUSTRIES LTD,Electrical Equipment,12
EQ - DAMANIA CAPITAL MARKETS LTD.,Not Applicable,12
EQ - FILAMENTS INDIA LIMITED,Not Applicable,12
EQ - FRACTAL ANALYTICS LTD,IT - Software,12
EQ - GEEKAY EXIM (INDIA) LTD.,Not Applicable,12
EQ - GMR AIRPORTS LIMITED,Transport Infrastructure,12
EQ - GUJARAT ENERGY LIMITED,Gas,12
EQ - ITC HOTELS LTD.,Leisure Services,12
EQ - JSW ENERGY LTD,Power,12
EQ - K.P.R.MILL LTD,Textiles & Apparels,12
EQ - KALYAN JEWELLERS INDIA LTD.,Consumer Durables,12
EQ - LINDE INDIA LTD.,Chemicals & Petrochemicals,12
EQ - MAHINDRA LOGISTICS LTD.,Transport Services,12
EQ - MODERN DENIM LTD.,Not Applicable,12
EQ - PROCTOR & GAMBLE HEALTH LTD,Pharmaceuticals & Biotechnology,12
EQ - RADIANT CASH MANAGEMENT SERVICES LTD,Commercial Services & Supplies,12
EQ - SANOFI CONSUMER HEALTHCARE INDIA LTD,Pharmaceuticals & Biotechnology,12
EQ - SBI CARDS & PAYMENTS SERVICES,Finance,12
EQ - SESHAASAI TECHNOLOGIES LIMITED,Financial Technology (Fintech),12
EQ - TELEPHONE CABLES LTD.,Not Applicable,12
EQ - TORRENT POWER LTD.,Power,12
EQ - WAAREE ENERGIES LIMITED,Electrical Equipment,12
EQ BHARAT FORGE LTD.,INDUSTRIAL PRODUCTS,12
EQ CASTROL INDIA LTD.,PETROLEUM PRODUCTS.,12
EQ ERIS LIFESCIENCES LTD,PHARMACEUTICALS,12
EQ FEDERAL BANK LTD.,BANKS,12
EQ GAIL (INDIA) LTD.,GAS.,12
EQ GUJARAT GAS LTD,GAS.,12
EQ NIPPON LIFE INDIA ASSET MANAGEMENT LTD,FINANCE,12
EQ P I INDUSTRIES LTD.,PESTICIDES,12
EQ PRAJ INDUSTRIES LTD.,INDUSTRIAL CAPITAL GOODS,12
EQ SIEMENS INDIA LTD.,INDUSTRIAL CAPITAL GOODS,12
EQ TECH MAHINDRA LTD,SOFTWARE,12
Esab India Limited,Industrial Products,12
Eternal Limited September 2026 Future,Retailing,12
Eternal Limited ‡,Retailing,12
Excelsoft Technologies Limited,IT - Services,12
Facebook Inc,Interactive Media & Services,12
Fiem Industries Ltd,Auto Components,12
Fiem Industries Ltd.,Auto Components,12
FINE ORGANIC INDUSTRIES LIMITED,Chemicals & Petrochemicals,12
Finolex Industries Ltd,Industrial Products,12
FIRSTSOURCE SOLUTIONS LTD.,Commercial Services and Supplies,12
Flair Writing Industries Limited,Household Products,12
Fortinet INC,Software,12
FUJIYAMA POWER SYSTEMS LTD,Electrical Equipment,12
GAIL ( INDIA ) LTD,Gas,12
GANESHA ECOSPHERE LTD,Textiles & Apparels,12
GARDEN REACH SHIPBUILDERS & ENGINEERS LTD,Aerospace and Defense,12
GE HealthCare Technologies Inc,Health Care Equipment,12
GE Power India Limited,Electrical Equipment,12
GENERAL INSURANCE CORPORATION OF INDIA,Insurance,12
Geninnov Global Master Fund,Overseas Mutual Fund,12
GLAND PHARMA LTD,Pharmaceuticals & Biotechnology,12
GLOBUS SPIRITS LIMITED,Beverages,12
GNA Axles Limited,Auto Components,12
Go Fashion (India) Ltd.,Retailing,12
GODAWARI POWER AND ISPAT LIMITED,Industrial Products,12
GODFREY PHILLIPS INDIA LTD,Cigarettes & Tobacco Products,12
GPT Infraprojects Limited,Construction,12
GRANULES INDIA LTD,Pharmaceuticals & Biotechnology,12
Greenpanel Industries Ltd,Consumer Durables,12
Greenply Industries Ltd,Consumer Durables,12
GRINDWELL NORTON LTD,Industrial Products,12
Groww BSE Power ETF,Capital Markets,12
GUJARAT ENERGY LIMITED,Gas,12
Happiest Minds Technologies Ltd.,IT - Software,12
HCL TECHNOLOGIES LIMITED,IT - SOFTWARE,12
HDB FINANCIAL SERVICES LTD,Finance,12
HDFC Asset Management Company Ltd,Capital Markets,12
Hindustan Dorr Oliver Ltd,Engineering Services,12
HONASA CONSUMER LTD.,Personal Products,12
HSBC Dynamic Bond Fund - Direct Growth,Internal - Mutual Fund Units,12
HSBC Medium To Long Duration Fund - Direct Growth,Internal - Mutual Fund Units,12
Hyundai Motor Co Ltd,Automobiles,12
ICICI Pru Nifty PSU Bond Plus SDL Sep 2027 40:60 Index Fund-Direct-Growth,Capital Markets,12
ICICI Prudential Banking and Financial Services Fund - Direct - Growth,Capital Markets,12
ICICI Prudential Bharat Consumption Fund - Direct - Growth,Capital Markets,12
ICICI Prudential BSE Insurance ETF,Capital Markets,12
ICICI Prudential FMCG Fund - Direct Plan - Growth,Capital Markets,12
ICICI Prudential Medium Term Bond Fund - Direct Plan - Growth,Capital Markets,12
ICICI Prudential Nifty Bank ETF,Capital Markets,12
ICICI Prudential Nifty Healthcare ETF,Capital Markets,12
ICICI Prudential Nifty IT ETF,Capital Markets,12
ICICI Prudential Nifty Metal ETF,Capital Markets,12
ICICI Prudential Nifty Oil & Gas ETF,Capital Markets,12
ICICI Prudential Nifty Private Bank ETF,Capital Markets,12
ICICI Prudential Pharma Healthcare and Diagnostics (P.H.D) Fund - Direct Plan - Growth,Capital Markets,12
ICICI Prudential Savings Fund - Direct - Growth,Capital Markets,12
ICICI Prudential Technology Fund - Direct - Growth,Capital Markets,12
ICRA Ltd,Capital Markets,12
IDEAFORGE TECHNOLOGY LIMITED,Aerospace & Defense,12
IFGL Refractories Limited,Industrial Products,12
Igarashi Motors Ltd,Auto Components,12
INDIAN ENERGY EXCHANGE LTD,Capital Markets,12
INDIAN METALS & FERRO ALLOYS LIMITED,Ferrous Metals,12
Indo Count Industries Ltd.,Textiles & Apparels,12
Inox Green Energy Services Ltd.,Commercial Services & Supplies,12
INOX INDIA LTD,Industrial Products,12
Inox India Ltd,Industrial Products,12
INTUIT INC,IT - Software,12
Ircon International Ltd,Construction,12
iShares Global Healthcare ETF,Foreign Security,12
iShares S&P 500 Energy Sector UCITS ETF,Foreign Security,12
J K CEMENT LTD,Cement & Cement Products,12
J.Kumar Infraprojects Ltd.,Construction,12
Jadoonet.Com,Software,12
Jainpur Straw BRD and Paper Ltd.,Miscellaneous,12
JAMNA AUTO INDUSTRIES LTD,Auto Components,12
Jamna Auto Industries Ltd.,Auto Components,12
JIO FINANCIAL SERVICES LIMITED,FINANCE,12
JNK INDIA LIMITED,Industrial Manufacturing,12
K.P.R. MILL LIMITED,Textiles & Apparels,12
KAJARIA CERAMICS LTD,Consumer Durables,12
KALPATARU PROJECTS INTERNATIONAL LTD,Construction,12
Kao Corporation,Personal Care Products,12
KAYNES TECHNOLOGY INDIA LTD,Industrial Manufacturing,12
KEC INTERNATIONAL LTD.,Construction,12
KEYSTONE REALTORS LTD,Realty,12
Kirlosakar Pneumatic Company Ltd,Industrial Products,12
Kirloskar Ferrous Ind Ltd,Ferrous Metals,12
Kotak Low Duration Fund Direct Growth,Mutual Fund,12
Kotak Mahindra Bank Limited 29/09/2026,Banks,12
Kotak Money Market Fund Direct Growth,Mutual Fund,12
Kotak Nifty Chemicals ETF,Capital Markets,12
KRISHNA INSTITUTE OF MEDICAL SCIENCES LTD,Healthcare Services,12
Kross Ltd.,Auto Components,12
KSH INTERNATIONAL,Industrial Products,12
KUSUMGAR LTD,Textiles and Apparels,12
Kwality Wall’s India Ltd,Food Products,12
Laser Power & Infra Ltd,Industrial Products,12
LE TRAVENUES TECHNOLOGY LTD,Leisure Services,12
Leap India Private Limited,Commercial Services & Supplies,12
LENSKART SOLUTIONS LTD,Retailing,12
Life Insurance Corporation Of India 29/09/2026,Insurance,12
LLOYDS METALS & ENERGY LTD,Minerals & Mining,12
LOHIA CORP LIMITED,Industrial Manufacturing,12
Lumax Industries Ltd,Auto Components,12
MAHANAGAR GAS LTD,Gas,12
Maharashtra Scooters Limited,Finance,12
Maharashtra Seamless Ltd,Industrial Products,12
Mahindra Holidays & Resorts Ind Ltd.,Leisure Services,12
Mahindra Logistics Ltd,Transport Services,12
MANAPPURAM FINANCE LTD,Finance,12
MARUTI SUZUKI INDIA LIMITED,AUTOMOBILES,12
MASTEK LTD,IT - Software,12
Mayur Uniquoters Ltd.,Consumer Durables,12
MEDI ASSIST HEALTHCARE SERVICES LIMITED,Insurance,12
Mediatek Inc,IT - Hardware,12
Mercadolibre Inc,Internet & Direct Marketing Retail,12
Midea Group Co Limited,Consumer Durables,12
Minda Corporation Ltd,Auto Components,12
MM Forgings Ltd.,Auto Components,12
Molbio Diagnostics Ltd,Healthcare Equipment & Supplies,12
Mold Tek Packaging Ltd,Industrial Products,12
MOLD-TEK PAKAGING LIMITED,Industrial Products,12
Motilal Oswal Nifty Realty ETF,Capital Markets,12
Mrs Bectors Food Specialities Limited,Food Products,12
Narayana Hrudalaya Ltd,Healthcare Services,12
NARAYANA HRUDAYALAYA LTD,Healthcare Services,12
NBCC INDIA LTD,Construction,12
NESCO Ltd.,Commercial Services & Supplies,12
NETWORK PEOPLE SERVICES TECHNOLOGIES LTD,Financial Technology (Fintech),12
NEULAND LABORATORIES LTD.,Pharmaceuticals and Biotechnology,12
NIIT Limited,Other Consumer Services,12
Nippon India Nifty Pharma ETF,Capital Markets,12
NLC INDIA LTD,Power,12
NMDC STEEL LTD,Ferrous Metals,12
NOVARTIS AG,Pharmaceuticals & Biotechnology,12
Novartis India Ltd.,Pharmaceuticals & Biotechnology,12
Novo Nordisk,Pharmaceuticals & Biotechnology,12
NXP Semiconductors NV,Semiconductors,12
Omnitech Engineering Ltd.,Industrial Manufacturing,12
Optiemus Infracom Ltd,Telecom - Equipment & Accessories,12
Orchid Pharma Ltd.,Pharmaceuticals & Biotechnology,12
Orient Cement Ltd.,Cement,12
Palo Alto Networks INC,Software,12
PCBL CHEMICAL LTD,Chemicals & Petrochemicals,12
Pepsico Inc,Soft Drinks,12
POLY MEDICURE LTD,Healthcare Equipment & Supplies,12
Premier Explosives Ltd.,Chemicals & Petrochemicals,12
PROCTER & GAMBLE HEALTH LTD,Pharmaceuticals & Biotechnology,12
Procter & Gamble Hygiene & Health Care Limited,Personal Products,12
Purple Style Labs Limited,Miscellaneous,12
Quess Corp Limited,Commercial Services & Supplies,12
QUESS CORP LTD,Commercial Services & Supplies,12
R R KABEL LIMITED,Industrial Products,12
RAJRATAN GLOBAL WIRE LIMITED,Auto Components,12
RAMKRISHNA FORGINGS LIMITED,Auto Components,12
Ratnamani Metals & Tubes Ltd,Industrial Products,12
REDINGTON (INDIA) LTD,Commercial Services & Supplies,12
Regeneron Pharmaceuticals Inc,Biotechnology,12
Restaurant Brands Asia Ltd.,Leisure Services,12
ROPER TECHNOLOGIES INC,Industrial Manufacturing,12
Safari Industries India Ltd,Consumer Durables,12
Savita Oil Technologies Ltd.,Petroleum Products,12
SBI Corporate Bond Fund - Direct Plan - Growth Option,Mutual Fund/ETF,12
SCHLOSS BANGALORE LTD.,Leisure Services,12
Schneider Electric SE,Electrical Equipment,12
SEDEMAC MECHATRONICS LTD,Auto Components,12
Senco Gold Ltd,Consumer Durables,12
Shaily Engineering Plastics Ltd,Consumer Durables,12
SHARDA MOTOR INDUSTRIES LIMITED,Auto Components,12
Shopper Stop Ltd.,Retailing,12
Shoppers Stop Ltd,Retailing,12
Shyam Metalics And Energy Ltd.,Industrial Products,12
Siemens Energy India ltd,Electrical Equipment,12
SIP Technologies & Export Limited,IT - Services,12
SKF India Industrial Ltd,Industrial Products,12
SOBHA LTD,Realty,12
SoftBank Group Corp,Wireless Telecommunication Services,12
SOMANY CERAMICS LIMITED,Consumer Durables,12
Somany Ceramics Ltd,Consumer Durables,12
Sony Financial Holdings Inc,Insurance,12
Sony Group Corp,Consumer Durables,12
SPR AUTO TECHNOLOGIES LTD.,Auto Components,12
STAR HEALTH AND ALLIED INSURANCE COMPANY LTD,Insurance,12
Sterlite Technologies Ltd.,Telecom - Equipment & Accessories,12
Strides Pharma Science Ltd.,Pharmaceuticals & Biotechnology,12
Studds Accessories Limited,Auto Components,12
Subros Limited,Auto Ancillaries,12
Sudarshan Chemical Industries Ltd,Chemicals & Petrochemicals,12
SUDARSHAN CHEMICAL INDUSTRIES LTD,Chemicals & Petrochemicals,12
Sula Vineyards Ltd.,Beverages,12
SUMITOMO CHEMICAL INDIA LTD,Fertilizers & Agrochemicals,12
SUPRIYA LIFESCIENCE LIMITED,Pharmaceuticals & Biotechnology,12
Suraksha Diagnostic Ltd.,Healthcare Services,12
SUZLON ENERGY LIMITED,ELECTRICAL EQUIPMENT,12
SYMBIOTEC PHARMALAB LIMITED,Pharmaceuticals & Biotechnology,12
Taiwan Semiconductor Manufacturing Co Ltd,Semiconductors,12
TATA CHEMICALS LTD,Chemicals & Petrochemicals,12
TATA CONSUMER PRODUCTS LIMITED,AGRICULTURAL FOOD & OTHER PRODUCTS,12
Tata Motors Limited (DVR Shares),Auto,12
Tata Motors Ltd. - DVR,Auto,12
TATA NIFTY INDIA DIGITAL EXCHANGE TRADED FUND,CAPITAL MARKETS,12
TATA Power Company Ltd,Power,12
TATA SILVER EXCHANGE TRADED FUND,CAPITAL MARKETS,12
TATA STEEL LIMITED,FERROUS METALS,12
TECH MAHINDRA LIMITED,IT - SOFTWARE,12
TERADYNE INC,Semiconductor Equipment,12
Texmaco Rail & Engineering Ltd.,Industrial Manufacturing,12
THE NEW INDIA ASSURANCE COMPANY LTD,Insurance,12
The Orissa Minerals Development Co Ltd,Minerals & Mining,12
TI Financial Holding ltd.,Finance,12
TIMKEN INDIA LTD,Industrial Products,12
Tips Music Ltd,Entertainment,12
Torrent Pharmaceuticals Ltd 29/09/2026,Pharmaceuticals & Biotechnology,12
TRANSPORT CORPORATION OF INDIA LTD,Transport Services,12
Transport Corporation Of India Ltd.,Transport Services,12
Triveni Power Transmission Limited^,Industrial Manufacturing,12
TSF Investments Limited,Finance,12
Ttk Prestige Ltd.,Consumer Durables,12
UJJIVAN SMALL FINANCE BANK LTD,Banks,12
Union Gold ETF,Capital Markets,12
UNIPARTS INDIA LIMITED,Auto Components,12
UNITED BREWERIES LIMITED,BEVERAGES,12
Universal Cables Ltd,Industrial Products,12
Updater Services Ltd,Commercial Services & Supplies,12
V-MART RETAIL LTD.,Retailing,12
Valiant Organics Limited,Chemicals,12
Vidya Wires Limited,Industrial Products,12
VIJAYA DIAGNOSTIC CENTRE LTD,Healthcare Services,12
VIKRAM SOLAR LIMITED,Electrical Equipment,12
Vindhya Telelinks Limited,Construction,12
Viyash Scientific Ltd.,Pharmaceuticals & Biotechnology,12
WENDT (India) Ltd.,Industrial Products,12
Western Digital Corp,Computer Hardware,12
WEWORK INDIA MANAGEMENT LTD,Commercial Services & Supplies,12
WPIL LTD,Industrial Products,12
YES Bank Ltd.,Banks,12
ZYDUS LIFESCIENCES LTD,Pharmaceuticals & Biotechnology,12
Acutaas Chemicals Ltd,Pharmaceuticals & Biotechnology,11
Aditya Birla Fashion And Retail Ltd,Retailing,11
Anand Rathi Wealth Ltd,Capital Markets,11
Apeejay Surrendra Park Hotels Limited,Leisure Services,11
Apollo Micro Systems Ltd.,Aerospace & Defense,11
Awl Agri Business Ltd,Agricultural Food & Other Products,11
AXISCADES Technologies Ltd.,Aerospace & Defense,11
AZAD ENGINEERING LTD,Electrical Equipment,11
Barbeque Nation Hospitality Ltd.,Leisure Services,11
Bharat Forge Ltd,Consumer Cyclical,11
Capacite Infraprojects Limited,Construction,11
Dalmia Bharat Ltd,Cement & Cement Products,11
Dish TV India Ltd.,Media & Entertainment,11
Dishman Carbogen Amcis Limited,Pharmaceuticals & Biotechnology,11
EQ - AMBER ENTERPRISES INDIA LTD,Consumer Durables,11
EQ - ANGEL ONE LTD,Capital Markets,11
EQ - CASTROL INDIA LTD.,Petroleum Products,11
EQ - CEAT LTD.,Auto Components,11
EQ - CHOLAMANDALAM FINANCIAL HOLDIN,Finance,11
EQ - CITY UNION BANK,Banks,11
EQ - DOMS INDUSTRIES LTD,Household Products,11
EQ - GABRIEL INDIA LTD.,Auto Components,11
EQ - GAIL ( INDIA )LTD.,Gas,11
EQ - INDIAN ENERGY EXCHANGE LTD,Capital Markets,11
EQ - INOX WIND LTD,Electrical Equipment,11
EQ - JUBILANT PHARMOVA LIMITED,Pharmaceuticals & Biotechnology,11
EQ - MANAPPURAM FINANCE LTD.,Finance,11
EQ - NBCC (INDIA) LTD,Construction,11
EQ - NEWGEN SOFTWARE TECHNOLOGIES LTD,IT - Software,11
EQ - PG ELECTROPLAST LTD.,Consumer Durables,11
EQ - RAINBOW CHILDRENS MEDICARE LTD,Healthcare Services,11
EQ - SAGILITY LTD,IT - Services,11
EQ - TITAGARH RAIL SYSTEMS LTD,Industrial Manufacturing,11
EQ - WHIRLPOOL OF INDIA LTD.,Consumer Durables,11
GE Vernova T&D India Ltd,Industrials,11
GK Energy Limited,Construction,11
Gujarat State Fert & Chemicals Ltd,Fertilizers & Agrochemicals,11
Gujarat Themis Biosyn Ltd -QIP,Pharmaceuticals & Biotechnology,11
JANA SMALL FINANCE BANK,Banks,11
Mahindra Holidays & Resorts Ind Ltd,Leisure Services,11
National Building Construction Corp,Construction,11
Novartis India Limited,Pharmaceuticals & Biotechnology,11
Oracle Financial Services Software Limited September 2026 Future,IT - Software,11
Paras Defence And Space Technologies Ltd.,Aerospace & Defense,11
Patanjali Foods Ltd,Agricultural Food & other Products,11
Petronet LNG Ltd,Gas,11
Sai Silks (Kalamandir) Limited,Retailing,11
Shakti Pumps (India) Ltd,Industrial Products,11
Solar Industries India Limited September 2026 Future,Chemicals & Petrochemicals,11
Sun Pharma Advanced Research Company Limited,Pharmaceuticals & Biotechnology,11
Sundaram Finance Ltd,Finance,11
Unichem Laboratories Limited,Pharmaceuticals & Biotechnology,11
Usha Martin Ltd,Industrial Products,11
^^GSPL Transmission Limited,Gas,10
AADHAR HOUSING FINANCE LIMITED,Finance,10
Aarti Drugs Ltd.,Pharmaceuticals & Biotechnology,10
ADANI PORT & SPECIAL ECONOMIC ZONE LTD,TRANSPORT INFRASTRUCTURE,10
ADANI PORTS AND SPECIAL ECONOMIC ZONE LTD.,Transport Infrastructure,10
Aditya Birla Capital ltd,Finance,10
Afcom Holdings Limited,Transport Services,10
AFFLE 3I LIMITED,IT - Services,10
AJANTA PHARMA LTD.,Pharmaceuticals & Biotechnology,10
Alicon Castalloy Limited,Auto Components,10
Altius Telecom Infrastructure Trust (INVIT),Telecom - Services,10
Amara Raja Energy And Mobility Ltd,Auto Components,10
Anantam Highways Trust,Construction,10
APOLLO MICRO SYSTEMS LIMITED,Aerospace & Defense,10
Archean Chemicals Ltd.,Chemicals & Petrochemicals,10
ASIAN PAINTS LIMITED,CONSUMER DURABLES,10
Astec LifeSciences Ltd.,Fertilizers & Agrochemicals,10
ASTRA MICROWAVE PRODUCTS LIMITED,Aerospace & Defense,10
Ather Energy Ltd,Automobiles,10
AUTHUM INVESTMENT & INFRASTRUCTURE LIMITED,Finance,10
AWL AGRI BUSINESS LIMITED,Agricultural Food & Other Products,10
BAJAJ AUTO LIMITED,AUTOMOBILES,10
BAJAJ FINANCE LIMITED,FINANCE,10
BAJAJ FINSERV LIMITED,FINANCE,10
BAJAJ FINSERV LTD.,Finance,10
BHARTI AIRTEL LTD. (RIGHT 14/10/2021) (PARTLY PAID),Telecom - Services,10
BLUE JET HEALTHCARE LTD,Pharmaceuticals and Biotechnology,10
Bluestone Jewellery And Lifestyle Limited,Consumer Durables,10
CANARA HSBC LIFE INSURANCE COMPANY LTD,Insurance,10
CarTrade Tech Ltd,Retailing,10
CEAT LTD,Auto Components,10
CIE AUTOMOTIVE INDIA LTD.,Auto Components,10
CREDITACCESS GRAMEEN LTD,Finance,10
Cube Highway Trust,InVITs,10
CUMMINS INDIA LTD.,Industrial Products,10
DAM Capital Advisors Limited,Capital Markets,10
DCM Shriram Ltd,Diversified,10
DEEPAK NITRITE LTD,Chemicals & Petrochemicals,10
Divgi Torqtransfer Systems Limited,Auto Components,10
DIXON TECHNOLOGIES (INDIA) LTD.,Consumer Durables,10
Dr Reddy's Laboratories Ltd,Healthcare,10
Dr. Agarwal's Health Care Limited,Healthcare Services,10
Dr. Agarwals Health Care Ltd,Healthcare Services,10
DR. REDDY'S LABORATORIES LIMITED,PHARMACEUTICALS & BIOTECHNOLOGY,10
DSP Money Market Fund,Mutual Funds,10
Dynamatic Technologies Ltd,Industrial Manufacturing,10
Ecos India Mobility And Hospitality Ltd,Transport Services,10
EICHER MOTORS LIMITED,AUTOMOBILES,10
Elgi Equipments Ltd,Industrial Products,10
ENGINEERS INDIA LTD,Construction,10
EQ - BHARAT DYNAMICS LTD,Aerospace & Defense,10
EQ - GODFREY PHILIPS INDIA LTD.,Cigarettes & Tobacco Products,10
EQ - HONEYWELL AUTOMATION INDIA LTD,Industrial Manufacturing,10
EQ - INDIA SHELTER FINANCE CORPORATION LTD,Finance,10
EQ - INOX INDIA LTD,Industrial Products,10
EQ - L&T FINANCE LIMITED,Finance,10
EQ - LODHA DEVELOPERSLIMITED,Realty,10
EQ - PRESTIGE ESTATES PROJECTS LTD,Realty,10
EQ - SUBROS LTD.,Industrial Products,10
EQ - SUNDRAM FASTENERS LTD.,Auto Components,10
EQ - TEAMLEASE SERVICES LTD. .,Commercial Services & Supplies,10
EQ - THERMAX LTD.,Electrical Equipment,10
EQ - V-MART RETAIL LTD,Retailing,10
EQ- PITTI ENGINEERING LIMITED,Industrial Manufacturing,10
GlaxoSmithkline Pharmaceuticals Ltd,Pharmaceuticals & Biotechnology,10
Globsyn Technologies Limited,IT - Services,10
Globsyn Technologies Ltd ** ^^,Commercial Services & Supplies,10
GMM Pfaudler Ltd,Industrial Manufacturing,10
GNA Axles Ltd.,Auto Components,10
GNG Electronics Limited,IT - Hardware,10
Godawari Power and Ispat Ltd,Industrial Products,10
Greaves Cotton Ltd.,Industrial Products,10
HINDALCO INDUSTRIES LIMITED,NON - FERROUS METALS,10
HINDUSTAN AERONAUTICS LIMITED,AEROSPACE & DEFENSE,10
HINDUSTAN UNILEVER LTD.,Diversified FMCG,10
Honasa Consumer Ltd,Personal Products,10
HSBC Money Market Fund - Direct Growth,Internal - Mutual Fund Units,10
HSBC Ultra Short Duration Fund - Direct Growth,Internal - Mutual Fund Units,10
ICICI Prudential Active Momentum Fund - Direct - Growth,Capital Markets,10
ICICI Prudential Value Fund - Direct Plan - Growth,Capital Markets,10
IIFL Finance Ltd,Finance,10
Indiamart Intermesh ltd.,Retailing,10
INDIAN RAILWAY FINANCE CORPORATION LTD,Finance,10
Infibeam Avenues Limited,Financial Technology (Fintech),10
INTERGLOBE AVIATION LTD.,Transport Services,10
ITC LTD.,Diversified FMCG,10
ITI LTD.,Telecom - Equipment and Accessories,10
JINDAL STAINLESS LTD.,Ferrous Metals,10
Jindal Steel Ltd,Basic Materials,10
JSW STEEL LIMITED,FERROUS METALS,10
KFin Technologies Ltd,Capital Markets,10
KPIT TECHNOLOGIES LIMITED,IT - SOFTWARE,10
KWALITY WALLS INDIA LTD,Diversified FMCG,10
La Opala RG Ltd.,Consumer Durables,10
Lam Research Corp,Industrial Manufacturing,10
LAXMI DENTAL LTD,Healthcare Equipment & Supplies,10
Laxmi Dental Ltd.,Healthcare Equipment & Supplies,10
Linde PLC,Chemicals & Petrochemicals,10
Mangalam Cement Limited,Cement & Cement Products,10
MARICO LIMITED,AGRICULTURAL FOOD & OTHER PRODUCTS,10
National Thermal Power Corporation Ltd.,Power,10
NIIT Learning Systems Limited,Other Consumer Services,10
Nippon Life India Asset Management Limited ‡,Capital Markets,10
NIVA BUPA HEALTH INSURANCE COMPANY LTD.,Insurance,10
NTPC LIMITED,POWER,10
Pace Digitek Limited,Telecom - Services,10
PB FINTECH LTD.,Financial Technology (Fintech),10
PERSISTENT SYSTEMS LTD.,IT - Software,10
Physicswallah Limited.,Other Consumer Services,10
Pokarna Limited,Consumer Durables,10
Polyplex Corporation Limited,Industrial Products,10
POWER GRID CORPORATION OF INDIA LIMITED,POWER,10
POWER GRID CORPORATION OF INDIA LTD.,Power,10
PRISM JOHNSON LIMITED,Cement & Cement Products,10
PSP PROJECTS LTD,Construction,10
Rane Holdings Limited,Finance,10
Rashi Peripherals Limited,IT - Hardware,10
RATTANINDIA ENTERPRISES LIMITED,Retailing,10
REC LTD.,Finance,10
Sanghvi Movers Limited,Commercial Services & Supplies,10
SAREGAMA INDIA LIMITED,ENTERTAINMENT,10
SBI LIFE INSURANCE COMPANY LTD.,Insurance,10
Seamec Limited,Transport Services,10
SHRIRAM FINANCE LTD.,Finance,10
Siemens Energy India Ltd,Utilities,10
SIEMENS LTD.,Electrical Equipment,10
Sintex Industries Ltd ** ^,Textiles & Apparels,10
STAR CEMENT LIMITED,Cement & Cement Products,10
STL NETWORKS LIMITED,Telecom - Services,10
Sundaram Clayton Ltd.,Auto Components,10
Sunteck Realty Limited,Realty,10
Tamilnadu Newsprint & Papers Ltd.,"Paper, Forest & Jute Products",10
Tata Investment Corp Ltd,Finance,10
TATA MOTORS PASSENGER VEHICLES LIMITED,AUTOMOBILES,10
TATA MOTORS PASSENGER VEHICLES LTD.,Automobiles,10
TATA NIFTY SDL PLUS AAA PSU BOND DEC 2027 60 40 INDEX FUND,CAPITAL MARKETS,10
TATA SHORT TERM BOND FUND,CAPITAL MARKETS,10
TATA STEEL LTD.,Ferrous Metals,10
Thirumalai Chemicals Ltd,Chemicals & Petrochemicals,10
TITAN COMPANY LIMITED,CONSUMER DURABLES,10
TRENT LIMITED,RETAILING,10
TTK Prestige Limited,Consumer Durables,10
TVS MOTOR COMPANY LTD.,Automobiles,10
TVS MOTOR COMPANY LTD. (PREFERENCE SHARE) EX DT - 25/08/2025,Automobiles,10
ULTRATECH CEMENT LIMITED,CEMENT & CEMENT PRODUCTS,10
ULTRATECH CEMENT LTD.,Cement & Cement Products,10
UNO MINDA LTD.,Auto Components,10
V.I.P. Industries Ltd.,Consumer Durables,10
Valor Estate Limited,Realty,10
Venus Pipes And Tubes Limited,Industrial Products,10
Vijaya Diagnostic Centre Ltd,Healthcare Services,10
Walmart Inc,Retailing,10
WIPRO LIMITED,IT - SOFTWARE,10
ZYDUS LIFESCIENCES LIMITED,PHARMACEUTICALS & BIOTECHNOLOGY,10
3M India Ltd,Diversified,9
Aarti Drugs Ltd,Pharmaceuticals & Biotechnology,9
ABB India Limited September 2026 Future,Electrical Equipment,9
Ahluwalia Contracts (India) Ltd,Construction,9
Airbnb Inc,"Hotels, Resorts & Cruise Lines",9
American Electric Power Co Inc,Electric Utilities,9
AMGEN INC,Biotechnology,9
APPLIED MATLS INC COM,Semiconductor Materials & Equipment,9
ASHAPURA MINECHEM LTD,Minerals & Mining,9
Ask Automotive Limited,Auto Components,9
Aurionpro Solution Ltd.,IT - Software,9
AUTODESK INC COM,Application Software,9
Axon Enterprise Inc,Aerospace & Defense,9
Baker Hughes Co,Oilfield Services & Equipment,9
Berkshire Hathaway Inc,Finance,9
BLACK BOX LIMITED,IT - Services,9
BlueStone Jewellery and Lifestyle Ltd.,Consumer Durables,9
Capillary Technologies India Ltd,IT - Software,9
Corona Remedies Limtied,Pharmaceuticals & Biotechnology,9
Crowdstrike Holdings Inc,Systems Software,9
CSX Corp,Railroads,9
DATAMATICS GLOBAL SERVICES LIMITED,IT - Services,9
Diamondback Energy Inc,Oil,9
DoorDash Inc,Media,9
DSQ SOFTWARE,Software,9
Ebay Inc,Broadline Retail,9
EDELWEISS FINANCIAL SERVICES LIMITED,Finance,9
Electrosteel Casting Ltd,Industrial Products,9
EQ - CARBORANDUM UNIVERSAL LTD.,Industrial Products,9
EQ - CESC LTD.,Power,9
EQ - CHAMBAL FERTILISERS & CHEMICAL,Fertilizers & Agrochemicals,9
EQ - HINDUSTAN COPPER LTD.,Non - Ferrous Metals,9
EQ - INDEGENE LTD,Healthcare Services,9
EQ - JUBILANT INGREVIA LTD.,Chemicals & Petrochemicals,9
EQ - POLY MEDICURE LTD,Healthcare Equipment & Supplies,9
Firstsource Solutions Ltd,Commercial Services & Supplies,9
Fortinet Inc,Software Products,9
GE Vernova Inc,Electrical Equipment,9
GREAVES COTTAN LTD,Industrial Products,9
GUJARAT AMBUJA EXPORTS LIMITED,Agricultural Food & other Products,9
Gujarat Narmada Valley Fert. Co. Ltd,Chemicals & Petrochemicals,9
GUJARAT PIPAVAV PORT LIMITED,Transport Infrastructure,9
GUJARAT STATE DEVELOPMENT LOAN,Fertilizers & Agrochemicals,9
HINDUSTAN CONSTRUCTION COMPANY LIMITED,Construction,9
Honeywell Aerospace Inc,Trading,9
IDEXX Laboratories Inc,Health Care Equipment,9
IFB Industries Ltd,Consumer Durables,9
Indian Bank September 2026 Future,Banks,9
Indian Glycol Ltd,Beverages,9
INDIGO PAINTS LIMITED,Consumer Durables,9
Indus Towers Ltd Ordinary Shares,Communication Services,9
Inox Green Energy Services Ltd,Commercial Services & Supplies,9
Inox Renewable Solutions Limited,INDUSTRIAL CAPITAL GOODS,9
INTEL CORP,Computers - Software & Consulting,9
Intuit Inc,Application Software,9
Intuitive Surgical Inc,Healthcare Equipment & Supplies,9
Ion Exchange (India) Limited,Other Utilities,9
ITI Ltd,Telecom -  Equipment & Accessories,9
Kaveri Seed Company Ltd,Agricultural Food & other Products,9
KIRLOSKAR BROTHERS LIMITED,Industrial Products,9
KITEX GARMENTS LIMITED,Textiles & Apparels,9
KPI GREEN ENERGY LIMITED,Power,9
KRN Heat Exchanger & Refrigeration Ltd,Industrial Products,9
Krsnaa Diagnostics Limited,Healthcare Services,9
LLOYDS ENGINEERING WORKS LIMITED,Industrial Manufacturing,9
Lumentum Holdings Inc,Communications Equipment,9
Max Healthcare Institute Ltd Ordinary Shares,Healthcare,9
Medplus Health Services Limited,Retailing,9
Microchip Technology Inc,IT - Hardware,9
Monolithic Power Systems Inc,Technology,9
Monster Beverage Corp,Soft Drinks & Non-alcoholic Beverages,9
MSTC Ltd,Commercial Services & Supplies,9
NATIONAL FERTILIZERS LTD,Fertilizers & Agrochemicals,9
Oil & Natural Gas Corp Ltd,Energy,9
Old Dominion Freight Line Inc,Road & Rail,9
OM INFRA LIMITED,Construction,9
Oracle Corporation,Systems Software,9
Paypal Holdings Inc,Data Processing & Outsourced Services,9
Philip Morris International Ord,Cigarettes & Tobacco Products,9
Power Grid Corp Of India Ltd,Utilities,9
Privi Speciality Chemicals Ltd,Chemicals & Petrochemicals,9
QUESS CORP LIMITED,Commercial Services & Supplies,9
Rashtriya Chemicals and Fertilizers Limited,Fertilizers & Agrochemicals,9
Rashtriya Chemicals Fertilisers Ltd.,Fertilizers & Agrochemicals,9
RATEGAIN TRAVEL TECHNOLOGIES LIMITED,IT - Software,9
RATTANINDIA POWER LIMITED,Power,9
Rishabh Instruments Ltd,Electrical Equipment,9
Sandur Manganese & Iron Ores Limited,Ferrous Metals,9
SHARDA CROPCHEM LIMITED,Fertilizers & Agrochemicals,9
SHARE INDIA SECURITIES LIMITED,Capital Markets,9
Smartworks Coworking Spaces Limited,Commercial Services & Supplies,9
Starbucks ORD,Restaurants,9
Sterling and Wilson Renewable Energy Ltd,Construction,9
Styrenix Performance Materials Ltd,Chemicals & Petrochemicals,9
Sun Pharmaceutical Industries Limited | Equity,Pharmaceuticals & Biotechnology,9
SUNTECK REALTY LIMITED,Realty,9
Teradyne Inc,IT-Software,9
TILAKNAGAR INDUSTRIES LIMITED,Beverages,9
Waaree Energies Ltd,Electrical Equipment,9
Waaree Renewable Technologies Limited,Electrical Equipment,9
Wells Fargo & Co,Banks,9
WESTLIFE DEVELOPMENT LTD,Leisure Services,9
Aarti Industries Ltd,Basic Materials,8
AAVAS FINANCIERS LTD,Finance,8
ABBOTT LABORATORIES,Health Care Equipment & Supplies,8
Action Construction Equipments Ltd,"Agricultural, Commercial & Construction Vehicles",8
ADANI ENTERPRISES LIMITED,METALS & MINERALS TRADING,8
Aditya Vision Limited,Retailing,8
Aeroflex Industries Limited,Industrial Products,8
AGI Greenpac Limited,Industrial Products,8
AIA ENGINEERING LIMITED,INDUSTRIAL PRODUCTS,8
Air Products & Chemicals Inc,Industrial Gases,8
Akums Drugs and Pharmaceuticals Ltd.,Pharmaceuticals & Biotechnology,8
ALKEM LABORATORIES LIMITED,PHARMACEUTICALS & BIOTECHNOLOGY,8
Amara Raja Energy & Mobility Limited,Auto Components,8
Amazon.Com Inc,Retailing,8
Amphenol Corp,Industrial Manufacturing,8
ANTHEM BIOSCIENCES LIMITED,PHARMACEUTICALS & BIOTECHNOLOGY,8
Apple Inc.,IT - Hardware,8
ARCHER-DANIELS-MIDLAND CO,Agricultural Food & other Products,8
Asian Paints Ltd.(Covered call) $$,Consumer Durables,8
ASK Automotive Limited,Auto Components,8
Astec LifeSciences Limited,Fertilizers & Agrochemicals,8
AU SMALL FINANCE BANK LIMITED,BANKS,8
AUROBINDO PHARMA LIMITED,PHARMACEUTICALS & BIOTECHNOLOGY,8
Autozone Inc,Automotive Retail,8
Baidu Inc,Media,8
Bajaj Finserv Ltd.(Covered call) $$,Finance,8
BALKRISHNA INDUSTRIES LIMITED,AUTO COMPONENTS,8
BANSAL WIRE INDUSTRIES LTD,Industrial Products,8
Belrise Industries Ltd,Auto Components,8
Bharat Electronics Ltd.(Covered call) $$,Aerospace & Defense,8
BHARAT FORGE LIMITED,AUTO COMPONENTS,8
Bharti Airtel Ltd. - Partly Paid Share,Telecom - Services,8
Blackrock Inc,Capital Markets,8
Bombay Burmah Trading Corp Ltd,Food Products,8
Borosil Limited,Consumer Durables,8
Bosch Home Comfort India Ltd,Consumer Durables,8
Brown-Forman Corp,Beverages,8
Capri Global Capital LTD,Finance,8
Carysil Limited,Consumer Durables,8
CASTROL INDIA LIMITED,PETROLEUM PRODUCTS,8
CBLO,Software,8
CE Info Systems Ltd,IT - Software,8
Ceat Ltd.,Auto Components,8
Cencora Inc,Health Care Distributors,8
CF Industries Holdings Inc Ord Shs,Fertilizers & Agrochemicals,8
Chambal Fertilizers & Chemicals Ltd,Fertilizers & Agrochemicals,8
Chennai Petroleum Corp Ltd.,Petroleum Products,8
Chipotle Mexican Grill Inc,Leisure Services,8
CIE AUTOMOTIVE INDIA LTD,Auto Components,8
Clean Max Enviro Energy Solutions Ltd,Power,8
COAL INDIA LIMITED,CONSUMABLE FUELS,8
Coal India Ltd.(Covered call) $$,Consumable Fuels,8
COCHIN SHIPYARD LIMITED,INDUSTRIAL MANUFACTURING,8
COFORGE LIMITED,IT - SOFTWARE,8
Concord Biotech Ltd,Pharmaceuticals & Biotechnology,8
Constellation Brands Inc,Distillers & Vintners,8
CROMPTON GREAVES CONSUMER ELECTRICAL LTD,CONSUMER DURABLES,8
Cupid Limited,Personal Products,8
D.B. Corp Ltd.,Media,8
Deepak Fertilisers & Petrochemicals Corp. Ltd.,Chemicals & Petrochemicals,8
DEEPAK FERTILIZERS AND PETRO. CORP. LTD,CHEMICALS & PETROCHEMICALS,8
Dish TV India Limited,Media & Entertainment,8
DIXON TECHNOLOGIES (INDIA) LIMITED,CONSUMER DURABLES,8
Dominion Energy Inc,POWER,8
Domino's Pizza Inc,Consumer Non Durables,8
Dover Corp,Industrial Products,8
EFC (I) Limited,Commercial Services & Supplies,8
Eicher Motors Ltd.(Covered call) $$,Automobiles,8
Elecon Engineering Comapny Ltd.,Electrical Equipment,8
Elevance Health Inc,Managed Health Care,8
EMERSON ELECTRIC CO,Industrial Manufacturing,8
EQ - ADANI GREEN ENERGY LTD,Power,8
EQ - ADANI TOTAL GAS LTD,Gas,8
EQ - AWFIS SPACE SOLUTIONS LTD,Commercial Services & Supplies,8
EQ - AWL AGRI BUSINESS LIMITED,Agricultural Food & other Products,8
EQ - BAJAJ HOUSING FINANCE LIMITED,Finance,8
EQ - DHOOT TRANSMISSION LIMITED,Auto Components,8
EQ - EXIDE INDUSTRIES LTD.,Auto Components,8
EQ - GLAXOSMITHKLINE PHARMACEUTICA,Pharmaceuticals & Biotechnology,8
EQ - GUJARAT FLUROCHEMICALS LTD,Chemicals & Petrochemicals,8
EQ - HEXAWARE TECHNOLOGIES LTD.,IT - Software,8
EQ - KIRLOSKAR PNEUMATIC CO. LTD.,Industrial Products,8
EQ - RAIL VIKAS NIGAM LTD,Construction,8
EQ - RATEGAIN TRAVEL TECHNOLOGIES LTD,IT - Software,8
EQ - S.P.APPARELS LTD,Textiles & Apparels,8
EQ - SHIPROCKET LIMITED,Transport Services,8
EQ - UNITED BREWERIES LTD.,Beverages,8
EQ - VEDANT FASHIONS LTD,Retailing,8
EQ AMBUJA CEMENTS LTD.,CEMENT & CEMENT PRODUCTS,8
EQ APOLLO HOSPITALS ENTERPRISE LTD.,HEALTHCARE SERVICES,8
EQ AUROBINDO PHARMA LTD.,PHARMACEUTICALS,8
EQ CADILA HEALTHCARE LTD.,PHARMACEUTICALS,8
EQ GENUS POWER INFRASTRUCTURE LTD.,INDUSTRIAL CAPITAL GOODS,8
EQ GRASIM INDUSTRIES LTD.,CEMENT & CEMENT PRODUCTS,8
EQ MOTILAL OSWAL FINANCIAL SERVICES LTD.,CAPITAL MARKETS,8
EQ MRF LTD.,AUTO ANCILLARIES,8
EQ NIIT LTD.,SOFTWARE,8
EQ ORACLE FINANCIAL SERVICES SOFTWARE LTD.,SOFTWARE,8
EQ POWER GRID CORPORATION OF INDIA LTD,POWER.,8
EQ TATA POWER COMPANY LTD.,POWER.,8
EQ VOLTAMP TRANSFORMERS LTD.,INDUSTRIAL CAPITAL GOODS,8
Equifax Inc,Finance,8
Eveready Industries India Ltd.,Household Products,8
Filatex India Ltd.,Textiles & Apparels,8
Genus Prime Infra Limited,Chemicals & Petrochemicals,8
Gokul Agro Resources Limited,Agricultural Food & other Products,8
Gopal Snacks Limited,Food Products,8
GRASIM INDUSTRIES LIMITED,CEMENT & CEMENT PRODUCTS,8
GREENPLY INDUSTRIES LTD,Consumer Durables,8
Gujarat Mineral Dev. Corp. Ltd.,Minerals & Mining,8
HAVELLS INDIA LIMITED,CONSUMER DURABLES,8
HCL Technologies Ltd.(Covered call) $$,It - Software,8
HDFC Bank Ltd.(Covered call) $$,Banks,8
HDFC LIFE INSURANCE COMPANY LIMITED,INSURANCE,8
HDFC Life Insurance Company Ltd(Covered call) $$,Insurance,8
HealthCare Global Enterprises Ltd,Healthcare Services,8
HeidelbergCement India Limited,Cement & Cement Products,8
Hi-Tech Pipes Ltd.,Industrial Products,8
HIL Limited,Cement,8
HIMADRI SPECIALITY CHEMICAL LIMITED,CHEMICALS & PETROCHEMICALS,8
Hindustan Unilever Ltd.(Covered call) $$,Diversified Fmcg,8
HLE Glascoat Limited,Industrial Manufacturing,8
HONEYWELL AUTOMATION INDIA LIMITED,INDUSTRIAL MANUFACTURING,8
Huntington Ingalls Industries Inc,Aerospace & Defense,8
Hyundai Motor India Ltd SEP-2026,Stock Future,8
ICICI Bank Ltd.(Covered call) $$,Banks,8
ICICI Prudential Commodities Fund - Direct - Growth,Capital Markets,8
ICICI Prudential Credit Risk Fund - Direct Plan - Growth,Capital Markets,8
ICICI Prudential Energy Opportunities Fund - Direct Plan - Growth,Capital Markets,8
ICICI Prudential Exports and Services Fund - Direct - Growth,Capital Markets,8
ICICI Prudential Housing Opportunities Fund - Direct - Growth,Capital Markets,8
ICICI Prudential Multicap Fund - Direct Plan - Growth,Capital Markets,8
ICICI PRUDENTIAL SILVER ETF,Capital Markets,8
Idea Cellular Limited,Telecom - Services,8
IDFC Limited,Finance,8
Indegene Ltd,Healthcare Services,8
India Cements Ltd.,Cement & Cement Products,8
India Glycols Limited,Beverages,8
India Shelter Finance Corporation Ltd,Finance,8
IndiaMart InterMesh Ltd,Retailing,8
INDUSIND BANK LIMITED,BANKS,8
Infosys Ltd.(Covered call) $$,It - Software,8
Intercontinental Exchange Inc,Financial Exchanges & Data,8
International Flavors & Fragrances Inc,Food Products,8
Iqvia Holdings,Life Sciences Tools & Services,8
Ishares Nasdaq 100 UCITS ETF USD,Overseas Mutual Fund,8
Jammu & Kashmir Bank Ltd.,Banks,8
JSW Holdings Limited,Finance,8
Jyothy Laboratories Ltd.,Consumer Non Durables,8
Kalyani Steels Limited,Industrial Products,8
Kenvue Inc,Consumer Non Durables,8
Keystone Realtors Limited,Realty,8
Kotak Mahindra Bank Ltd.(Covered call) $$,Banks,8
KPI Green Energy Limited,Power,8
Krishna Institute Of Medical Sciences Ltd,Healthcare Services,8
KROSS LTD,Auto Components,8
L&T Finance Limited September 2026 Future,Finance,8
Latent View Analytics Ltd,IT - Software,8
LAURUS LABS LIMITED,PHARMACEUTICALS & BIOTECHNOLOGY,8
LINDE INDIA LIMITED,CHEMICALS & PETROCHEMICALS,8
Lloyds Engineering Works Limited,Industrial Manufacturing,8
Lumax Auto Technologies Ltd,Auto Components,8
LUPIN LIMITED,PHARMACEUTICALS & BIOTECHNOLOGY,8
Mahindra Lifespace Developers Ltd,Real Estate,8
MANGALORE REFINERY AND PETROCHEMICA,Petroleum Products,8
Mastercard Incorporated,Transaction & Payment Processing Services,8
Mayur Uniquoters Limited,Consumer Durables,8
Medtronic PLC,Healthcare Equipment & Supplies,8
Meta Platforms,Entertainment,8
Micron Technology Inc,Semiconductors,8
Motorola Solutions Inc,Communications Equipment,8
MPHASIS LIMITED,IT - SOFTWARE,8
MRF LIMITED,AUTO COMPONENTS,8
NAVIN FLUORINE INTERNATIONAL LIMITED,CHEMICALS & PETROCHEMICALS,8
NESTLE INDIA LIMITED,FOOD PRODUCTS,8
Netease Inc,Entertainment,8
Nilkamal Limited,Consumer Durables,8
NRB Bearing Limited,Auto Components,8
NTPC Ltd.(Covered call) $$,Power,8
NUVAMA WEALTH MANAGEMENT LTD.,Capital Markets,8
OIL & NATURAL GAS CORPORATION LIMITED,OIL,8
ORACLE FINANCIAL SERVICES SOFTWARE,IT - SOFTWARE,8
Otis Worldwide Corp,Industrial Manufacturing,8
PAGE INDUSTRIES LIMITED,TEXTILES & APPARELS,8
Parker-Hannifin Corp,Industrial Machinery & Supplies & Components,8
Patel Engineering Limited,Construction,8
Protean eGov Technologies Limited,IT - Services,8
Reliance Industries Limited - Partly Paid Up,Petroleum Products,8
Reliance Industries Ltd. | Rights,Petroleum Products,8
Reliance Industries Ltd.(Covered call) $$,Petroleum Products,8
Rhi Magnesita India Ltd,Industrial Products,8
Rockwell Automation Inc,Industrial Manufacturing,8
Rossari Biotech Limited,Chemicals & Petrochemicals,8
Salesforce Inc,Application Software,8
Sambhv Steel Tubes Ltd,Industrial Products,8
SBI Cards & Payment Services Pvt. Ltd.,Finance,8
SBI LIFE INSURANCE COMPANY LIMITED,INSURANCE,8
SG Finserve Limited,Finance,8
Shyam Metalics and Energy Ltd,Industrial Products,8
SIGNATUREGLOBAL (INDIA) LIMITED,Realty,8
SONA BLW PRECISION FORGINGS LIMITED,AUTO COMPONENTS,8
SRF LIMITED,CHEMICALS & PETROCHEMICALS,8
Star Health And Allied Insurance Co Ltd,Insurance,8
State Bank Of India(Covered call) $$,Banks,8
State Street Corp,Banks,8
Stryker Corp,Health Care Equipment,8
Studds Accessories Ltd,Auto Components,8
Sun Pharmaceutical Industries Ltd.(Covered call) $$,Pharmaceuticals & Biotechnology,8
Sun Pharmaceuticals Industries Limited,Pharmaceuticals,8
Symphony Ltd,Consumer Durables,8
Tata Consultancy Services Ltd.(Covered call) $$,It - Software,8
Tatva Chintan Pharma Chem Ltd.,Chemicals & Petrochemicals,8
TCPL PACKAGING LIMITED,Industrial Products,8
Tech Mahindra Ltd.(Covered call) $$,It - Software,8
Technocraft Industries (India) Ltd,Industrial Products,8
Tejas Networks Ltd,Telecom - Equipment and Accessories,8
The Bank of New York Mellon Corporation,Banks,8
THE BOEING CO,Aerospace & Defense,8
The India Cements Ltd,Cement & Cement Products,8
The Walt Disney Company,Movies & Entertainment,8
Thermo Fisher Scientific Inc,Healthcare Services,8
TIMEX GROUP INDIA LIMITED,Consumer Durables,8
Titan Company Ltd.(Covered call) $$,Consumer Durables,8
Tractor Supply Co,Trading,8
TRANSDIGM GROUP INC,Industrial Products,8
Transformers & Rectifiers India Ltd,Electrical Equipment,8
Transport Corporation of India Limited,Transport Services,8
Travel Food Services Limited.,Leisure Services,8
Trident Ltd,Textiles and Apparels,8
Tyler Technologies Inc,Application Software,8
TYSON FOODS INC,Food Products,8
Univastu India Ltd.,Construction,8
US Bancorp,BANKS,8
Vardhman Textiles Ltd,Textiles & Apparels,8
Vertiv Holdings Co,Electrical Components & Equipment,8
VIP INDUSTRIES LTD,Consumer Durables,8
VOLTAS LIMITED,CONSUMER DURABLES,8
VST Industries Limited,Cigarettes & Tobacco Products,8
Waaree Renewable Technologies Ltd,Electrical Equipment,8
Waste Management Inc,Other Utilities,8
WELSPUN CORP LIMITED,Industrial Products,8
West Pharmaceutical Services Inc,Pharmaceuticals,8
Westlife Development Ltd.,Leisure Services,8
Whirlpool Of India Ltd,Consumer Durables,8
Yatra Online Ltd,Leisure Services,8
Zoetis Inc,Pharmaceuticals,8
360 One WAM Limited September 2026 Future,Capital Markets,7
Ajax Engineering Ltd,"Agricultural, Commercial & Construction Vehicles",7
Alnylam Pharmaceuticals Inc,Biotechnology,7
Alok Industries Ltd.,Textiles & Apparels,7
Angel One Limited September 2026 Future,Capital Markets,7
Anupam Rasayan India Ltd,Chemicals & Petrochemicals,7
ASML Holding NV,Semiconductor Materials & Equipment,7
Astral Limited September 2026 Future,Industrial Products,7
Avenue Supermarts Limited September 2026 Future,Retailing,7
AvenuesAI Ltd.,Financial Technology (Fintech),7
Bajaj Holdings & Investment Limited September 2026 Future,Finance,7
Bank of Maharashtra September 2026 Future,Banks,7
Bayer Crop Science Ltd,Fertilizers and Agrochemicals,7
Berger Paints India Ltd,Consumer Durables,7
Bosch Limited September 2026 Future,Auto Components,7
BRAINBEES SOLUTIONS LTD,Retailing,7
C.E. INFO SYSTEMS LTD,IT - Software,7
Cello World Ltd.,Consumer Durables,7
Century Textiles & Industries Ltd.,Cement,7
Cochin Shipyard Limited September 2026 Future,Industrial Manufacturing,7
Colgate Palmolive (India) Limited September 2026 Future,Personal Products,7
Computer Age Management Services Limited September 2026 Future,Capital Markets,7
Crizac Ltd.,Retailing,7
Deepak Fertilizers & Petrochemicals Corp. Ltd.,Chemicals and Petrochemicals,7
Dr. Reddy's Laboratories Limited September 2026 Future,Pharmaceuticals & Biotechnology,7
Eli Lilly & Company,Pharmaceuticals & Biotechnology,7
EQ - BAJAJ HOLDINGS & INVESTMENT LT,Finance,7
EQ - C.E. INFO SYSTEMS LTD,IT - Software,7
EQ - CHALET HOTELS LTD,Leisure Services,7
EQ - CYIENT LTD,IT - Services,7
EQ - ELGI EQUIPMENTS LTD.,Industrial Products,7
EQ - FINOLEX CABLES LTD.,Industrial Products,7
EQ - FIRSTSOURCE SOLUTIONS LTD.,Commercial Services & Supplies,7
EQ - FORCE MOTORS LTD.,Automobiles,7
EQ - GODAVARI POWER & ISPAT LTD.,Industrial Products,7
EQ - GRANULES INDIA LTD,Pharmaceuticals & Biotechnology,7
EQ - HIMADRI SPECIALITY CHEMICALS L,Chemicals & Petrochemicals,7
EQ - INDRAPRASTHA GAS LTD.,Gas,7
EQ - KRISHNA INSTITUTE OF MEDI SCIE,Healthcare Services,7
EQ - LATENT VIEW ANALYTICS LTD,IT - Software,7
EQ - NAVA LTD.,Power,7
EQ - NCC LTD,Construction,7
EQ - NEULAND LABORATORIES LTD.,Pharmaceuticals & Biotechnology,7
EQ - REDINGTON LTD,Commercial Services & Supplies,7
EQ - TATA CHEMICALS LTD.,Chemicals & Petrochemicals,7
EQ - TECHNO ELECTRIC & ENGINEERING,Construction,7
EQ - TRANSFORMERS & RECTIFIERS (IND,Electrical Equipment,7
EQ - URBAN COMPANY LIMITED,Retailing,7
EQ - USHA MARTIN LTD.,Industrial Products,7
EQ - WELSPUN CORP LTD.,Industrial Products,7
Ferrovial SE,Construction,7
Force Motors Limited September 2026 Future,Automobiles,7
GK Energy Ltd,Construction,7
Godfrey Phillips India Limited September 2026 Future,Cigarettes & Tobacco Products,7
Gujarat Narmada Valley Fertilizers & Chemicals Ltd.,Chemicals & Petrochemicals,7
Gujarat Pipavav Port Limited,Transport Infrastructure,7
Gujarat State Fertilizers & Chemicals Ltd.,Fertilizers & Agrochemicals,7
Happy Forgings Ltd,Industrial Products,7
Havells India Limited October 2026 Future,Consumer Durables,7
HCL Technologies Limited September 2026 Future,IT - Software,7
Hindustan Zinc Limited September 2026 Future,Non - Ferrous Metals,7
Hyundai Motor India Ltd September 2026 Future,Automobiles,7
ICICI Lombard General Insurance Company Limited September 2026 Future,Insurance,7
Ideaforge Technology Ltd.,Aerospace & Defense,7
INDIAMART INTERMESH LTD,RETAILING,7
Indian Oil Corporation Limited September 2026 Future,Petroleum Products,7
Indiqube Spaces Ltd,Commercial Services & Supplies,7
INVENTURUS KNOWLEDGE SOLUTIONS LTD,IT - Services,7
Jain Irrigation Systems Ltd.,Industrial Products,7
Jana Small Finance Bank Limited,Banks,7
JET Airways (India) Ltd.,Transportation,7
Jk Paper Ltd.,"Paper, Forest & Jute Products",7
JSW Energy Limited September 2026 Future,Power,7
Just Dial Ltd.,Retailing,7
Kewal Kiran Clothing Ltd.,Textiles & Apparels,7
KPIT Technologies Limited September 2026 Future,IT - Software,7
Manappuram Finance Limited September 2026 Future,Finance,7
Mankind Pharma Limited September 2026 Future,Pharmaceuticals & Biotechnology,7
Max Healthcare Institute Limited September 2026 Future,Healthcare Services,7
Mazagon Dock Shipbuilders Limited September 2026 Future,Industrial Manufacturing,7
MercadoLibre Inc,Broadline Retail,7
Merck & Co. Inc.,Pharmaceuticals & Biotechnology,7
Motilal Oswal Financial Services Limited September 2026 Future,Capital Markets,7
Narayana Hrudayalaya Ltd,Healthcare Services,7
Nazara Technologies Ltd.,Entertainment,7
NETWEB TECHNOLOGIES INDIA LTD,IT - Services,7
NEWGEN SOFTWARE TECHNOLOGIES LTD,IT - Software,7
Nippon Life India Asset Management Limited September 2026 Future,Capital Markets,7
Oberoi Realty Limited September 2026 Future,Realty,7
PCBL LTD,Chemicals and Petrochemicals,7
Persistent Systems Limited September 2026 Future,IT - Software,7
Purple Style Labs Ltd.,Textiles & Apparels,7
Rail Vikas Nigam Limited September 2026 Future,Construction,7
Rashtriya Chemicals and Fertilizers Ltd.,Fertilizers & Agrochemicals,7
RattanIndia Enterprises Ltd.,Retailing,7
RPG Life Sciences Limited,Pharmaceuticals & Biotechnology,7
Sagility Limited September 2026 Future,IT - Services,7
Saregama India Ltd,Entertainment,7
Shree Cement Limited September 2026 Future,Cement & Cement Products,7
SONATA SOFTWARE LTD,IT - Software,7
SRF Limited September 2026 Future,Chemicals & Petrochemicals,7
Standard Engineering Technology Ltd.,Industrial Manufacturing,7
Star Health & Allied Insurance Co Ltd.,Insurance,7
SUMITOMO CHEMICAL INDIA LTD.,Fertilizers and Agrochemicals,7
Sun Pharmaceutical Industries Limited October 2026 Future,Pharmaceuticals & Biotechnology,7
Swan Corp Ltd,Industrials,7
SWAN ENERGY LTD,Chemicals and Petrochemicals,7
TATA ELXSI LTD,IT - Software,7
Tata Global Beverages Ltd.,Consumer Non Durables,7
Tencent Holdings Ltd,Finance,7
Thomson Reuters Corp,Software,7
Trent Limited September 2026 Future,Retailing,7
Unitedhealth Group Inc.,Insurance,7
UNO Minda Limited September 2026 Future,Auto Components,7
UPL Limited September 2026 Future,Fertilizers & Agrochemicals,7
UTI Asset Management Company Ltd.,Capital Markets,7
Vardhman Special Steels Ltd.,Industrial Products,7
Vishal Mega Mart Limited September 2026 Future,Retailing,7
Voltas Limited September 2026 Future,Consumer Durables,7
Windlas Biotech Limited,Pharmaceuticals & Biotechnology,7
0.00% FCDW - BETA NAPTHOL LT,Chemicals & Petrochemicals,6
3M CO COM,Industrial Products,6
3M INDIA LIMITED,DIVERSIFIED,6
63 moons technologies limited,IT - Software,6
7.5% Cholamandalam Investment & Finance Co. Ltd.,Finance,6
^^INOX Renewable Solutions Ltd,Construction,6
ABB INDIA LIMITED,ELECTRICAL EQUIPMENT,6
ABBOTT INDIA LIMITED,PHARMACEUTICALS & BIOTECHNOLOGY,6
ABBVIE INC,Biotechnology,6
ACC LIMITED,CEMENT & CEMENT PRODUCTS,6
Accenture Plc,It Consulting & Other Services,6
ACCENTURE PLC,Software Products,6
Accton Technology Corporation,Communications Equipment,6
ACUTAAS CHEMICALS LIMITED,PHARMACEUTICALS & BIOTECHNOLOGY,6
Adani Enterprises,Metals & Minerals Trading,6
Adani Enterprises Ltd $$ !,Metals & Minerals Trading,6
ADANI WILMAR LIMITED,AGRICULTURAL FOOD & OTHER PRODUCTS,6
ADITYA BIRLA FASHION AND RETAIL LTD.,Retailing,6
ADITYA BIRLA LIFESTYLE BRANDS LTD,Retailing,6
ADOBE INC,Software Products,6
Advanced Energy Solution Holding Co Ltd,Electrical Components & Equipment,6
ADVANCED MICRO DEVICES INC,Software Products,6
Adyen NV,Financial Technology (Fintech),6
AEGIS VOPAK TERMINALS LTD,Oil,6
Afcons Infrastructure Ltd,Industrials,6
AFCONS INFRASTRUCTURE LTD.,Construction,6
AFFLE (INDIA) LIMITED,IT - SERVICES,6
Agilent Technologies Co Ltd,Technology,6
AGILENT TECHNOLOGIES INC,Life Sciences Tools & Services,6
AGS Transact Technologies Limited,Financial Technology (Fintech),6
Airbus SE,Aerospace & Defense,6
Ajanta Pharmaceuticals Ltd,Pharmaceuticals & Biotechnology,6
Ajinomoto Co Inc,Packaged Foods & Meats,6
Akums Drugs & Pharmaceuticals Ltd.,Pharmaceuticals & Biotechnology,6
Akzo Nobel India Ltd.,Consumer Durables,6
Alibaba Group Holding Ltd,Retailing,6
Alicon Castalloy Ltd.,Auto Components,6
ALIVUS LIFE SCIENCES LTD,Pharmaceuticals & Biotechnology,6
All Ring Tech Co Ltd,Electronic Equipment & Instruments,6
All Time Plastics Ltd,Consumer Durables,6
ALLCARGO GLOBAL LTD,Transport Services,6
ALLCARGO LOGISTICS LTD,Transport Services,6
Allegion PLC,Industrial Capital Goods,6
ALLIED BLENDERS & DISTILLERS LTD.,Beverages,6
Alphabet Inc | Equity,Interactive Media & Services,6
ALTIUS TELECOM INFRASTRUCTURE TRUST,Telecom - Services,6
Altius Telecom Infrastructure Trust INVIT,Telecom - Services,6
AMAGI MEDIA LABS LTD,IT - Services,6
Amara Raja Batteries Limited,Auto Ancillaries,6
AMARA RAJA BATTERIES LTD,AUTO COMPONENTS,6
Amara Raja Batteries Ltd.,Auto Ancillaries,6
Amazon.com INC,Retailing,6
AMBER ENTERPRISES INDIA LIMITED,CONSUMER DURABLES,6
Ambev SA,Beverages,6
Ambika Cotton Mills Ltd.,Textiles & Apparels,6
Amgen Inc,Biotechnology,6
AMPHENOL CORP,Software Products,6
Amphenol Corp.,Trading,6
Amrutanjan Health Care Limited,Pharmaceuticals & Biotechnology,6
Analog Devices Inc,Semiconductors,6
ANALOG DEVICES INC,Software Products,6
Anand Rathi Share & Stock Brokers Ltd,Capital Markets,6
Anand Rathi Share & Stock Brokers Ltd.,Capital Markets,6
ANAND RATHI SHARE AND STOCK BROKERS LIMITED,Capital Markets,6
ANAND RATHI WEALTH LIMITED,CAPITAL MARKETS,6
ANAND RATHI WEALTH LTD,Capital Markets,6
Anant Raj Industries Ltd.,Realty,6
ANGEL ONE LTD,Capital Markets,6
Anheuser-Busch InBev SA/NV,Beverages,6
Antony Waste Handling Cell Limited,Other Utilities,6
ANUPAM RASAYAN INDIA LTD.,Chemicals and Petrochemicals,6
Apollo Pipes Ltd,Industrial Products,6
APOLLO TYRES LIMITED,AUTO COMPONENTS,6
APPLE INC,Software Products,6
APPLIED MATERIALS INC,Software Products,6
APPLOVIN CORP,Software Products,6
Applovin Corporation - A,Software,6
Ardee Industries Limited,Diversified Metals,6
Ardentec Corporation,Semiconductors,6
Argenx SE ADR ARGX,Pharmaceuticals & Biotechnology,6
ARISTA NETWORKS INC.,Software Products,6
ARM HOLDINGS PLC - ADR,Semiconductors & Semiconductor,6
Artemis Medicare Services Ltd.,Healthcare Services,6
Arvind Smartspaces Ltd.,Realty,6
Ashapura Minechem Ltd.,Minerals & Mining,6
Ashok Leyland Limited October 2026 Future,"Agricultural, Commercial & Construction Vehicles",6
Ashok Leyland Ltd !! ~~,"Agricultural, Commercial & Construction Vehicles",6
Asian Paints Ltd. (Covered call) $$,Consumer Durables,6
ASK AUTOMOTIVE LTD,Auto Components,6
ASML Holding NV-NY REG SHS,Semiconductor Equipment,6
ASMLHOLDING NV,IT - Hardware,6
Aspeed Technology Inc,Semiconductors,6
ASSOCIATED BRITISH FOODS PLC,Food Products,6
Aster DM Healthcare Ltd.,Healthcare Services,6
Astera Labs INC,Semiconductors & Semiconductor,6
Astral Limited ‡,Industrial Products,6
ASTRAZENECA PLC,Pharmaceuticals & Biotechnology,6
Astrazeneca PLC,Pharmaceuticals,6
Atul Ltd,Chemicals & Petrochemicals,6
ATUL LTD,Chemicals & Petrochemicals,6
AU Small Finance Bank Limited October 2026 Future,Banks,6
Aurionpro Solutions Limited,IT - Software,6
Aurionpro Solutions Ltd.,IT - Software,6
Aurobindo Pharma Limited October 2026 Future,Pharmaceuticals & Biotechnology,6
Australia & New Zealand Banking Group Limited,Banks,6
AUTHUM INVESTMENT & INFRASTRUCTURE LTD,Finance,6
Autodesk,Application Software,6
AUTODESK INC,Software Products,6
Automatic Data Processing Inc,Data Processing & Outsourced Services,6
AUTOMOTIVE AXLES LTD,Auto Components,6
Automotive Axles Ltd.,Auto Components,6
AvenuesAI Limited,Financial Technology (Fintech),6
Awfis Space Solutions Ltd.,Commercial Services & Supplies,6
Axis Bank Ltd ! ^,Banks,6
Axis Bank Ltd ! ~~,Banks,6
Axis Ultra Short term Fund,Mutual Fund,6
Axiscades Technologies Ltd.,Aerospace & Defense,6
Baazar Style Retail Limited,Retailing,6
Bagmane Prime Office Reit,Realty,6
BAJAJ HEALTHCARE LIMITED,Pharmaceuticals & Biotechnology,6
Balaji Amines Ltd.,Chemicals & Petrochemicals,6
BALRAMPUR CHINI MILLS LTD,Agricultural Food & other Products,6
Balu Forge Industries Limited,Industrial Products,6
Banco Products (I) Ltd.,Auto Components,6
Bandhan Large & Mid Cap Fund - Direct Plan - Growth,Capital Markets,6
Bank Central Asia Tbk Pt,Banks,6
Bank Central Asia Tbk Pt | Equity,Banks,6
BANSAL WIRE INDUSTRIES LIMITED,Industrial Products,6
Bayer AG,Pharmaceuticals & Biotechnology,6
BECTON DICKINSON AND CO,Health Care Equipment & Supplies,6
BEML LIMITED,"AGRICULTURAL, COMMERCIAL & CONSTRUCTION VEHICLES",6
BEML LTD,"Agricultural, Commercial & Construction Vehicles",6
BERGER PAINTS (I) LIMITED,CONSUMER DURABLES,6
Bharat Bijlee Limited,Electrical Equipment,6
BHARAT DYNAMICS LIMITED,AEROSPACE & DEFENSE,6
BHARAT DYNAMICS LTD,Aerospace & Defense,6
Bharat Electronics Ltd. (Covered call) $$,Aerospace & Defense,6
BHARAT PETROLEUM CORPORATION LIMITED,PETROLEUM PRODUCTS,6
Bharat Petroleum Corporation Limited October 2026 Future,Petroleum Products,6
Bharti Airtel Limited October 2026 Future,Telecom - Services,6
Bharti Airtel Ltd !! ~~,Telecom - Services,6
Bharti Airtel Ltd ## !!,Telecom - Services,6
BHARTI AIRTEL LTD^,Telecom - Services,6
BHARTI HEXACOM LIMITED,TELECOM - SERVICES,6
BILLIONBRAINS GARAGE VENTURES LTD.,CAPITAL MARKETS,6
BIOCON LIMITED,PHARMACEUTICALS & BIOTECHNOLOGY,6
Biocon Limited October 2026 Future,Pharmaceuticals & Biotechnology,6
Biogen Inc,Healthcare Services,6
Bizlink Holding Inc,Electrical Components & Equipment,6
Black Box Ltd.,IT - Services,6
BlackRock Global Funds - US Flexible Equity Fund ^^,Foreign Security,6
BlackRock Global Funds - World Energy Fund ^^,Foreign Security,6
BlackRock Global Funds - World Gold Fund ^^,Foreign Security,6
BlackRock Global Funds - World Mining Fund ^^,Foreign Security,6
Blackstone Inc,Financial Services,6
Blue Star Limited ‡,Consumer Durables,6
Bluebox Global Technology Fund,Foreign Security,6
Bluebox Precision Medicine Fund,Foreign Security,6
Bluspring Enterprises limited,Commercial Services & Supplies,6
Borosil Renewables Ltd.,Industrial Products,6
BOSCH LIMITED,AUTO COMPONENTS,6
Brambles Limited,Transport Services,6
BRF SA,Food Products,6
Bridgestone Corp,Tires & Rubber,6
Brigade Hotel Ventures Ltd,Leisure Services,6
Bristol-Myers Squibb Co,Pharmaceuticals,6
British American Tobacco PLC,Cigarettes & Tobacco Products,6
BROADCOM INC,Telecom - Equipment & Accessories,6
Broadridge Financial Solutions,Financial Services,6
BROOKS Laboratories Limited,Pharmaceuticals & Biotechnology,6
Browave Corp,Communications Equipment,6
BUNGE Limited,Agricultural Food & other Products,6
Burford Capital Ltd,Finance,6
C.E. INFO SYSTEMS LTD.,IT - Software,6
C.E. Info Systems Ltd.,IT - Software,6
CADENCE DESIGN SYS INC,Telecom - Equipment & Accessories,6
Cadence Design Systems Inc,Application Software,6
Caliber Mining And Logistics Ltd.,Consumable Fuels,6
CAN FIN HOMES LTD.,Finance,6
Canara Bank October 2026 Future,Banks,6
CANARA HSBC LIFE INSURANCE CO. LTD.,Insurance,6
Canara HSBC Life Insurance Company Ltd.,Insurance,6
Canara Robeco Asset Management Co Ltd,Capital Markets,6
Capital One Financial Corporation,Banks,6
CAPLIN POINT LABORATORIES LIMITED,PHARMACEUTICALS & BIOTECHNOLOGY,6
CAPLIN POINT LABORATORIES LTD.,Pharmaceuticals and Biotechnology,6
CCL PRODUCTS (INDIA) LIMITED,AGRICULTURAL FOOD & OTHER PRODUCTS,6
CCL PRODUCTS INDIA LTD,Agricultural Food and other Product,6
CEAT LIMITED,AUTO COMPONENTS,6
Celestica Inc,IT - Software,6
CELLO WORLD LTD,Consumer Durables,6
Cello World Ltd,Consumer Durables,6
CELLO WORLD LTD.,Consumer Durables,6
Centum Electronics Limited,Aerospace & Defense,6
Century Enka Limited,Textiles & Apparels,6
CERA SANITARYWARE LTD,Consumer Durables,6
CHAMBAL FERTILISER & CHEMICALS LTD,Fertilizers & Agrochemicals,6
CHAMBAL FERTILIZERS & CHEMICALS LIMITED,FERTILIZERS & AGROCHEMICALS,6
Check Point Software Tech,Systems Software,6
Chennai Interactive Business Services Pvt Ltd ** ^^,IT - Services,6
CHENNAI PETROLEUM CORPORATION LTD.,PETROLEUM PRODUCTS,6
CHOICE INTERNATIONAL LTD,Finance,6
Cholamandalam Investment & Finance Co,Finance,6
Cholamandalam Investment and Finance Company Ltd October 2026 Future,Finance,6
Chroma Ate,Electronic Equipment & Instruments,6
CI Emerging Markets Fund I - 974,Overseas Mutual Fund,6
Cintas Corporation,Diversified Support Services,6
Cisco Systems Inc,Communications Equipment,6
CISCO SYSTEMS INC,Telecom - Equipment & Accessories,6
Citius TransNet Investment Trust,Transport Infrastructure,6
City Online Services Limited,Telecom - Services,6
CITY UNION BANK LIMITED,BANKS,6
CLEAN SCIENCE AND TECHNOLOGY LTD,Chemicals and Petrochemicals,6
Co-Tech Development Corp.,Electronic Components,6
Coal India Ltd 29/09/2026,Consumable Fuels,6
Coca-Cola European Partners US LLC,Beverages,6
Cochin Shipyard Limited 29/09/2026,Industrial Manufacturing,6
COGNIZANT TECH SOLUTIONS,Telecom - Equipment & Accessories,6
COGNIZANT TECHNOLOGY SOLUTIONS,IT - Software,6
Coherent Corp,Industrial Manufacturing,6
COLGATE PALMOLIVE (INDIA) LIMITED,PERSONAL PRODUCTS,6
Comcast Corp,Telecom - Services,6
Comcast Corporation,Cable & Satellite,6
Compeq Manufacturing Co Ltd,Electronic Components,6
CONCORD BIOTECH LTD.,Pharmaceuticals and Biotechnology,6
CONCORD ENVIRO SYSTEMS LIMITED,Other Utilities,6
CONSTELLATION BRANDS INC-A,Beverages,6
Constellation Energy,Aerospace & Defense,6
CONTAINER CORPORATION OF INDIA LIMITED,TRANSPORT SERVICES,6
Contemporary Amperex Technology Co Ltd,Auto Components,6
Corebridge Financial Inc,Insurance,6
Coreweave INC,Software & Services,6
CORNING INC,Computers Hardware & Equipments,6
Costar Group INC,Information Services,6
Costco Wholesale,Hypermarkets & Super Centers,6
CREDITACCESS GRAMEEN LTD.,Finance,6
Crescent Finstock Ltd,Capital Markets,6
CRISIL LIMITED,FINANCE,6
CROWDSTRIKE HOLDINGS INC,Computers Hardware & Equipments,6
CUBE HIGHWAYS TRUST - INVIT,Transport Infrastructure,6
Cyient DLM Ltd,Aerospace & Defense,6
CYIENT LIMITED,IT - SERVICES,6
D B Corp Limited,Media,6
D B Tracker EM Asia,Mutual Fund,6
D B Tracker LATAM,Mutual Fund,6
DABUR INDIA LIMITED,PERSONAL PRODUCTS,6
Dai-ichi Life Holdings Inc,Life & Health Insurance,6
Daifuku Co Ltd,Industrial Machinery & Supplies & Components,6
Daikin Industries Ltd,Building Products,6
Daiwa House Industry,Diversified Real Estate Activities,6
DALMIA BHARAT LIMITED,CEMENT & CEMENT PRODUCTS,6
Dalmia Cement (Bharat) Ltd.,Cement & Cement Products,6
DAM Capital Advisors Ltd.,Capital Markets,6
DANAHER CORP,Health Care Equipment & Supplies,6
DATA PATTERNS (INDIA) LIMITED,AEROSPACE & DEFENSE,6
DATA PATTERNS (INDIA) LTD,Aerospace & Defense,6
DATADOG INC,Computers - Software & Consulting,6
Datamatics Global Services Limited,IT - Services,6
Datamatics Global Services Ltd.,IT - Services,6
DBS Group Holdings Ltd,Banks,6
DCM SHRIRAM LTD.,Diversified,6
Deere And Co Limited,Agricultural Commercial & Construction Vehicles,6
DELL TECHNOLOGIES INC,Software Products,6
Delta Electronics Inc,Electronic Components,6
Dev Milk Foods Pvt. Ltd.,Transport Services,6
Dhanuka Agritech Ltd,Fertilizers and Agrochemicals,6
Dharti Dredging & Infrastructure Ltd.,Miscellaneous,6
DHOOT TRANSMISSION LIMITED,Auto Components,6
DIAMONDBACK ENERGY INC,Exploration & Production,6
Disa India Ltd.,Industrial Manufacturing,6
DIVI'S LABORATORIES LIMITED,PHARMACEUTICALS & BIOTECHNOLOGY,6
Dixon Technologies (India) Ltd. 29/09/2026,Consumer Durables,6
DOMS Industries Ltd,Industrials,6
Dr Lal Path Labs Ltd,Healthcare Services,6
Dr. Agarwals Health Care Ltd.,Healthcare Services,6
DR. LAL PATH LABS LTD.,HEALTHCARE SERVICES,6
Dr. Reddy''s Laboratories Limited,Pharmaceuticals & Biotechnology,6
Dr. Reddys Laboratories Ltd,Pharmaceuticals & Biotechnology,6
DSP Arbitrage Fund,Mutual Funds,6
DSP Banking and PSU Debt Fund,Mutual Funds,6
DSP Financial Services Sectoral Debt Fund,Mutual Funds,6
DSP Gilt Fund,Mutual Funds,6
DSP Healthcare Fund,Mutual Funds,6
DSP Large Cap Fund,Mutual Funds,6
DSP Nifty 10 Yr Benchmark G-Sec ETF,Mutual Funds,6
DSP Nifty 50 Equal Wieght ETF,Mutual Funds,6
DSP Nifty IT ETF,Mutual Funds,6
DSP Nifty Private Bank ETF,Mutual Funds,6
DSP Nifty PSU Bank ETF,Mutual Funds,6
DSP Nifty Top 10 Equal Weight ETF,Mutual Funds,6
DSP Silver ETF,Mutual Funds,6
DSP SILVER ETF,Mutual Funds,6
DSV A/S,Transport Services,6
Dynapack International Technology Corporation,Electronic Components,6
ECLERX SERVICES LIMITED,COMMERCIAL SERVICES & SUPPLIES,6
ECLERX SERVICES LTD.,Commercial Services and Supplies,6
EID PARRY (INDIA) LTD.,Food Products,6
EID PARRY INDIA LTD,Food Products,6
ELECON ENGINEERING CO LTD.,Electrical Equipment,6
ELECON ENGINEERING COMPANY LIMITED,ELECTRICAL EQUIPMENT,6
Electrosteel Castings Limited,Industrial Products,6
Electrosteel Castings Ltd.,Industrial Products,6
Elekta AB,Healthcare Services,6
ELGI EQUIPMENTS LIMITED,INDUSTRIAL PRODUCTS,6
ELGI Equipments Ltd.,Industrial Products,6
ELI LILLY & CO,Pharmaceuticals,6
Elite Advanced Laser Corp,Semiconductors,6
Elite Material Co Ltd,Electronic Components,6
Ellenbarrie Industrial Gases Ltd,Chemicals & Petrochemicals,6
Ellenbarrie Industrial Gases Ltd.,Chemicals & Petrochemicals,6
Embassy Developments Ltd.,Realty,6
eMemory Technology Inc,Semiconductors,6
ENDURANCE TECHNOLOGIES LIMITED,AUTO COMPONENTS,6
ENGINEERS INDIA LIMITED,CONSTRUCTION,6
Entegris Inc,Semiconductor Mfg,6
Enviro Infra Engineers Ltd.,Other Utilities,6
EPACK DURABLE LIMITED,Consumer Durables,6
Epack Durable Ltd,Consumer Durables,6
EPL Ltd,Industrial Products,6
EQ - AARTI PHARMALABS LTD,Pharmaceuticals & Biotechnology,6
EQ - ADVANCED ENZYME TECHNOLOGIE LT,Pharmaceuticals & Biotechnology,6
EQ - ASTRAZENCA PHARMA INDIA LTD.,Pharmaceuticals & Biotechnology,6
EQ - AUTHUM INVESTMENT & INFRASTUCTURE LTD,Finance,6
EQ - B.S. REFRIGERATORS LIMITED.,Not Applicable,6
EQ - CARRARO INDIA LTD,Auto Components,6
EQ - DELDOT SYSTEMS LTD.,Not Applicable,6
EQ - ELBEE SERVICES LTD.(ELBEE EXPR,Not Applicable,6
EQ - GODREJ AGROVET LTD,Food Products,6
EQ - GODREJ INDUSTRIES LTD.,Diversified,6
EQ - GPI TEXTILES LTD.,Not Applicable,6
EQ - HOUSING & URBAN DEVT CORP LTD,Finance,6
EQ - INDIAN RAILWAYS FIN CORPN LTD,Finance,6
EQ - INDIAN RENEWABLE ENERGY DEVELOPMENT AGENCY LTD,Finance,6
EQ - J. KUMAR INFRAPROJECTS LTD,Construction,6
EQ - KSB LTD,Industrial Products,6
EQ - LAXMI DENTAL LIMITED,Healthcare Equipment & Supplies,6
EQ - LLOYDS METALS & ENERGY LTD.,Minerals & Mining,6
EQ - MTZ POLFILMS LTD.,Not Applicable,6
EQ - MUKERIAN PAPERS LTD.,Not Applicable,6
EQ - NHPC LTD.,Power,6
EQ - NLC INDIA LTD,Power,6
EQ - NTPC GREEN ENERGY LTD,Power,6
EQ - RELAXO FOOTWEARS LTD,Consumer Durables,6
EQ - SANDHAR TECHNOLOGIES LTD,Auto Components,6
EQ - SHEELA FOAM LTD.,Consumer Durables,6
EQ - SHIVALIK BIMETAL CONTROLS LTD,Industrial Products,6
EQ - SHUBH SHANTI SERVICES LTD.,Not Applicable,6
EQ - SJVN LTD.,Power,6
EQ - SPARTEK CERAMICS INDIA LTD.,Not Applicable,6
EQ - SUDEEP PHARMA LIMITED,Chemicals & Petrochemicals,6
EQ - SYMPHONY LTD.,Consumer Durables,6
EQ - TATA INVESTMENT CORPORATION LT,Finance,6
EQ - TCI EXPRESS LTD,Transport Services,6
EQ - THE NEW INDIA ASSURANCE COMPAN,Insurance,6
EQ - VIYASH SCIENTIFIC LTD,Pharmaceuticals & Biotechnology,6
EQ - WINDLAS BIOTEC LTD,Pharmaceuticals & Biotechnology,6
EQ-PREMIER ENERGIES LIMITED,Electrical Equipment,6
Equifax Inc.,Research & Consulting Services,6
Equitable Holdings Inc,Insurance,6
EQUITAS SMALL FINANCE BANK LTD,Banks,6
ERIS LIFESCIENCES LTD,Pharmaceuticals and Biotechnology,6
ESCORTS KUBOTA LTD,"Agricultural, Commercial & Construction Vehicles",6
ESDS Software Solution Limited,IT - Software,6
Estee Lauder Cos Inc,Consumer Durables,6
Eternal Ltd ( Previously named as Zomato Ltd ) SEP-2026,Stock Future,6
ETHOS LTD,Consumer Durables,6
Euro Pratik Sales Ltd.,Consumer Durables,6
EVEREADY INDUSTRIES INDIA LTD,Household Products,6
Exelon (US),Electric Utilities,6
Exeo Group Inc,Construction & Engineering,6
Exicom Tele-Systems Limited,Electrical Equipment,6
EXIDE INDUSTRIES LIMITED,AUTO COMPONENTS,6
EXPERIAN PLC,Finance,6
Fair Isaac Corp,Software & Services,6
FAIR ISAAC CORP,Computers Hardware & Equipments,6
Fast Retailing Co Ltd,Apparel Retail,6
Fastenal Co,Trading Companies & Distributors,6
FDC LTD,Pharmaceuticals & Biotechnology,6
Fedbank Financial Services Limited,Finance,6
Fedbank Financial Services Ltd.,Finance,6
FERTILISERS AND CHEMICALS TRAVANCORE LTD.,Fertilizers and Agrochemicals,6
Fertilizers & Chemicals Travancore Ltd.,Fertilizers & Agrochemicals,6
Fidelity Select Medical Technology And Devices Portfolio,Foreign Security,6
FIEM Industries Ltd.,Auto Components,6
FIL Investment Management Luxembourg SA - Fidelity-Asia Focus -A USD,Mutual Fund,6
FINEOTEX CHEMICAL LTD,Chemicals & Petrochemicals,6
Five Below Inc,Retailing,6
Flair Writing Industries Ltd.,Household Products,6
FORTINET INC,Computers Hardware & Equipments,6
Fositek Corp,Electronic Components,6
Fractal Analytics Limited,IT - Software,6
FSM First Trust SME Equity UCITS Fund,Mutual Fund,6
FSN E-COMMERCE VENTURES LIMITED,RETAILING,6
FSN E-Commerce Ventures Ltd $$,Retailing,6
GABRIEL INDIA LTD,Auto Components,6
GALLANTT ISPAT LTD.,Industrial Products,6
GCS Holdings Inc,Semiconductors,6
GEA GROUP AG,Industrial Manufacturing,6
GHCL Ltd,Chemicals & Petrochemicals,6
GHCL Ltd.,Chemicals & Petrochemicals,6
GHCL Textiles Limited,Textiles & Apparels,6
Gilead Sciences Inc.,Biotechnology,6
GILLETTE INDIA LIMITED,PERSONAL PRODUCTS,6
GLAND PHARMA LIMITED,PHARMACEUTICALS & BIOTECHNOLOGY,6
Global X Funds - Global X Genomics & Biotechnology ETF,Foreign Security,6
Globsyn Technologies Ltd,Miscellaneous,6
Globus Medical Inc,Healthcare Equipment & Supplies,6
GMO Quality Investment Fund,Overseas Mutual Fund,6
Gmr Power & Urban Infra Ltd.,Power,6
GNG Electronics Ltd.,IT - Hardware,6
GO DIGIT GENERAL INSURANCE LTD,Insurance,6
GO DIGIT GENERAL INSURANCE LTD.,Insurance,6
GO FASHION (INDIA) LIMITED,Retailing,6
Go Fashion India Ltd,Retailing,6
Godavari Biorefineries Ltd,Diversified Fmcg,6
GODFREY PHILLIPS INDIA LIMITED,CIGARETTES & TOBACCO PRODUCTS,6
GODREJ AGROVET LTD,Food Products,6
Godrej Properties Limited 29/09/2026,Realty,6
Godrej Properties Ltd ^^ ~,Realty,6
GOLD (1 KG-1000 GMS) COMMODITY^,Precious Metals,6
Gold Circuit Electronics Ltd,Electronic Components,6
Golden Agri-Resources Limited,Agricultural Food & other Products,6
Grail Inc,Healthcare Equipment & Supplies,6
Grand Process Technology Corporation,Semiconductor Materials & Equipment,6
GRANULES INDIA LIMITED,PHARMACEUTICALS & BIOTECHNOLOGY,6
Grasim Industries Limited October 2026 Future,Cement & Cement Products,6
GRAVITA INDIA LTD.,Minerals and Mining,6
Greaves Cotton Limited,Industrial Products,6
Greenlam Industries Ltd.,Consumer Durables,6
Greenpanel Industries Ltd.,Consumer Durables,6
GSK PLC,Pharmaceuticals & Biotechnology,6
Guidewire Software Inc,Application Software,6
Gujarat Ambuja Exports Ltd.,Agricultural Food & other Products,6
Gujarat Industries Power Co. Ltd.,Power,6
GUJARAT MINERAL DEVELOPMENT CORP.,MINERALS & MINING,6
Gujarat Narmada Valley Fertilizers and Chemicals Limited,Chemicals & Petrochemicals,6
GUJARAT PIPAVAV PORT LTD,Transport Infrastructure,6
Gujarat State Fertilizers & Chemicals Limited,Fertilizers & Agrochemicals,6
GUJARAT STATE FERTILIZERS &CHEM LTD,Fertilizers & Agrochemicals,6
H G Infra Engineering Limited,Construction,6
H G Infra Engineering Ltd.,Construction,6
H.E.G. LTD.,Industrial Products,6
H.G. INFRA ENGINEERING LTD,Construction,6
Hansoh Pharmaceutical Group Co Ltd,Pharmaceuticals & Biotechnology,6
Harding Loevner Global Equity Fund,Foreign Security,6
Harmonic Drive Systems Inc,INDUSTRIAL CAPITAL GOODS,6
Havells India Limited September 2026 Future,Consumer Durables,6
HAWKINS COOKER LTD,Consumer Durables,6
HBL ENGINEERING LIMITED,INDUSTRIAL PRODUCTS,6
HBL ENGINEERING LTD.,Industrial Products,6
HCL Technologies Limited 29/09/2026,IT - Software,6
HCL Technologies Ltd $,IT - Software,6
HDB FINANCIAL SERVICES LIMITED,FINANCE,6
HDFC Bank Ltd # ~~,Banks,6
HDFC Bank Ltd ^ ~~,Banks,6
HDFC MUTUAL FUND,Exchange Traded Funds,6
HDFC Nifty Smallcap 250 ETF,Capital Markets,6
Helios Flexi Cap Fund - Direct Plan - Growth Option,Capital Markets,6
Hemisphere Properties India Ltd.,Commercial Services & Supplies,6
Heritage Foods Ltd.,Food Products,6
HERO MOTOCORP LIMITED,AUTOMOBILES,6
Hero MotoCorp Limited October 2026 Future,Automobiles,6
Hershey Co,Consumer Non Durables,6
HEWLETT PACKARD ENTERPRISE CO,IT Enabled Services,6
HEXAWARE TECHNOLOGIES LIMITED,IT - SOFTWARE,6
HFCL LIMITED,TELECOM - SERVICES,6
HIKAL LTD,Pharmaceuticals & Biotechnology,6
Himadri Speciality Chemical Ltd,Chemicals & Petrochemicals,6
HIMADRI SPECIALITY CHEMICAL LTD,Chemicals & Petrochemicals,6
Hindalco Industries Ltd ^ ~~,Non - Ferrous Metals,6
Hindustan Construction Company Limited,Construction,6
Hindustan Construction Company Ltd.,Construction,6
HINDUSTAN COPPER LTD,Non - Ferrous Metals,6
Hindustan Petroleum Corp Ltd,Energy,6
HINDUSTAN PETROLEUM CORPORATION LIMITED,PETROLEUM PRODUCTS,6
HINDUSTAN ZINC LIMITED,NON - FERROUS METALS,6
HIRECT LTD,Industrial Manufacturing,6
HITACHI ENERGY INDIA LIMITED,ELECTRICAL EQUIPMENT,6
Hitachi Ltd,Industrial Conglomerates,6
HOME FIRST FINANCE COMPANY INDIA LIMITED,FINANCE,6
HOME FIRST FINANCE COMPANY INDIA LTD,Finance,6
Hon Hai Precision Industry Co Ltd,Industrial Manufacturing,6
Hon Precision Inc,Industrial Products,6
HONDA INDIA POWER PRODUCTS LTD,Industrial Manufacturing,6
Honeywell Internation India Pvt Ltd,Industrial Conglomerates,6
Hong Kong Exchanges And Clearing Limited,Capital Markets,6
HOUSING & URBAN DEVELOPMENT CORPORATION LTD,Finance,6
HSBC Arbitrage Fund - Direct Growth,Internal - Mutual Fund Units,6
HSBC Banking and PSU Debt Fund - Direct Growth,Internal - Mutual Fund Units,6
HSBC Flexi Cap Fund - Direct Growth,Internal - Mutual Fund Units,6
HSBC Focused Fund - Direct Growth,Internal - Mutual Fund Units,6
HSBC GIF Asia Pacific Fund,International - Mutual Fund Units,6
HSBC GIF Brazil Equity Fund,International - Mutual Fund Units,6
HSBC GIF Global Emerging Markets Equity,International - Mutual Fund Units,6
Hsbc Holdings Plc,Banks,6
HSBC Large & Mid Cap Fund - Direct Growth,Internal - Mutual Fund Units,6
HSBC Large Cap Fund - Direct Growth,Internal - Mutual Fund Units,6
HSBC Midcap Fund - Direct Growth,Internal - Mutual Fund Units,6
HSBC Multi Cap Fund - Direct Growth,Internal - Mutual Fund Units,6
HSBC Short Term Fund - Direct Growth,Internal - Mutual Fund Units,6
HSBC Small Cap Fund - Direct Growth,Internal - Mutual Fund Units,6
HSBC Value Fund - Direct Growth,Internal - Mutual Fund Units,6
Hy-Tech Engineers Ltd. A,Industrial Products,6
Hy-Tech Engineers Ltd.A,Industrial Products,6
HYUNDAI MOTOR INDIA LIMITED,AUTOMOBILES,6
IBM,Computers - Software & Consulting,6
ICICI Bank Ltd ! ~~,Banks,6
ICICI Bank Ltd !! ~~,Banks,6
ICICI Bank Ltd ^ ~~,Banks,6
ICICI LOMBARD GENERAL INSURANCE COMPANY,INSURANCE,6
ICICI PRUDENTIAL AMC LTD,CAPITAL MARKETS,6
ICICI Prudential Asset Management Company Ltd,Capital Markets,6
ICICI Prudential Banking & PSU Debt Fund - Direct Plan - Growth,Capital Markets,6
ICICI Prudential Bond Fund - Direct Plan - Growth,Capital Markets,6
ICICI Prudential BSE 500 ETF,Capital Markets,6
ICICI Prudential Equity Arbitrage Fund - Direct Plan - Growth,Capital Markets,6
ICICI Prudential Equity Minimum Variance Fund - Direct Plan - Growth,Capital Markets,6
ICICI Prudential Infrastructure Fund - Direct Plan - Growth,Capital Markets,6
ICICI Prudential Innovation Fund - Direct Plan - Growth,Capital Markets,6
ICICI Prudential Life Insurance Company Limited October 2026 Future,Insurance,6
ICICI PRUDENTIAL LIFE INSURANCE COMPANY LTD,Insurance,6
ICICI Prudential Nifty 10 Year Benchmark G-Sec ETF,Capital Markets,6
ICICI Prudential Nifty 100 Low Volatility 30 ETF,Capital Markets,6
ICICI Prudential Nifty 5 yr Benchmark G-SEC ETF,Capital Markets,6
ICICI Prudential Nifty 50 ETF,Capital Markets,6
ICICI Prudential Nifty Alpha Low - Volatility 30 ETF.,Capital Markets,6
ICICI Prudential Nifty EV & New Age Automotive ETF,Capital Markets,6
ICICI Prudential Nifty India Consumption ETF,Capital Markets,6
ICICI Prudential Nifty Infrastructure ETF,Capital Markets,6
ICICI Prudential Nifty Midcap 150 ETF,Capital Markets,6
ICICI Prudential Nifty SDL Sep 2026 Index Fund - Direct Plan - Growth,Capital Markets,6
ICICI Prudential Nifty Smallcap 250 Index Fund - Direct Plan - Growth,Capital Markets,6
ICICI Prudential Quality Fund - Direct Plan - Growth,Capital Markets,6
ICICI Prudential Quant Fund - Direct Plan - Growth,Capital Markets,6
ICICI Prudential Silver ETF,Capital Markets,6
ICICI Prudential Transportation & Logistic Fund - Direct Plan - Growth,Capital Markets,6
ICICI Prudential Ultra Short term fund,Mutual Fund,6
ICRA LIMITED,Capital Markets,6
IDBI BANK LTD.,Banks,6
Ideaforge Technology Ltd,Aerospace & Defense,6
IDFC First Bank Ltd ! ^,Banks,6
IFB Industries Ltd.,Consumer Durables,6
Ifgl Refractories Limited (Erst Ifgl Exports Limited),Industrial Products,6
Imperial Brands,Cigarettes & Tobacco Products,6
Indbazaar.Com Ltd.,Software,6
INDEGENE LTD.,Healthcare Services,6
India Glycols Ltd.,Beverages,6
INDIA SHELTER FINANCE CORPORATION LTD,Finance,6
Indiabulls Housing Finance Ltd.,Finance,6
INDIAN ENERGY EXCHANGE LIMITED,CAPITAL MARKETS,6
Indian Energy Exchange Limited October 2026 Future,Capital Markets,6
INDIAN HUME PIPE COMPANY LIMITED,Construction,6
Indian Metals & Ferro Alloys Limited,Ferrous Metals,6
Indian Metals & Ferro Alloys Ltd.,Ferrous Metals,6
INDIAN OIL CORPORATION LIMITED,PETROLEUM PRODUCTS,6
INDIAN RAILWAY CATERING & TOURISM CORP,LEISURE SERVICES,6
INDIAN RENEWABLE ENERGY DEV AGENCY LTD,FINANCE,6
INDIAN RENEWABLE ENERGY DEVELOPMENT AGENCY LTD,Finance,6
Indraprastha Medical Corporation Limited,Healthcare Services,6
INDUS TOWERS LIMITED,TELECOM - SERVICES,6
Infosys Ltd $$ ~~,IT - Software,6
INGREDION INC,Agricultural Food & other Products,6
Innoventive Industries Limited,Industrial Products,6
Inox Renewable Solutions Ltd.,Power,6
Inox Renewable Solutions Ltd. A,Construction,6
Inox Wind Limited October 2026 Future,Electrical Equipment,6
Inox Wind Ltd,Electrical Equipment,6
Insecticides (India) Ltd.,Fertilizers & Agrochemicals,6
Intel Corp,Semiconductors,6
Interarch Building Solutions Ltd.,Construction,6
INTERCONTINENTAL EXCHANGE INC,Capital Markets,6
INTERNATIONAL GEMMOLOGICAL INSTITUTE (INDIA) LTD.,Commercial Services and Supplies,6
INTUITIVE SURGICAL INC,Health Care Equipment & Supplies,6
INTUITIVE SURGICAL INC COM,Health Care Equipment,6
Inventurus Knowledge Solutions Ltd,IT - Services,6
INVENTURUS KNOWLEDGE SOLUTIONS LTD.,IT - Services,6
INVESCO CHINA TECHNOLOGY ETF,Financial Services,6
Invesco NASDAQ-100 Equal Weight UCITS ETF,Foreign Security,6
INVESTEC GLOBAL GOLD I ACC,Overseas Mutual Fund,6
IOL Chemicals and Pharmaceuticals Ltd.,Pharmaceuticals & Biotechnology,6
ION EXCHANGE (INDIA) LIMITED,Other Utilities,6
ION Exchange (India) Ltd.,Other Utilities,6
IPCA LABORATORIES LIMITED,PHARMACEUTICALS & BIOTECHNOLOGY,6
IQVIA HOLDINGS INC,Life Sciences Tools & Services,6
IRB INFRASTRUCTURE DEVELOPERS LTD,Construction,6
IRB InvIT Fund,Transport Infrastructure,6
IRM Energy Limited,Gas,6
ISGEC HEAVY ENGINEERING LTD,Construction,6
iShares Global Comm Services ETF,Foreign Security,6
ISHARES GLOBAL CONSUMER STAPLE,Aerospace & Defense,6
ISHARES GLOBAL ENERGY ETF,Financial Services,6
ISHARES GLOBAL HEALTHCARE ETF,Financial Services,6
iShares Global Industrials ETF,Foreign Security,6
ISHARES LATIN AMERICA 40 ETF,Financial Services,6
ISHARES MSCI CHINA ETF,Financial Services,6
ISHARES MSCI INTERNATIONAL,Financial Services,6
ISHARES MSCI JAPAN ETF,Financial Services,6
ISHARES MSCI RUSSIA ETF,Financial Services,6
iShares NASDAQ 100 UCITS ETF,Foreign Security,6
iShares Treasury Bond 1-3yr UCITS ETF,Foreign Security,6
iShares Treasury Bond 7-10yr UCITS ETF,Foreign Security,6
Isprava Technologies Ltd.,Miscellaneous,6
Israel Chemicals Limited,Fertilizers & Agrochemicals,6
ITC Ltd !! ^^,Diversified FMCG,6
Itochu Corporation,Trading Companies & Distributors,6
ITT Inc,Construction,6
Ivalue Infosolutions Ltd.,It - Hardware,6
J.B. Chemicals & Pharmaceuticals Ltd,Healthcare,6
Jai Balaji Industries Ltd.,Ferrous Metals,6
JAIN RESOURCE RECYCLING LTD.,Diversified Metals,6
JAIPRAKASH POWER VENTURES LTD,Power,6
Jana Small Finance Bank Ltd.,Banks,6
Japan Tobacco Incorporated,Cigarettes & Tobacco Products,6
Jayaswal Neco Industries Limited,Industrial Products,6
Jbm Auto Ltd.,Auto Components,6
Jentech Precision Industrial Co Ltd,Semiconductors,6
JINDAL STAINLESS LIMITED,FERROUS METALS,6
JINDAL STEEL LIMITED,FERROUS METALS,6
JK CEMENT LIMITED,CEMENT & CEMENT PRODUCTS,6
JM FINANCIAL LTD.,Finance,6
John Wiley & Sons Inc,PRINTING & PUBLICATION,6
JOHNSON & JOHNSON,Pharmaceuticals,6
JSW Cement Ltd,Cement & Cement Products,6
JSW DULUX LIMITED,CONSUMER DURABLES,6
JSW ENERGY LIMITED,POWER,6
JTPM Metal Traders Ltd.,Financial Services,6
JUBILANT FOODWORKS LIMITED,LEISURE SERVICES,6
JUBILANT PHARMOVA LTD,Pharmaceuticals & Biotechnology,6
Juniper Green Energy Ltd,Power,6
JUPITER WAGONS LTD,Industrial Manufacturing,6
JustDial Limited,Retailing,6
JustDial Ltd,Retailing,6
Jyothy Laboratories Ltd,Household Products,6
KAJARIA CERAMICS LIMITED,CONSUMER DURABLES,6
Kamdhenu Limited,Industrial Products,6
KARUR VYSYA BANK LIMITED,BANKS,6
Kaveri Seed Company Ltd.,Agricultural Food & other Products,6
Kaynes Technology India Ltd,Industrial Manufacturing,6
KAYNES TECHNOLOGY INDIA LTD.,INDUSTRIAL MANUFACTURING,6
KB Financial Group Inc,Finance,6
KEI Industries Ltd SEP-2026,Stock Future,6
Kellogg Co,Food Products,6
Keurig Dr Pepper Inc.,Soft Drinks,6
Keyence Corp,Electronic Equipment & Instruments,6
Keyence Corporation,Industrial Manufacturing,6
KEYSIGHT TECHNOLOGIES INC,Computers Hardware & Equipments,6
KFin Technologies Limited September 2026 Future,Capital Markets,6
KFIN TECHNOLOGIES LTD,Capital Markets,6
Kilburn Engineering Ltd,Industrial Manufacturing,6
King Slide Works Co Ltd,Industrial Products,6
Kioxia Holdings Corp,Electrical Equipment,6
KIRLOSKAR FERROUS INDUSTRIES LTD,Ferrous Metals,6
Kirloskar Pneumatic Co Limited,Industrial Products,6
Kirloskar Pneumatic Co.Ltd.,Industrial Products,6
Kitex Garments Limited,Textiles & Apparels,6
Kitex Garments Ltd.,Textiles & Apparels,6
KLA CORP,Computers Hardware & Equipments,6
KLA-Tencor corp,Semiconductor Equipment,6
Knowledge Realty Trust REIT,Realty,6
KNR Construction limited.,Construction,6
KNR CONSTRUCTIONS LTD,Construction,6
Kolte - Patil Developers Limited,Realty,6
Kolte Patil Developers Limited,Realty,6
KOTAK ACTIVE MOMENTUM FUND DIRECT GROWTH,Mutual Fund,6
Kotak Bond Direct Plan Growth,Mutual Fund,6
Kotak Consumption Fund Growth,Mutual Fund,6
Kotak Flexicap Fund Direct Growth,Mutual Fund,6
KOTAK FOCUSED FUND DIRECT GROWTH,Mutual Fund,6
Kotak Gilt Fund Direct Growth,Mutual Fund,6
Kotak India EQ Contra Fund Direct Growth,Mutual Fund,6
Kotak Infrastructure & Economic Reform Fund Direct Growth,Mutual Fund,6
Kotak Large & Midcap Fund Direct Growth,Mutual Fund,6
Kotak Mahindra Bank Ltd ! ^,Banks,6
Kotak Manufacture In India Fund,Mutual Fund,6
Kotak Midcap Fund Direct Growth,Mutual Fund,6
KOTAK NIFTY 50 ETF,ETF Units,6
Kotak Nifty SDL Apr 2032 Top 12 Equal Weight Index Fund - Direct Growth,Mutual Fund,6
KOTAK PSU BANK ETF,ETF Units,6
Kotak Quant Fund Growth,Mutual Fund,6
Kotak Savings Fund Direct Growth,Mutual Fund,6
Kotak Small Cap Fund Direct Growth,Mutual Fund,6
Kotak Special Opportunities Fund-DG,Mutual Fund,6
Kotak Technology Fund Growth,Mutual Fund,6
Kotak Transportation & Logistics Fund- Direct Growth,Mutual Fund,6
Kovai Medical Center & Hospital Ltd,Healthcare Services,6
Kovai Medical Center And Hospital Limited,Healthcare Services,6
Kpi Green Energy Ltd.,Power,6
Kraft Heinz Co/The,Packaged Foods & Meats,6
KraneShares CSI China Internet ETF,Foreign Security,6
KRBL Ltd.,Agricultural Food & other Products,6
KRSNAA DIAGNOSTICS LTD,Healthcare Services,6
Ksb Ltd.,Industrial Products,6
Kubota Corp,Agricultural Commercial & Construction Vehicles,6
Kwality Walls India Ltd.,Food Products,6
Kwality Wall’s (India) Ltd,Food Products,6
L&T FINANCE LIMITED,FINANCE,6
L'Oreal,Personal Products,6
LAM RESEARCH CORP,Computers Hardware & Equipments,6
Lam Research Corporation,Semiconductor Equipment,6
Lancer Container Lines Ltd.,Transport Services,6
Landmark Cars Ltd.,Automobiles,6
LandMark Optoelectronics Corporation,Semiconductor Materials & Equipment,6
Laser Power And Infra Ltd.,Industrial Products,6
LAURUS LABS LTD^,Pharmaceuticals & Biotechnology,6
LAXMI DENTAL LIMITED,Healthcare Equipment and Supplies,6
LEELA PALACES HOTELS & RESORTS LTD,Leisure Services,6
LG ELECTRONICS INDIA LIMITED,CONSUMER DURABLES,6
LIC HOUSING FINANCE LIMITED,FINANCE,6
Linde Plc,Diversified Chemicals,6
Lite-On Technology Corp,IT - Software,6
Lloyds Engineering Works Ltd.,Industrial Manufacturing,6
Lloyds Enterprises Ltd,Metals & Minerals Trading,6
LLOYDS METALS AND ENERGY LIMITED,MINERALS & MINING,6
LOHIA CORP LTD,Industrial Manufacturing,6
LONDON STOCK EXCHANGE GROUP,Capital Markets,6
LPL Financial Holdings Inc,Financial Services,6
LT Foods Ltd,Agricultural Food & other Products,6
LT FOODS LTD,AGRICULTURAL FOOD & OTHER PRODUCTS,6
LT FOODS LTD.,Agricultural Food and other Product,6
"Lumentum Holdings Inc,.",Technology Hardware And Equipment,6
M&B ENGINEERING LTD,Construction,6
Macronix International Co Ltd,Semiconductors,6
Maestros Mediline Systems Ltd.,Miscellaneous,6
Magnasound India Limited,Consumer Durables,6
MAHANAGAR GAS LIMITED,GAS,6
MAHINDRA LOGISTICS LTD,Transport Services,6
Mahindra Logistics Ltd.,Transport Services,6
Make My Trip Ltd (USD),Leisure Services,6
Makemytrip Ltd,Leisure Services,6
MAKEMYTRIP LTD,"Hotels, Resorts & Cruise Lines",6
MANAPPURAM FINANCE LIMITED,FINANCE,6
Mangalore Refinery & Petrochemicals Ltd.,Petroleum Products,6
Marico Limited October 2026 Future,Agricultural Food & other Products,6
MARKSANS PHARMA Ltd.,Pharmaceuticals & Biotechnology,6
Marriott International,"Hotels, Resorts & Cruise Lines",6
Marriott International Inc,Leisure Services,6
Maruti Cottex Ltd.,Miscellaneous,6
Marvell Technology Inc,Semiconductors,6
Masco Corp.,Building Products,6
MAX ESTATES LIMITED,Realty,6
MAYUR UNIQUOTERS LTD,Consumer Durables,6
MAZAGON DOCK SHIPBUILDERS LIMITED,INDUSTRIAL MANUFACTURING,6
Mccormick & Co,Trading,6
McKesson Corp,Retailing,6
MediaTek Incorporation,Semiconductors,6
MEDTRONIC PLC,Health Care Equipment & Supplies,6
MEESHO LTD.,Retailing,6
MEP Infrastructure Developers Ltd.,Transport Infrastructure,6
MERCK & CO.INC,Pharmaceuticals,6
Meta Platforms Inc,IT - Software,6
MICROCHIP TECHNOLOGY INC,Computers Hardware & Equipments,6
Microchip Technology Inc.,Semiconductors,6
MICRON TECHNOLOGY INC,Computers Hardware & Equipments,6
MICROSOFT CORP,Computers Hardware & Equipments,6
Microstrategy Inc. - Class A,Application Software,6
Midwest Ltd.,Consumer Durables,6
Mirae Asset Nifty Energy ETF,Capital Markets,6
MITAC Holdings Corporation,"Technology Hardware, Storage & Peripherals",6
Mitsubishi Chemical,Diversified Chemicals,6
MITSUBISHI HEAVY ORD,Industrial Machinery & Supplies & Components,6
Mitsubishi UFJ Financial Group Inc,Diversified Banks,6
MM FORGINGS LTD,Auto Components,6
MMS Infrastructure Ltd.,Miscellaneous,6
MOIL Ltd,Minerals & Mining,6
MOLBIO DIAGNOSTICS LTD,Healthcare Services,6
Mold Tek Packaging Limited,Industrial Products,6
MONOLITHIC POWER SYSTEM INC,Computers Hardware & Equipments,6
Monster Beverage Corporation,Soft Drinks,6
MOTHERSON SUMI WIRING INDIA LIMITED,AUTO COMPONENTS,6
Motilal Oswal Nifty India Defence ETF,Capital Markets,6
MOTOROLA SOLUTIONS INC,Computers Hardware & Equipments,6
MOWI ASA,Food Products,6
Mpi Corporation,Semiconductor Materials & Equipment,6
MSTC Limited,Commercial Services & Supplies,6
MSTC Ltd.,Commercial Services & Supplies,6
MTAR Technologies Ltd.,Electrical Equipment,6
MUFIN GREEN FINANCE LTD,Finance,6
Mukerian Papers Ltd,"Paper, Forest & Jute Products",6
Nabtesco Corp,Industrial Manufacturing,6
Nanya Technology Corporation,Semiconductors,6
NATCO PHARMA LIMITED,PHARMACEUTICALS & BIOTECHNOLOGY,6
NATIONAL ALUMINIUM COMPANY LIMITED,NON - FERROUS METALS,6
National Fertilizers Limited,Fertilizers & Agrochemicals,6
National Fertilizers Ltd.,Fertilizers & Agrochemicals,6
National Highways Infra Trust | REITs & InvITs,Transport Infrastructure,6
Natwest Group Plc,Banks,6
NAVA LTD.,Power,6
Navneet Education Ltd.,Household Products,6
NCC LIMITED,CONSTRUCTION,6
NCC LTD,Construction,6
Nebius Grp NV,Semiconductors & Semiconductor,6
Nephrocare Health Services Limited,Healthcare Services,6
Nestle India Ltd. (Covered call) $$,Food Products,6
Netweb Technologies India Ltd,IT - Services,6
Network18 Media & Investments Ltd.,Entertainment,6
NEWGEN SOFTWARE TECHNOLOGIES LIMITED,IT - SOFTWARE,6
NEWGEN SOFTWARE TECHNOLOGIES LTD.,IT - Software,6
Nexus Select Mall Management Pvt Ltd,Realty,6
NEXUS SELECT TRUST REIT@',Realty,6
NEYVELI LIGNITE CORPORATION LTD.,POWER,6
NHPC LIMITED,POWER,6
NHPC Ltd 29/09/2026,Power,6
NIFTY 25500 Call Sep26,Index Options,6
Nifty 50 Index,Index Futures/Options,6
NIIT Learning Systems Ltd,Other Consumer Services,6
NIIT Learning Systems Ltd.,Other Consumer Services,6
NIPPON INDIA ETF GOLD BEES,ETF Units,6
Nippon India ETF Gold Bees,Exchange Traded Fund,6
Nippon India Large Cap Fund,Mutual Funds,6
Nippon India Large Cap Fund - Direct Plan Growth,Mutual Fund,6
NIPPON INDIA MUTUALFUND,Exchange Traded Funds,6
NIPPON INDIA MUTUALFUND | MFU,Exchange Traded Funds,6
NIPPON INDIA SILVER ETF,ETF Units,6
NIPPON MEAT PACK ORD,Food Products,6
Nippon Yusen Kabushiki Kaisha,Marine Transportation,6
NOCIL Ltd,Chemicals & Petrochemicals,6
Nomura Holdings Inc,Investment Banking & Brokerage,6
Northern Arc Capital Ltd,Finance,6
Northrop Grumman Corp,Aerospace & Defense,6
Novo Nordisk A/S,Pharmaceuticals & Biotechnology,6
NRB Bearing Ltd.,Auto Components,6
NRB Bearings Ltd.,Auto Components,6
NTPC GREEN ENERGY LTD,Power,6
Nutrien Limited,Miscellaneous,6
NUVAMA WEALTH MANAGEMENT LTD,Capital Markets,6
NUVOCO VISTAS CORPORATION LTD.,Cement and Cement Products,6
NVIDIA CORP,IT-Hardware,6
NXP SEMICONDUCTORS NV,Computers Hardware & Equipments,6
NXT Infra Trust (NIT),Construction,6
OHB SE,Aerospace & Defense,6
OLA ELECTRIC MOBILITY LTD,Automobiles,6
OLECTRA GREENTECH LIMITED,AUTOMOBILES,6
OLECTRA GREENTECH LTD.,Automobiles,6
ONE 97 COMMUNICATIONS LIMITED,FINANCIAL TECHNOLOGY (FINTECH),6
ONEMI TECHNOLOGY SOLUTIONS LTD,Finance,6
ONESOURCE SPECIALTY PHARMA LTD,Pharmaceuticals & Biotechnology,6
ONESOURCE SPECIALTY PHARMA LTD.,Pharmaceuticals and Biotechnology,6
Onward Technologies Ltd,It - Services,6
Optiemus Infracom Ltd.,Telecom - Equipment & Accessories,6
ORACLE CORPORATION,Computers Hardware & Equipments,6
ORCHID PHARMA LTD,Pharmaceuticals & Biotechnology,6
Oreilly Automotive Inc,Automotive Retail,6
ORIENT ELECTIC LIMITED,Consumer Durables,6
Oriental Carbon & Chemicals Ltd.,Chemicals,6
Oriqua Ltd.,Miscellaneous,6
Orix Corporation,Diversified Financial Services,6
OSWAL PUMPS LTD,Industrial Products,6
OTIS WORLDWIDE CORP,Industrial Capital Goods,6
P & G HYGIENE & HEALTH CARE LTD,Personal Products,6
Paccar Inc,Construction Machinery & Heavy,6
Padmini Technologies Ltd.,Diversified,6
PALANTIR TECHNOLOGIES INC,Computers Hardware & Equipments,6
Palantir Technologies Inc.,Application Software,6
PALO ALTO NETWORKS INC,Computers Hardware & Equipments,6
Pan Pacific International Holdings Corporation,Broadline Retail,6
PARADEEP PHOSPHATES LTD,Fertilizers & Agrochemicals,6
PARADEEP PHOSPHATES LTD.,Fertilizers and Agrochemicals,6
Parag Parikh Flexi Cap Fund,Mutual Funds,6
Parag Parikh Flexi Cap Fund - Direct - Growth,Capital Markets,6
Parvest Equity Latin America,Mutual Fund,6
PATANJALI FOODS LIMITED,AGRICULTURAL FOOD & OTHER PRODUCTS,6
Paychex Inc,Data Processing & Outsourced Services,6
PB Fintech Limited October 2026 Future,Financial Technology (Fintech),6
PDS Limited,Textiles & Apparels,6
PEARL GLOBAL INDUSTRIES LTD,Textiles & Apparels,6
PETRONET LNG LIMITED,GAS,6
PG ELECTROPLAST LIMITED,CONSUMER DURABLES,6
PGIM India Large Cap Fund - Direct Plan - Growth,Capital Markets,6
PHILIP MORRIS INTERNATIONAL INC,Cigarettes & Tobacco Products,6
PI Industries Ltd SEP-2026,Stock Future,6
PIDILITE INDUSTRIES LIMITED,CHEMICALS & PETROCHEMICALS,6
Pidilite Industries Limited October 2026 Future,Chemicals & Petrochemicals,6
Pinduoduo Inc - ADR,Internet & Direct Marketing Retail,6
PINE LABS LTD.,Financial Technology (Fintech),6
Pinebridge US Large Cap Research Enhance Fund,Overseas Mutual Fund,6
Pinnacle Financial Partners Inc,Banks,6
Piramal Enterprises Ltd.,Pharmaceuticals,6
PNB HOUSING FINANCE LIMITED,FINANCE,6
PNC Infratech Ltd,Industrials,6
Polaris Inc,Automobiles,6
POLY MEDICURE LTD.,Healthcare Equipment and Supplies,6
Poly Medicure Ltd.,Healthcare Equipment & Supplies,6
POWERGRID INFRASTRUCTURE INVESTMENT TRUST,Power,6
PowerGrid Infrastructure Investment Trust,Power,6
PPL Corporation,Power,6
Premier Energies Limited 29/09/2026,Electrical Equipment,6
Prism Johnson Limited,Cement & Cement Products,6
PROSHARES S&P 500 DIVIDEND,Financial Services,6
PRUDENT CORPORATE ADVISORY SERVICES LTD,Capital Markets,6
Prudential PLC,Insurance,6
PSP Projects Ltd,Construction,6
PTC India Ltd.,Power,6
PTC INDUSTRIES LTD.,Industrial Products,6
Puravankara Ltd.,Realty,6
Qualcomm Inc.,Semiconductors,6
Raajmarg Infra Investment Trust (InvIT),Transport Infrastructure,6
RADICO KHAITAN LIMITED,BEVERAGES,6
RADICO KHAITAN LTD^,Beverages,6
RAIL VIKAS NIGAM LIMITED,CONSTRUCTION,6
Rajratan Global Wire Ltd.,Auto Components,6
RALLIS INDIA LTD,Fertilizers & Agrochemicals,6
RAMCO INDUSTRIES LTD,Other Construction Materials,6
Ramco Systems Ltd.,IT - Software,6
RAMKRISHNA FORGINGS LTD.,Auto Components,6
RASHTRIYA CHEMICALS & FERTILIZERS LTD,Fertilizers and Agrochemicals,6
RATEGAIN TRAVEL TECHNOLOGIES LTD,IT - Software,6
Ratnaveer Precision Engineering Ltd.,Industrial Products,6
Ratnaveer Precision Engineering Ltd. | Rights,Industrial Products,6
RattanIndia Enterprises Limited,Retailing,6
RattanIndia Power Limited,Power,6
Rattanindia Power Ltd.,Power,6
Raymond Lifestyle Ltd.,Textiles & Apparels,6
Recruit Holdings Co Ltd,Human Resource & Employment Services,6
Reddit Inc,Media & Entertainment,6
Redtape Ltd.,Consumer Durables,6
Refex Industries Ltd,Other Utilities,6
Regaal Resources Ltd.,Agricultural Food & other Products,6
Reliance CPSE ETF,Capital Markets,6
Reliance Industries Ltd ## ~~,Petroleum Products,6
Reliance Industries Ltd $ ^ ~~,Petroleum Products,6
Reliance Industries Ltd $$ ~~,Petroleum Products,6
Reliance Industries Ltd ^ ~~,Petroleum Products,6
RELIANCE INDUSTRIES LTD^,Petroleum Products,6
RELIANCE POWER LTD,Power,6
Religare Enterprises Ltd.,Finance,6
Restaurant Brands Asia Ltd,Leisure Services,6
RHI MAGNESITA INDIA LTD,Industrial Products,6
RHI MAGNESITA INDIA LTD.,Industrial Products,6
RITES LTD.,Construction,6
Roche Holdings Ag Genus Bearer Shs,Pharmaceuticals & Biotechnology,6
Rocket Lab Corp,Software & Services,6
Roku Inc,Movies & Entertainment,6
Roper Technologies Inc,Industrial Conglomerates,6
Ross Stores Inc,Apparel Retail,6
Rossari Biotech Ltd,Chemicals & Petrochemicals,6
Rossell India Limited,Agricultural Food & other Products,6
ROYAL BANK OF CANADA,Banks,6
Rural Electrification Corporation Ltd,Finance,6
Ryan Specialty Holdings Inc,Financial Technology (Fintech),6
S Chand and Company Ltd.,Printing & Publication,6
S H Kelkar and Company Limited,Chemicals & Petrochemicals,6
S P Apparels Limited,Textiles & Apparels,6
SAFRAN SA,Aerospace & Defense,6
Sai Silks (Kalamandir) Ltd.,Retailing,6
SALESFORCE INC,Computers Hardware & Equipments,6
SAMHI HOTELS LTD,Leisure Services,6
SAMSUNG ELECTRONICS - GDR,"Technology Hardware, Storage & Peripherals",6
Samsung Electronics Limited,Consumer Durables,6
Samsung Electronics Ltd,Consumer Durables,6
SANDISK CORP,Computers Hardware & Equipments,6
Sandisk Corp.,Computer Hardware,6
Sandur Manganese & Iron Ores Ltd.,Ferrous Metals,6
Sangam Health Care Products Ltd,Healthcare Equipment & Supplies,6
Sanofi,Pharmaceuticals & Biotechnology,6
SANOFI CONSUMER HEALTHCARE INDIA LTD,Pharmaceuticals & Biotechnology,6
Sanofi India Ltd,Pharmaceuticals & Biotechnology,6
SANOFI INDIA LTD,Pharmaceuticals & Biotechnology,6
SAPPHIRE FOODS INDIA LTD,Leisure Services,6
SARDA ENERGY AND MINERALS LTD.,Ferrous Metals,6
SAREGAMA INDIA LTD,Entertainment,6
SBFC FINANCE LTD,Finance,6
SBI Arbitrage Fund - Direct Plan - Growth Option,Mutual Fund/ETF,6
SBI Automotive Opportunities Fund - Direct Plan - Growth Option,Mutual Fund/ETF,6
SBI BANKING & FINANCIAL SERVICES FUND - DIRECT PLAN - Growth Option,Mutual Fund/ETF,6
SBI BANKING & PSU DEBT FUND - Direct Plan - Growth Option,Mutual Fund/ETF,6
SBI Cards & Payment Services Limited,Finance,6
SBI COMMA Fund - DIRECT PLAN - Growth Option,Mutual Fund/ETF,6
SBI CONSUMPTION OPPORTUNITIES FUND - DIRECT PLAN - Growth Option,Mutual Fund/ETF,6
SBI Dividend Yield Fund - Direct Plan - Growth Option,Mutual Fund/ETF,6
SBI Dynamic Term Fund - DIRECT PLAN - Growth Option,Mutual Fund/ETF,6
SBI Flexicap Fund - DIRECT PLAN - Growth Option,Mutual Fund/ETF,6
SBI FOCUSED FUND - DIRECT PLAN -Growth Option,Mutual Fund/ETF,6
SBI HEALTHCARE OPPORTUNITIES FUND - DIRECT PLAN -Growth Option,Mutual Fund/ETF,6
SBI Innovative Opportunities Fund - Direct Plan - Growth Option,Mutual Fund/ETF,6
SBI LARGE & MIDCAP FUND -DIRECT PLAN -Growth Option,Mutual Fund/ETF,6
SBI Life Insurance Company Limited October 2026 Future,Insurance,6
SBI MEDIUM TERM FUND - DIRECT PLAN - Growth Option,Mutual Fund/ETF,6
SBI Medium to Long Term Fund-DIRECT PLAN -Growth Option,Mutual Fund/ETF,6
SBI Money Market Fund - Direct Plan - Growth Option,Mutual Fund/ETF,6
SBI SHORT TERM FUND - DIRECT PLAN -Growth Option,Mutual Fund/ETF,6
SCHAEFFLER INDIA LTD,AUTO COMPONENTS,6
Schneider Electric SA,Industrial Capital Goods,6
SCHWAB (CHARLES) CORP,Capital Markets,6
Sea Ltd,Broadline Retail,6
SEAGATE TECHNOLOGY HOLDINGS PLC,Computers - Software & Consulting,6
Secom Co Ltd,Security & Alarm Services,6
Senco Gold Ltd.,Consumer Durables,6
ServiceNow Inc.,Software,6
SERVICENOW INC.,Computers - Software & Consulting,6
Seshaasai Technologies Ltd,Financial Technology (Fintech),6
Shalby Limited,Healthcare Services,6
Shankara Buildpro Ltd,Commercial Services & Supplies,6
Share India Securities Limited,Capital Markets,6
Share India Securities Ltd.,Capital Markets,6
SharkNinja INC,Household Appliances,6
Sheela Foam Ltd,Consumer Durables,6
Shell PLC,Oil,6
Sherwin-Williams Co,Consumer Durables,6
Shin Etsu Chemical Co,Specialty Chemicals,6
Shipping Corporation Of India Ltd.,Transport Services,6
Shopify Inc,Internet & Direct Marketing Retail,6
SHOPPERS STOP LTD,Retailing,6
Shree Renuka Sugars Ltd.,Agricultural Food & other Products,6
SHYAM METALICS AND ENERGY LIMITED LTD,Industrial Products,6
SHYAM METALICS AND ENERGY LTD.,INDUSTRIAL PRODUCTS,6
Sieyuan Electric Co Ltd,Electrical Equipment,6
SIGNATURE GLOBAL LTD,Realty,6
SIGNATUREGLOBAL (INDIA) LTD,Realty,6
SILVER (30 KG) COMMODITY,Precious Metals,6
SILVER (30 KG) COMMODITY^,Precious Metals,6
Singapore Technologies Engineering Ltd,Industrial Manufacturing,6
SIP Technologies Ltd.,IT - Software,6
Sirca Paints India Limited,Consumer Durables,6
SJS Enterprises Ltd,Auto Components,6
SJVN LTD,Power,6
SK hynix Inc,Electrical Equipment,6
SKF INDIA (INDUSTRIAL) LTD,Industrial Products,6
SKF INDIA LTD,Auto Components,6
SKF India Ltd,Auto Components,6
SMAM ASIA REIT Sub Trust,Overseas Mutual Fund,6
SMARTWORKS COWORKING SPACES LTD,Commercial Services & Supplies,6
Smartworks Coworking Spaces Ltd.,Commercial Services & Supplies,6
SMC Corp,Industrial Machinery & Supplies & Components,6
SML Mahindra Limited,"Agricultural, Commercial & Construction Vehicles",6
Sobha Developers Ltd.,Realty,6
Sociedad Quimica yMinera de Chile SA,Fertilizers & Agrochemicals,6
SOLAR INDUSTRIES INDIA LIMITED,CHEMICALS & PETROCHEMICALS,6
Solara Active Pharma Sciences Ltd.,Pharmaceuticals & Biotechnology,6
Solarworld Energy Solutions Limited,Construction,6
Solstice Advanced Materials Inc,Chemicals & Petrochemicals,6
Somany Ceramics Ltd.,Consumer Durables,6
Sona BLW Precision Forgings Limited 29/09/2026,Auto Components,6
Southern Company,Power,6
SP Apparels Ltd.,Textiles & Apparels,6
Space Exploration Technologies Corp.,Telecom - Equipment & Accessories,6
Spandana Sphoorty Financial Limited - Partly Paid,Finance,6
Sparkle Gold Rock Ltd.,Miscellaneous,6
Spotify Technology SA,Movies & Entertainment,6
Spr Auto Technologies Limited,Auto Components,6
Sree Rama Polymer,Miscellaneous,6
Sri Lotus Developers & Realty Ltd.,Realty,6
SRI LOTUS DEVELOPERS AND REALTY LTD,Realty,6
Sri Lotus Developers and Realty Ltd.,Realty,6
Sri Venkatesha Mill Ltd.,Miscellaneous,6
St James's Place Plc,Capital Markets,6
Star Cement Limited,Cement & Cement Products,6
Star Health and Allied Insurance Ltd.,Insurance,6
Starbucks (US),Restaurants,6
STEEL AUTHORITY OF INDIA LIMITED,FERROUS METALS,6
Steel Strips Wheels Limited,Auto Components,6
Sterling And Wilson Renewable Energy Limited,Construction,6
STRYKER CORP,Health Care Equipment & Supplies,6
Subros Ltd.,Industrial Products,6
Sumitomo Elec Indust,Automotive Parts & Equipment,6
Sun Pharma Advanced Research Company Ltd.,Pharmaceuticals & Biotechnology,6
Suncor Energy Inc,Oil,6
Sundaram Clayton DCD Ltd.,Auto Components,6
SUNDARAM CLAYTON LTD,Auto Components,6
Sundaram Fasteners Ltd.,Auto Components,6
SUNDARAM FINANCE LTD,Finance,6
SUNDRAM FASTENERS LTD,Auto Components,6
SUNDROP BRANDS LTD,Agricultural Food & other Products,6
Sunteck Realty Ltd.,Realty,6
SUPREME PETROCHEM LTD.,Chemicals and Petrochemicals,6
Supriya Lifescience Ltd.,Pharmaceuticals & Biotechnology,6
SURAKSHA DIAGNOSTIC LTD,Healthcare Services,6
Surya Roshni Ltd.,Industrial Products,6
Synopsys Inc,Application Software,6
SYNOPSYS INC,Computers - Software & Consulting,6
Syrma Sgs Technology Ltd.,Industrial Manufacturing,6
T- Mobile Us Inc,Wireless Telecommunication Services,6
Taiwan Semiconductor Manufacturin Co Ltd,IT - Hardware,6
Taiwan Semiconductor Manufacturing Co. Ltd,IT - Hardware,6
Take-Two Interactive Software Inc,Software,6
Tanla Platforms Ltd.,IT - Software,6
TARC LTD,Realty,6
Tarc Ltd.,Realty,6
Target Corporation,Retailing,6
TATA ARBITRAGE FUND,CAPITAL MARKETS,6
Tata BSE Multicap Consumption 50 30 20 Index Fund,CAPITAL MARKETS,6
TATA COMMUNICATIONS LIMITED,TELECOM - SERVICES,6
TATA ELXSI LIMITED,IT - SOFTWARE,6
TATA INVESTMENT CORPORATION LTD,Finance,6
Tata Motors Limited DVR,Auto,6
Tata Nifty 500 Multicap India Manufacturing 50 30 20 Index Fund,CAPITAL MARKETS,6
Tata Nifty Capital Markets Index Fund,CAPITAL MARKETS,6
Tata Nifty India Tourism Index Fund,CAPITAL MARKETS,6
Tata Nifty MidSmall Healthcare Index Fund,CAPITAL MARKETS,6
Tata Nifty Private Bank ETF,CAPITAL MARKETS,6
Tata Nifty Realty Index Fund,CAPITAL MARKETS,6
Tata Nifty500 Multicap Infrastructure 50 30 20 Index Fund,CAPITAL MARKETS,6
Tata Steel Ltd. | Rights,Ferrous Metals,6
TATA TELESERVICES LIMITED,Telecom - Services,6
TATA ULTRA SHORT TERM FUND,CAPITAL MARKETS,6
TCI EXPRESS LTD,Transport Services,6
TCPL Packaging Limited,Industrial Products,6
TDK Corp,Electronic Components,6
TE CONNECTIVITY PLC,Computers - Software & Consulting,6
TeamLease Services Ltd,Industrials,6
Techtronic Industries Co. Ltd,Retailing,6
TELEDYNE TECHNOLOGIES INC,Computers - Software & Consulting,6
Templeton Asia GR FD PR SH CL A(YDIS)USD,Mutual Fund,6
Tencent Holdings,IT - Software,6
Tencent Holdings Limited,Finance,6
Terumo Corp,Health Care Equipment,6
Texas Instrument Inc,Semiconductors,6
TEXAS INSTRUMENTS INC,Computers Hardware & Equipments,6
Thangamayil Jewellery Ltd,Consumer Durables,6
The Anup Engineering Ltd.,Industrial Manufacturing,6
The Bombay Burmah Trading Corp Ltd.,Food Products,6
The Clorox Company,Consumer Non Durables,6
The Communication Services Select Sector SPDR Fund,Foreign Security,6
The Federal Bank Limited October 2026 Future,Banks,6
THE GREAT EASTERN SHIPPING COMPANY LTD,TRANSPORT SERVICES,6
THE JAMMU & KASHMIR BANK LIMITED,BANKS,6
The Mosaic Company Limited,Fertilizers & Agrochemicals,6
The Shipping Corporation of India Ltd.,Transport Services,6
THE TORONTO-DOMINION BANK,Banks,6
Thejo Engineering Limited,Industrial Manufacturing,6
THERMAX LIMITED,ELECTRICAL EQUIPMENT,6
THERMO FISHER SCIENTIFIC INC,Life Sciences Tools & Services,6
TIME TECHNOPLAST LIMITED,Industrial Products,6
TITAGARH RAIL SYSTEMS LTD.,Industrial Manufacturing,6
Tokio Marine Holdings Inc,Property & Casualty Insurance,6
Tokyo Electron Ltd,Semiconductor Materials & Equipment,6
TORRENT PHARMACEUTICALS LIMITED,PHARMACEUTICALS & BIOTECHNOLOGY,6
TORRENT POWER LIMITED,POWER,6
Tourism Finance Corporation of India Ltd.,Finance,6
Toyota Motor Corp,Automobile Manufacturers,6
Toyota Motor Corporation,Pharmaceuticals & Biotechnology,6
Tracxn Technologies Ltd,Commercial Services & Supplies,6
Tracxn Technologies Ltd.,Commercial Services and Supplies,6
TRANSFORMERS & RECTIFIERS (INDIA) LTD,ELECTRICAL EQUIPMENT,6
TRANSFORMERS AND RECTIFIERS (INDIA) LIMITED,Electrical Equipment,6
Transformers And Rectifiers (India) Ltd.,Electrical Equipment,6
TRANSINDIA REAL ESTATE LTD,Transport Services,6
Transrail Lighting Ltd.,Electrical Equipment,6
TRANSUNION,Household Appliances,6
TRIDENT LTD,Textiles & Apparels,6
Trip.Com Group Limited,Leisure Services,6
Triveni Engineering & Industries Ltd.,Agricultural Food & other Products,6
Triveni Power Transmission Ltd. A,Industrial Manufacturing,6
TruAlt Bioenergy Limited,Agricultural Food & Other Products,6
Trualt Bioenergy Ltd.,Agricultural Food & other Products,6
TSF Investments Ltd.,Finance,6
TVS MOTOR COMPANY LIMITED,AUTOMOBILES,6
TVS Motor Company Limited | Preference Shares,Automobiles,6
TVS Supply Chain Solutions Ltd.,Transport Services,6
Unichem Laboratories Ltd.,Pharmaceuticals & Biotechnology,6
Unicommerce eSolutions Limited,IT - Services,6
UniCredit Spa,Leisure Services,6
UNILEVER PLC,Personal Products,6
"Unilever PLC, (ADR)",Food Products,6
Unimicron Technology Corp,Electronic Components,6
Union Bank of India 29/09/2026,Banks,6
Union Bank of India October 2026 Future,Banks,6
United Breweries (Holdings) Ltd.,Beverages,6
United Foodbrands Limited,Leisure Services,6
United Spirits Limited October 2026 Future,Beverages,6
UPL Limited 29/09/2026,Fertilizers & Agrochemicals,6
UPL Limited October 2026 Future,Fertilizers & Agrochemicals,6
URBAN COMPANY LTD.,Retailing,6
US Bancorp Inc,Banks,6
Vaibhav Global Ltd.,Consumer Durables,6
Valor Estate Ltd.,Realty,6
Vaneck Agribusiness ETF,Financial Services,6
VANECK GOLD MINERS ETF,Financial Services,6
Vaneck Gold Miners ETF,Foreign Security,6
VARDHMAN SPECIAL STEELS LTD,Industrial Products,6
VARDHMAN TEXTILES LIMITED,TEXTILES & APPARELS,6
VARDHMAN TEXTILES LTD,Textiles & Apparels,6
VEDANT FASHIONS LTD,Retailing,6
Vedanta Iron And Steel Limited,Ferrous Metals,6
VEDANTA LIMITED,DIVERSIFIED METALS,6
Veeva Systems Inc,Health Care Technology,6
Ventive Hospitality Ltd.,Leisure Services,6
Venus Pipes And Tubes Ltd.,Industrial Products,6
Vertex Pharmaceuticals Inc,Biotechnology,6
VERTEX PHARMACEUTICALS INC,Biotechnology,6
Vidya Wires Ltd.,Industrial Products,6
VINATI ORGANICS LTD,Chemicals & Petrochemicals,6
Vintage Coffee And Beverages Ltd.,Agricultural Food & other Products,6
Visakha Aqua Farm Ltd.,Miscellaneous,6
Vishnu Chemicals Ltd,Chemicals & Petrochemicals,6
WAAREE ENERGIES LTD,Electrical Equipment,6
Waaree Renewable Technologies Ltd.,Electrical Equipment,6
Walmart Stores,Consumer Non Durables,6
Walt Disney,Media & Entertainment,6
WARNER BROS DISCOVERY INC,Film & Tv,6
WATERS CORP,Pharmaceuticals,6
WCM Global Equity Fund,Foreign Security,6
Websol Energy Systems Ltd,Electrical Equipment,6
Weichai Power Co Ltd,Industrial Products,6
Wellington Global Innovation S USD ACC,Overseas Mutual Fund,6
Wellwin Industry Ltd.,Industrial Capital Goods,6
Welspun Enterprises Ltd.,Construction,6
WELSPUN LIVING LTD,Textiles and Apparels,6
Welspun Living Ltd,Textiles & Apparels,6
WEST COAST PAPER MILLS LIMITED,"Paper, Forest & Jute Products",6
Western Alliance Bancorp,Banks,6
WESTERN CARRIERS (INDIA) LTD,Transport Services,6
WESTERN DIGITAL CORP,Computers Hardware & Equipments,6
Western Union Co,IT - Software,6
WESTLIFE FOODWORLD LTD,Leisure Services,6
Westpac Banking Corp,Banks,6
Wheels India Limited,Auto Components,6
Wheels India Ltd.,Auto Components,6
WHIRLPOOL OF INDIA LTD,Consumer Durables,6
Wilmar International Limited,Agricultural Food & other Products,6
WinWay Technology Co. Ltd,Semiconductor Materials & Equipment,6
Wipro Ltd SEP-2026,Stock Future,6
Wiwynn Corp,IT - Software,6
Wockhardt Ltd,Pharmaceuticals & Biotechnology,6
WONDERLA HOLIDAYS LTD,Leisure Services,6
WORKDAY INC,Computers - Software & Consulting,6
Wus Printed Circuit Kunshan Co Ltd,IT - Hardware,6
Wuxi Biologics Cayman Inc,Pharmaceuticals & Biotechnology,6
Xcel Energy Inc,Electric Utilities,6
XP Inc,Capital Markets,6
Xtrackers Harvest CSI 300 China A-Shares ETF,Financial Services,6
Yageo Corp,IT - Hardware,6
Yageo Corporation,Electronic Components,6
Yara International Asa,Fertilizers & Agrochemicals,6
Yasho Industries Limited,Chemicals & Petrochemicals,6
Yatharth Hospital & Trauma Care Ser Ltd.,Healthcare Services,6
YATRA ONLINE LTD,Leisure Services,6
Yatra Online Ltd.,Leisure Services,6
Yum China Holdings Inc,Leisure Services,6
ZEN TECHNOLOGIES LTD,Aerospace and Defense,6
ZENSAR TECHNOLGIES LTD.,IT - Software,6
ZENSAR TECHNOLOGIES LIMITED,IT - SOFTWARE,6
ZF COMM. VEHICLE CONTROL SYSTEMS IND LTD,AUTO COMPONENTS,6
Zhongji Innolight Co Ltd,Telecom - Equipment & Accessories,6
ZIM LABORATORIES LTD,Pharmaceuticals & Biotechnology,6
ZUARI INDUSTRIES LIMITED,Agricultural Food & other Products,6
ZYDUS WELLNESS LTD,FOOD PRODUCTS,6
Accord Cotsyn Limited,Retailing,5
Advanced Enzyme Technologies Ltd,Basic Materials,5
Amex Carb & Chem Limited,Miscellaneous,5
Best Agrolife Limited,Fertilizers & Agrochemicals,5
Bharat Coking Coal Limited,Consumable Fuels,5
CMR GREEN TECHNOLOGIES LTD,Industrial Products,5
Digitide Solutions Ltd,IT - Services,5
EQ - ACTION CONSTRUCTION EQUIPMENT,"Agricultural, Commercial & Construction Vehicles",5
EQ - ADITYA BIRLA FASHION & RETAIL,Retailing,5
EQ - ADITYA BIRLA SUN LIFE AMC LTD,Capital Markets,5
EQ - ADITYA INFOTECH LTD,Industrial Manufacturing,5
EQ - AFCONS INFRASTRUCTURE LTD,Construction,5
EQ - AMARA RAJA ENERGY & MOBILITY LTD,Auto Components,5
EQ - ANAND RATHI WEALTH LTD,Capital Markets,5
EQ - ANANT RAJ LTD.,Realty,5
EQ - ATUL LTD.,Chemicals & Petrochemicals,5
EQ - BATA INDIA LTD.,Consumer Durables,5
EQ - BAYER CROPSCIENCE LTD.,Fertilizers & Agrochemicals,5
EQ - BIRLASOFT LTD,IT - Software,5
EQ - BLS INTERNATIONAL SERVICES LTD.,Leisure Services,5
EQ - BLUE DART EXPRESS LTD.,Transport Services,5
EQ - BOMBAY BURMAH TRADING CORPN. L,Food Products,5
EQ - BRAINBEES SOLUTIONS LTD.,Retailing,5
EQ - CEMINDIA PROJECTS LIMITED,Construction,5
EQ - CHENNAI PETROLEUM LTD.,Petroleum Products,5
EQ - CONCORD BIOTECH LTD,Pharmaceuticals & Biotechnology,5
EQ - DEEPAK NITRITE LTD.,Chemicals & Petrochemicals,5
EQ - ENGINEERS INDIA LTD,Construction,5
EQ - GALLANTT ISPAT LTD,Industrial Products,5
EQ - GARDEN REACH SHIPBUILDERS & EN,Aerospace & Defense,5
EQ - GUJ MINERAL DEV COR LTD,Minerals & Mining,5
EQ - HBL ENGINEERING LTD.,Industrial Products,5
EQ - HEG LTD.,Industrial Products,5
EQ - HFCL LTD,Telecom - Services,5
EQ - INDIA CEMENTS LTD.,Cement & Cement Products,5
EQ - IRB INFRASTRUCTURE DEV LTD.,Construction,5
EQ - ITI LTD.,Telecom -  Equipment & Accessories,5
EQ - JAIPRAKASH POWER VENTURES LT,Power,5
EQ - JAMMU & KASHMIR BANK LTD,Banks,5
EQ - JINDAL SAW LTD.,Industrial Products,5
EQ - JUPITER WAGONS LTD,Industrial Manufacturing,5
EQ - JYOTI CNC AUTOMATION LTD,Industrial Manufacturing,5
EQ - KALPATARU PROJECTS INTERNATIONAL LIMITED,Construction,5
EQ - KAYNES TECHNOLOGY INDIA LTD,Industrial Manufacturing,5
EQ - KEC INTERNATIONAL LTD.,Construction,5
EQ - LT FOODS LTD.,Agricultural Food & other Products,5
EQ - NARAYANA HRUDAYALAYA LTD,Healthcare Services,5
EQ - NATCO PHARMA LTD.,Pharmaceuticals & Biotechnology,5
EQ - NETWEB TECHNOLOGIES INDIA LTD,IT - Services,5
EQ - NMDC STEEL LTD,Ferrous Metals,5
EQ - NUVOCO VISTAS CORPORATION LTD,Cement & Cement Products,5
EQ - OLECTRA GREENTECH LTD,Automobiles,5
EQ - R R KABEL LTD,Industrial Products,5
EQ - RAILTEL CORPORATION OF INDIA L,Telecom - Services,5
EQ - RAMCO CEMENTS LTD.,Cement & Cement Products,5
EQ - RELIANCE POWER LTD.,Power,5
EQ - SAREGAMA INDIA LTD,Entertainment,5
EQ - SCHNEIDER ELECTRIC INFRASTRUCT,Electrical Equipment,5
EQ - SHIPPING CORPN. OF INDIA,Transport Services,5
EQ - SHYAM METALICS & ENERGY LTD,Industrial Products,5
EQ - SONATA SOFTWARE LTD,IT - Software,5
EQ - SUPREME PETROCHEM LTD.,Chemicals & Petrochemicals,5
EQ - SWAN CORP LIMITED,Chemicals & Petrochemicals,5
EQ - SYRMA SGS TECHNOLOGY LTD.,Industrial Manufacturing,5
EQ - TATA TECHNOLOGIES LTD,IT - Services,5
EQ - TEGA INDUSTRIES LTD,Industrial Manufacturing,5
EQ - TENNECO CLEAN AIR INDIA LTD,Auto Components,5
EQ - TRIDENT LTD.,Textiles & Apparels,5
EQ - VARDHMAN TEXTILES LTD.,Textiles & Apparels,5
EQ - WELSPUN LIVING LIMITED,Textiles & Apparels,5
EQ - WOCKHARDT LTD,Pharmaceuticals & Biotechnology,5
EQ - ZEE ENTERTAINMENT ENTERPRISES,Entertainment,5
EQ - ZEN TECHNOLOGIES LTD.,Aerospace & Defense,5
EQ- DATA PATTERNS (INDIA) LTD.,Aerospace & Defense,5
Fertilisers And Chemicals Travancore Limited,Fertilizers & Agrochemicals,5
Fischer Medical Ventures Limited,Healthcare Equipment & Supplies,5
GMR Airports Ltd,Transport Infrastructure,5
Graphite India Ltd,Industrial Products,5
HDFC Ltd. (Warrants),Finance,5
Hikal Limited,Pharmaceuticals & Biotechnology,5
Hitachi Energy India Ltd Ordinary Shares,Industrials,5
IFGL Refractories Ltd.,Industrial Products,5
INDOCO REMEDIES LIMITED,Pharmaceuticals & Biotechnology,5
IOL Chemicals and Pharmaceuticals Limited,Pharmaceuticals & Biotechnology,5
JM FINANCIAL LIMITED,Finance,5
Jubilant Pharmova Ltd,Pharmaceuticals & Biotechnology,5
KEYSTONE REALTORS LIMITED,Realty,5
LTM Ltd,Technology,5
M & B Engineering Ltd.,Construction,5
Marathon Nextgen Realty Limited,Realty,5
Morepen Laboratories Limited,Pharmaceuticals & Biotechnology,5
National Securities Depository Ltd.,Capital Markets,5
NEXUS SELECT TRUST REIT,Realty,5
Nordea 1 - Global Stable Equity Fund - Unhedged,Mutual Fund,5
Prime Securities Limited,Finance,5
PUNJAB ALKALIES AND CHEMICALS LTD,Chemicals & Petrochemicals,5
RISHABH INSTRUMENTS LIMITED,Electrical Equipment,5
Royal Indutries Limited,Retailing,5
Sammaan Capital Ltd,Finance,5
SANOFI INDIA LIMITED,Pharmaceuticals & Biotechnology,5
SIV Industries Limited,Textiles - Synthetic,5
Solara Active Pharma Sciences Limited,Pharmaceuticals & Biotechnology,5
Sula Vineyards Limited,Beverages,5
Suven Life Sciences Limited,Healthcare Services,5
Swan Defence and Heavy Industries Ltd,Industrial Manufacturing,5
Vimta Labs Limited,Healthcare Services,5
Vishnu Prakash R Punglia Limited,Construction,5
Western Paques (India) Limited,Miscellaneous,5
AARTI INDUSTRIES LIMITED,CHEMICALS & PETROCHEMICALS,4
Aarti Surfactants Limited,Chemicals,4
AAVAS FINANCIERS LIMITED,FINANCE,4
ADANI ENERGY SOLUTIONS LIMITED,POWER,4
ADANI GREEN ENERGY LIMITED,POWER,4
ADANI POWER LIMITED,POWER,4
ADITYA BIRLA FASHION AND RETAIL LIMITED,RETAILING,4
Aditya Birla Fashion and Retail Limited - Partly Paid Up,Retailing,4
ADITYA BIRLA REAL ESTATE LIMITED,REALTY,4
AEGIS VOPAK TERMINALS LIMITED,OIL,4
AFCONS INFRASTRUCTURE LIMITED,CONSTRUCTION,4
AG Ventures Limited,Chemicals & Petrochemicals,4
Agro Tech Foods Limited,Consumer Non Durables,4
All Time Plastics Limited,Consumer Durables,4
ALLIED BLENDERS AND DISTILLERS LIMITED,BEVERAGES,4
Alstom India Limited,Industrial Capital Goods,4
Amanta Healthcare Limited,Pharmaceuticals & Biotechnology,4
AMBUJA CEMENTS LIMITED,CEMENT & CEMENT PRODUCTS,4
Amir Chand Jagdish Kumar (Exports) Ltd,Agricultural Food & other Products,4
Anlon Technology Solutions Limited,Commercial Services & Supplies,4
ANUPAM RASAYAN INDIA LIMITED,CHEMICALS & PETROCHEMICALS,4
APTUS VALUE HOUSING FINANCE INDIA LTD,FINANCE,4
Arvind SmartSpaces Limited,Realty,4
ASAHI INDIA GLASS LIMITED,AUTO COMPONENTS,4
Ashapura Minechem Limited,Minerals & Mining,4
ASTER DM HEALTHCARE LIMITED,HEALTHCARE SERVICES,4
ATHER ENERGY LIMITED,AUTOMOBILES,4
ATUL LIMITED,CHEMICALS & PETROCHEMICALS,4
Automobile Corporation Of Goa Limited,Miscellaneous,4
AVENUE SUPERMARTS LIMITED,RETAILING,4
BAJAJ HOLDINGS & INVESTMENT.LTD,FINANCE,4
BALRAMPUR CHINI MILLS LIMITED,AGRICULTURAL FOOD & OTHER PRODUCTS,4
BATA INDIA LIMITED,CONSUMER DURABLES,4
BAYER CROPSCIENCE LIMITED,FERTILIZERS & AGROCHEMICALS,4
BF Investment Limited,Finance,4
BHARAT 22 ETF,Mutual Fund,4
Bharti Airtel Limited - Partly Paid up,Telecom - Services,4
Bharti Airtel Limited Rights form,Telecom - Services,4
Bharti Airtel Ltd. (Right Share),Telecom - Services,4
Bharti Infratel Ltd.,Telecom -  Equipment & Accessories,4
BLUE DART EXPRESS LIMITED,TRANSPORT SERVICES,4
Bluspring Enterprises Ltd,Commercial Services & Supplies,4
Bombay Burmah Trading Corporation Ltd,Food Products,4
BRAINBEES SOLUTIONS LTD.,RETAILING,4
BRITANNIA INDUSTRIES LIMITED,FOOD PRODUCTS,4
Butterfly Gandhimathi Appliances Limited,Consumer Durables,4
Cadila Healthcare Limited,Pharmaceuticals,4
Cameco Corp,Trading,4
CAN FIN HOMES LIMITED,FINANCE,4
Capri Global Capital Ltd,Financial Services,4
CARBORUNDUM UNIVERSAL LIMITED,INDUSTRIAL PRODUCTS,4
CARTRADE TECH LIMITED,RETAILING,4
CASTROL INDIA LTD.,PETROLEUM PRODUCTS.,4
CESC LIMITED,POWER,4
Chennai Super Kings Cricket Limited,Miscellaneous,4
CHOLAMANDALAM FINANCIAL HOLDINGS LIMITED,FINANCE,4
CHOLAMANDALAM INVEST & FINANCE CO LTD,FINANCE,4
CLEAN SCIENCE AND TECHNOLOGY LIMITED,CHEMICALS & PETROCHEMICALS,4
COHANCE LIFESCIENCES LIMITED,PHARMACEUTICALS & BIOTECHNOLOGY,4
Cohance Lifesciences Ltd,Pharmaceuticals & Biotechnology,4
CONCORD BIOTECH LIMITED,PHARMACEUTICALS & BIOTECHNOLOGY,4
Concord Enviro Systems Limited,Other Utilities,4
Costco Wholesale Corp,Consumer Staples Merchandise Retail,4
DCM SHRIRAM LIMITED,DIVERSIFIED,4
DELHIVERY LIMITED,TRANSPORT SERVICES,4
Delta Corp Ltd.,Leisure Services,4
DOMS INDUSTRIES LIMITED,HOUSEHOLD PRODUCTS,4
DR REDDY'S LABORATORIES LTD.,PHARMACEUTICALS,4
EID PARRY INDIA LIMITED,FOOD PRODUCTS,4
EIH LIMITED,LEISURE SERVICES,4
EMS Limited,Other Utilities,4
Entero Healthcare Solutions,Retailing,4
EQ - ARVIND LTD.,Textiles & Apparels,4
EQ - HAPPIEST MINDS TECHNOLOGIES LT,IT - Software,4
EQ - HERITAGE FOODS LTD.,Food Products,4
EQ - INDO COUNT INDUSTRIES LTD.,Textiles & Apparels,4
EQ - IVALUE INFOSOLUTIONS LIMITED,IT - Hardware,4
EQ - KEWAL KIRAN CLOTHING LTD,Textiles & Apparels,4
EQ - NAZARA TECHNOLOGIES LTD,Entertainment,4
EQ - NESCO LTD.,Commercial Services & Supplies,4
EQ - RATNAMANI METALS & TUBES LTD.,Industrial Products,4
EQ -FINE ORGANIC IND LTD,Chemicals & Petrochemicals,4
EQ ABB INDIA LTD.,INDUSTRIAL CAPITAL GOODS,4
EQ COAL INDIA LTD.,MINERALS/MINING,4
EQ CONTAINER CORPORATION OF INDIA LTD,TRANSPORTATION,4
EQ DCM SHRIRAM LTD.,CONSUMER NON DURABLES,4
EQ DECCAN CEMENTS LTD.,CEMENT,4
EQ INDIAN OIL CORPORATION LTD.,PETROLEUM PRODUCTS.,4
EQ INDUS IND BANK LTD.,BANKS,4
EQ NAVA BHARAT VENTURES LTD.,POWER.,4
EQ OIL & NATURAL GAS CORPORATION LTD.,OIL.,4
EQ TATA CONSUMER PRODUCTS LTD,CONSUMER NON DURABLES,4
EQ TITAN COMPANY LTD.,CONSUMER DURABLES,4
EQ VEDANTA LTD,NON - FERROUS METALS,4
ERIS LIFESCIENCES LIMITED,PHARMACEUTICALS & BIOTECHNOLOGY,4
Eureka Forbes Limited,Consumer Durables,4
FERTILIZERS AND CHEMICALS TRAVANCORE LTD,FERTILIZERS & AGROCHEMICALS,4
Fiem Industries Limited,Auto Components,4
Finbud Financial Services Limited,Financial Technology (Fintech),4
Franklin Asian Equity Fund - Direct - Growth,Capital Markets,4
GAIL (INDIA) LIMITED,GAS,4
GAIL (INDIA) LTD.,GAS.,4
GAIL (India) Ltd. $$,Gas,4
GALLANTT ISPAT LIMITED,INDUSTRIAL PRODUCTS,4
Gandhar Oil Refinery (India) Limited,Petroleum Products,4
GARWARE TECHNICAL FIBRES LIMITED,Textiles & Apparels,4
GKW Ltd.,Finance,4
GODREJ CONSUMER PRODUCTS LIMITED,PERSONAL PRODUCTS,4
GRASIM INDUSTRIES LTD.,CEMENT,4
Gujarat Gas Company Ltd.,Gas,4
Gujarat Gas Limited,Gas,4
Gujarat State Petronet Limited,Gas,4
Gujarat State Petronet Ltd.,Gas,4
HEG LIMITED,INDUSTRIAL PRODUCTS,4
Hexagon Nutrition Limited,Food Products,4
Hikal Ltd.,Pharmaceuticals & Biotechnology,4
Himatsingka Seide Ltd.,Textile Products,4
Hindustan Copper Ltd,Non - Ferrous Metals,4
Hindustan Oil Exploration Co Ltd.,Oil,4
HONASA CONSUMER LIMITED,PERSONAL PRODUCTS,4
Horizon Reclaim (India) Limited,Industrial Products,4
Huhtamaki India Limited,Industrial Products,4
ICICI Prudential Rural Opportunities Fund - Direct Plan - Growth,Capital Markets,4
ICICI Prudential US Bluechip Equity Fund - Direct - Growth,Capital Markets,4
IDBI BANK LIMITED,BANKS,4
IDFC Bank Limited,Banks,4
IDFC Bank Ltd.,Construction Project,4
IIFL FINANCE LIMITED,FINANCE,4
IKIO Technologies Limited,Consumer Durables,4
India Grid Trust (InvIT),Power,4
INDRAPRASTHA GAS LIMITED,GAS,4
Indraprastha Gas Ltd,Gas,4
INFOSYS LTD.,SOFTWARE,4
INOX Leisure Limited,Media & Entertainment,4
INOX Renewable Solutions Limited,Construction,4
Interarch Building Solutions Limited,Construction,4
INTERNATIONAL GEMMOLOGICAL INSTITUTE LTD,COMMERCIAL SERVICES & SUPPLIES,4
International Gemological Institute Ltd,Basic Materials,4
INVENTURUS KNOWLEDGE SOLUTIONS LIMITED,IT - SERVICES,4
ION Exchange (India) Ltd,Other Utilities,4
IRB INFRASTRUCTURE DEVELOPERS LIMITED,CONSTRUCTION,4
IRCON INTERNATIONAL LIMITED,CONSTRUCTION,4
IRM Energy Ltd,Gas,4
JAIN RESOURCE RECYCLING LIMITED,DIVERSIFIED METALS,4
Jeena Sikho Lifecare Limited,Leisure Services,4
Jindal Steel & Power Limited,Ferrous Metals,4
JK Tyre & Industries Ltd,Auto Components,4
JSW CEMENT LIMITED,CEMENT & CEMENT PRODUCTS,4
JSW Holdings Ltd.,Finance,4
JUBILANT INGREVIA LIMITED,CHEMICALS & PETROCHEMICALS,4
Kaya Limited,Consumer Non Durables,4
KEC INTERNATIONAL LIMITED,CONSTRUCTION,4
KFIN TECHNOLOGIES LIMITED,CAPITAL MARKETS,4
Kfin Technologies Ltd,Capital Markets,4
Kirloskar Pneumatic Co.Ltd,Industrial Products,4
Kotak Mahindra Bank Ltd. | CRISIL A1+,Software,4
KRISHNA INSTITUTE OF MEDICAL SCIENCE LTD,HEALTHCARE SERVICES,4
Krystal Integrated Services Limited,Commercial Services & Supplies,4
Ksk Energy Ventures Ltd.,Power,4
Kusumgar Ltd,Textiles & Apparels,4
Kwality Walls India Ltd,Consumer Defensive,4
L.T. Elevator Ltd,Industrial Manufacturing,4
LEELA PALACES HOTELS & RESORTS LIMITED,LEISURE SERVICES,4
LEMON TREE HOTELS LIMITED,LEISURE SERVICES,4
Lloyds Metals & Energy Ltd,Basic Materials,4
LODHA DEVELOPERS LIMITED,REALTY,4
Magma Fincorp Limited,Finance,4
MAHINDRA & MAHINDRA LTD.,AUTO,4
Max India Limited,Healthcare Services,4
Max Ventures and Industries Limited,Finance,4
MEESHO LIMITED,RETAILING,4
MindTree Limited,Software,4
Motherson Sumi Systems Ltd. $$,Auto Ancillaries,4
MUTHOOT FINANCE LIMITED,FINANCE,4
Nava Ltd,Power,4
NBCC (INDIA) LIMITED,CONSTRUCTION,4
NETWEB TECHNOLOGIES INDIA LIMITED,IT - SERVICES,4
Nifty 50 Index Call option,Index Futures/Options,4
NIIT TECHNOLOGIES LTD.,SOFTWARE,4
Nippon India ETF Hang Seng Bees,Capital Markets,4
Nippon Japan Equity Fund - Direct plan - Growth,Capital Markets,4
NMDC STEEL LIMITED,FERROUS METALS,4
NUVOCO VISTAS CORPORATION LIMITED,CEMENT & CEMENT PRODUCTS,4
OCCL Limited,Chemicals & Petrochemicals,4
OCL India Limited,Cement,4
OIL & NATURAL GAS CORPORATION LTD.,OIL.,4
ONE SOURCE SPECIALTY PHARMA LTD,PHARMACEUTICALS & BIOTECHNOLOGY,4
One97 Communications Ltd,Technology,4
ORACLE FINANCIAL SERVICES SOFTWARE LTD.,SOFTWARE,4
Pace Digitek Ltd.,Telecom - Services,4
PC Jeweller Ltd,Consumer Durables,4
PCBL LIMITED,CHEMICALS & PETROCHEMICALS,4
Pennar Industries Limited,Industrial Manufacturing,4
PEPSICO INC,Soft Drinks & Non-alcoholic Beverages,4
PFIZER LIMITED,PHARMACEUTICALS & BIOTECHNOLOGY,4
PICCADILY AGRO INDUSTRIES Limited,Beverages,4
PINE LABS LIMITED,FINANCIAL TECHNOLOGY (FINTECH),4
Precision Wires India Limited,Industrial Products,4
Procter & Gamble Hygiene&HealthCare Ltd.,Personal Products,4
PVR INOX Ltd,Entertainment,4
PVR Limited,Entertainment,4
Quality Power Electrical Equipments Limited,Electrical Equipment,4
RBL BANK LIMITED,BANKS,4
Redington (India) Limited,Transportation,4
Redington Ltd,Commercial Services & Supplies,4
S. P. Apparels Ltd.,Textile Products,4
SAI LIFE SCIENCES LTD.,PHARMACEUTICALS & BIOTECHNOLOGY,4
Samhi hotels Ltd,Leisure Services,4
SAMMAAN CAPITAL LTD.,FINANCE,4
Sandisk Corporation,"Technology Hardware, Storage & Peripherals",4
Sandur Manganese And Iron Ores Limited,Ferrous Metals,4
Sarda Energy & Minerals Ltd,Basic Materials,4
SATHLOKHAR SYNERGYS E&C GLOBAL LIMITED,CONSTRUCTION,4
Satin Creditcare Network Limited,Finance,4
SBFC FINANCE LIMITED,FINANCE,4
Shipping Corporation of India Ltd,Transport Services,4
SHREE CEMENT LIMITED,CEMENT & CEMENT PRODUCTS,4
Simplex Infrastructures Limited,Construction,4
Siyaram Silk Mills Limited,Textiles & Apparels,4
SOBHA LIMITED,REALTY,4
Southern Copper Corp,Metals & Mining,4
Spandana Sphoorty Financial Ltd. - Partly Paid,FINANCE,4
Srikalahasthi Pipes Limited,Industrial Products,4
Standard Engineering Technology Ltd,Industrial Manufacturing,4
STAR HEALTH AND ALLIED INSURANCE CO LTD,INSURANCE,4
Sterlite Technologies Ltd,Technology,4
STL Networks limited,Telecom - Services,4
SUMITOMO CHEMICAL INDIA LIMITED,FERTILIZERS & AGROCHEMICALS,4
Sun Pharma Advance Research Co.Ltd,Pharmaceuticals,4
SUN PHARMACEUTICALS INDUSTRIES LTD.,PHARMACEUTICALS,4
SUN TV NETWORK LIMITED,ENTERTAINMENT,4
Sun TV Network Ltd,Communication Services,4
SUN TV NETWORK LTD.,MEDIA & ENTERTAINMENT,4
Sundaram Finance Holdings Limited,Finance,4
Sundrop Brands Ltd,Agricultural Food & other Products,4
Symbiotec Pharmalab Limited^,Pharmaceuticals & Biotechnology,4
SYNGENE INTERNATIONAL LIMITED,HEALTHCARE SERVICES,4
TATA CHEMICALS LIMITED,CHEMICALS & PETROCHEMICALS,4
Tata Coffee Limited,Consumer Non Durables,4
Tata Sons Ltd.,Petroleum Products,4
Tata Steel Ltd. $$,Ferrous Metals,4
TATA TECHNOLOGIES LIMITED,IT - SERVICES,4
TATA TELESERVICES (MAHARASHTRA) LIMITED,TELECOM - SERVICES,4
Techno Electric & Engineering Co Ltd,Industrials,4
Tega Industries Ltd,Industrials,4
TEJAS NETWORKS LIMITED,TELECOM - EQUIPMENT & ACCESSORIES,4
Texas Instruments Inc,Semiconductors,4
THE BOMBAY BURMAH TRADING CORP. LTD,FOOD PRODUCTS,4
The Federal Bank Ltd. $$,Banks,4
The Jammu & Kashmir Bank Ltd,Banks,4
THE RAMCO CEMENTS LIMITED,CEMENT & CEMENT PRODUCTS,4
THE SHIPPING CORP OF INDIA LTD,TRANSPORT SERVICES,4
THE TATA POWER COMPANY LIMITED,POWER,4
TIMKEN INDIA LIMITED,INDUSTRIAL PRODUCTS,4
TRANSTREAM INDIA COM LTD,Miscellaneous,4
TRAVEL FOOD SERVICES LIMITED,LEISURE SERVICES,4
TRIDENT LIMITED,TEXTILES & APPARELS,4
Triveni Power Transmission Ltd.,Industrial Manufacturing,4
Tube Investments of India Ltd Ordinary Shares,Industrials,4
Uflex Ltd.,Industrial Products,4
Ujjivan Small Finance Bank Ltd Ordinary Shares,Financial Services,4
Updater Services Limited,Commercial Services & Supplies,4
VA Tech Wabag Ltd,Other Utilities,4
Vadilal Industries Limited,Food Products,4
Vasa Denticity Limited,Healthcare Equipment & Supplies,4
VEDANT FASHIONS LIMITED,RETAILING,4
Vedanta Ltd. $$,Non - Ferrous Metals,4
WHIRLPOOL OF INDIA LIMITED,CONSUMER DURABLES,4
Windlas Biotech Ltd.,Pharmaceuticals & Biotechnology,4
WIPRO LTD.,SOFTWARE,4
ZEE ENTERTAINMENT ENTERPRISES LIMITED,ENTERTAINMENT,4
Zota Health Care Limited,Pharmaceuticals & Biotechnology,4
3B BlackBio Dx Limited,Healthcare Services,3
AbbVie Inc,Biotechnology,3
Adani Total Gas Ltd,Gas,3
Aditya Birla Fashion and Retail Ltd,Retailing,3
Aditya Birla Lifestyle Brands Ltd,Retailing,3
Akamai Technologies Inc,Internet Services & Infrastructure,3
Alivus Life Sciences Ltd,Pharmaceuticals & Biotechnology,3
ALOK INDUSTRIES LIMITED,Textiles & Apparels,3
Amber Enterprises India Ltd Ordinary Shares,Consumer Cyclical,3
ANALOG DEVICES INC COM,Semiconductors,3
AppLovin Corp,Advertising,3
Aster DM Healthcare Ltd Ordinary Shares,Healthcare,3
Authum Investment & Infrastructure Ltd,Finance,3
AUTOMATIC DATA PROCESS COM,Human Resource & Employment Services,3
Bajaj Healthcare Limited,Pharmaceuticals & Biotechnology,3
Bayer CropScience Ltd,Basic Materials,3
Bharat Bijlee Ltd,Industrials,3
Bharat Dynamics Ltd,Aerospace & Defense,3
BIOGEN INC,Biotechnology,3
Blackbuck Ltd,Technology,3
Bliss GVS Pharma Limited,Pharmaceuticals & Biotechnology,3
CADENCE DESIGN SYSTEM COM,Application Software,3
Casey'S General Store,Food Retail,3
Caterpillar INC,Construction Machinery & Heavy Transportation,3
CINTAS CORP COM,Diversified Support Services,3
CISCO SYS INC COM,Communications Equipment,3
Cognizant Technology Solutions Corp,IT Consulting & Other Services,3
Coinbase Global Inc -Class A,Financial Exchanges & Data,3
Comcast Corp - Class A,Integrated Telecommunication Services,3
Constellation Energy Corp,Electric Utilities,3
Copart,Diversified Support Services,3
D B REALTY LIMITED,Realty,3
Datadog Inc,Application Software,3
DOLLAR TREE INC,Consumer Staples Merchandise Retail,3
Dr.Agarwals Eye Hospital Limited,Healthcare Services,3
EchoStar Corp,Cable & Satellite,3
eClerx Services Ltd,Commercial Services & Supplies,3
Embassy Developments Ltd,Real Estate,3
EQ - AADHAR HOUSING FINANCE LTD,Finance,3
EQ - AARTI INDUSTRIES LTD.,Chemicals & Petrochemicals,3
EQ - ADITYA BIRLA REAL ESTATE LTD,Realty,3
EQ - AEGIS LOGISTICS LTD,Gas,3
EQ - AEGIS VOPAK TERMINALS LTD.,Oil,3
EQ - ALLIED BLENDERS AND DISTILLERS LTD,Beverages,3
EQ - ANUPAM RASAYAN INDIA LTD,Chemicals & Petrochemicals,3
EQ - ASAHI INDIA GLASS LTD.,Auto Components,3
EQ - ATHER ENERGY LTD.,Automobiles,3
EQ - BALRAMPUR CHINI MILLS LTD.,Agricultural Food & other Products,3
EQ - BELRISE INDUSTRIES LTD,Auto Components,3
EQ - BEML LTD.,"Agricultural, Commercial & Construction Vehicles",3
EQ - CANARA HSBC LIFE INSURANCE COMPANY LTD,Insurance,3
EQ - CANFIN HOMES LTD.,Finance,3
EQ - CAPRI GLOBAL CAPITAL LTD,Finance,3
EQ - CARTRADE TECH LTD,Retailing,3
EQ - CCL PRODUCTS (INDIA) LTD,Agricultural Food & other Products,3
EQ - CENTRAL BANK OF INDIA,Banks,3
EQ - CHOICE INTERNATIONAL LTD.,Finance,3
EQ - DEEPAK FERTILISERS AND PETROCH,Chemicals & Petrochemicals,3
EQ - DEVYANI INTERNATIONAL LTD,Leisure Services,3
EQ - E.I.D.-PARRY (INDIA) LTD.,Food Products,3
EQ - EIH LTD.,Leisure Services,3
EQ - ELECON ENGINEERING CO. LTD.,Electrical Equipment,3
EQ - EMMVEE PHOTOVOLTAIC POWER LTD,Electrical Equipment,3
EQ - FERTILISERS & CHEMICALS TRAVAN,Fertilizers & Agrochemicals,3
EQ - GO DIGIT GENERAL INSURANCE LTD.,Insurance,3
EQ - GRAPHITE INDIA LTD.,Industrial Products,3
EQ - HOME FIRST FINANCE COMPANY IND,Finance,3
EQ - HONASA CONSUMER LTD,Personal Products,3
EQ - IDBI BANK LTD.,Banks,3
EQ - IFCI LTD,Finance,3
EQ - IIFL FINANCE LTD,Finance,3
EQ - INDIAN OVERSEAS BANK,Banks,3
EQ - INTELLECT DESIGN ARENA LTD.,IT - Software,3
EQ - INTERNATIONAL GEMOLOGICAL INSTITUTE LTD,Commercial Services & Supplies,3
EQ - INVENTURUS KNOWLEDGE SOLUTIONS LTD,IT - Services,3
EQ - IRCON INTERNATIONAL LIMITED.,Construction,3
EQ - JAIN RESOURCE RECYCLING LTD,Diversified Metals,3
EQ - JBM AUTO LTD.,Auto Components,3
EQ - JK TYRE & INDUSTRIES LTD.,Auto Components,3
EQ - JM FINANCIAL LTD.,Finance,3
EQ - JSW CEMENT LTD,Cement & Cement Products,3
EQ - LEELA PALACE HOTELS & RESORTS LTD,Leisure Services,3
EQ - MANGALORE REFINERY & PETROCHEM,Petroleum Products,3
EQ - MINDA CORPORATION LTD,Auto Components,3
EQ - MMTC LTD,Commercial Services & Supplies,3
EQ - NIVA BUPA HEALTH INSURANCE CO. LTD,Insurance,3
EQ - NUVAMA WEALTH MANAGEMENT LTD,Capital Markets,3
EQ - OLA ELECTRIC MOBILITY LTD,Automobiles,3
EQ - ONESOURCE SPECIALITY PHARMA LTD.,Pharmaceuticals & Biotechnology,3
EQ - PARADEEP PHOSPHATES LTD,Fertilizers & Agrochemicals,3
EQ - PCBL CHEMICAL LTD,Chemicals & Petrochemicals,3
EQ - PHYSICSWALLAH LTD,Other Consumer Services,3
EQ - PINE LABS LTD,Financial Technology (Fintech),3
EQ - PIRAMAL FINANCE LTD,Finance,3
EQ - PIRAMAL PHARMA LTD,Pharmaceuticals & Biotechnology,3
EQ - POONAWALLA FINCORP LTD.,Finance,3
EQ - PRIME FOCUS LTD.,Entertainment,3
EQ - PTC INDUSTRIES LTD,Industrial Products,3
EQ - RAMKRISHNA FORGINGS LTD.,Auto Components,3
EQ - RITES LTD,Construction,3
EQ - SAMMAAN CAPITAL LTD,Finance,3
EQ - SARDA ENERGY & MINERALS LTD.,Ferrous Metals,3
EQ - SBFC FINANCE LTD,Finance,3
EQ - SIGNATUREGLOBAL (INDIA) LTD,Realty,3
EQ - SOBHA LIMITED,Realty,3
EQ - STAR HEALTH & ALLIED INSURANCE,Insurance,3
EQ - SUMITOMO CHEMICAL INDIA LTD,Fertilizers & Agrochemicals,3
EQ - SUN TV NETWORK LTD.,Entertainment,3
EQ - TATA TELESERVICES (MHTRA) LTD.,Telecom - Services,3
EQ - TEJAS NETWORKS LTD.,Telecom -  Equipment & Accessories,3
EQ - TRAVEL FOOD SERVICES LTD,Leisure Services,3
EQ - UCO BANK,Banks,3
EQ - UTI ASSET MANAGEMENT COMPANY L,Capital Markets,3
EQ - ZENSAR TECHNOLOGIES LTD.,IT - Software,3
EQ -LEMON TREE HOTELS LTD,Leisure Services,3
EQ -ZYDUS WELLNESS LTD.,Food Products,3
EQ CHOLAMANDALAM FINANCIAL HOLDINGS LTD,FINANCE,3
EQ HERO MOTOCORP LTD.,AUTO,3
EQ- APTUS VALUE HOUSNG FINANCE INDI,Finance,3
EQ-FIVE-STAR BUSINESS FINANCE LTD.,Finance,3
EXELON CORP,Electric Utilities,3
EXPAND ENERGY ORD,Oil & Gas Exploration & Production,3
EXPEDIA INC,"Hotels, Resorts & Cruise Lines",3
Fabtech Technologies Limited,Healthcare Equipment & Supplies,3
FASTENAL CO,Trading Companies & Distributors,3
Fermenta Biotech Limited,Pharmaceuticals & Biotechnology,3
First Solar Inc,Semiconductors,3
FISERV INC COM,Transaction & Payment Processing Services,3
Flex Ltd,Electronic Manufacturing Services,3
FOX-Registered Shares-B,Broadcasting,3
FOX-Registered Shs-A,Broadcasting,3
GE Aerospace,Aerospace & Defense,3
GE Healthcare Technologies Inc.,Health Care Equipment,3
Godfrey Phillips India Ltd,Cigarettes & Tobacco Products,3
Guj. Narmada Valley Fertilisers Ltd,Chemicals & Petrochemicals,3
Gujarat Kidney And Super Speciality Limited,Healthcare Services,3
Gujarat State Fertilizers & Chemicals,Fertilizers & Agrochemicals,3
HBL Engineering Ltd,Industrial Products,3
Health X Platform Limited,Healthcare Services,3
Hester Biosciences Limited,Pharmaceuticals & Biotechnology,3
Home Depot Inc,Home Improvement Retail,3
Honeywell International Inc,Industrial Conglomerates,3
IndiaMART InterMESH Ltd,Communication Services,3
Indian Railway Catering And Tourism Corporation Ltd,Leisure Services,3
IRB Infrastructure Developers Ltd,Construction,3
J B Hunt Transport Services Inc,Cargo Ground Transportation,3
Jagsonpal Pharmaceuticals Limited,Pharmaceuticals & Biotechnology,3
Jindal Stainless Ltd,Ferrous Metals,3
Johnson & Johnson,Pharmaceuticals,3
Keurig Dr Pepper Inc,Soft Drinks & Non-alcoholic Beverages,3
Kimberly-Clark Corp,Household Products,3
Kirloskar Brothers Ltd,Industrial Products,3
KMC Speciality Hospitals (India) Limited,Healthcare Services,3
Kopran Limited,Pharmaceuticals & Biotechnology,3
Kwality Pharmaceuticals Limited,Pharmaceuticals & Biotechnology,3
Lincoln Pharmaceuticals Limited,Pharmaceuticals & Biotechnology,3
Lloyds Metals And Energy Ltd,Minerals & Mining,3
MARRIOTT INTERNATIONAL -CL A,"Hotels, Resorts & Cruise Lines",3
Marvell Technology Group Ltd,Semiconductors,3
Max India Ltd.,Healthcare Services,3
MICRON TECHNOLOGY INC COM,Semiconductors,3
Morgan Stanley,Investment Banking & Brokerage,3
National Securities Depository Ltd,Capital Markets,3
NBCC India Ltd,Industrials,3
Nectar Lifesciences Limited,Pharmaceuticals & Biotechnology,3
NETAPP INC,"Technology Hardware, Storage & Peripherals",3
Nippon Life India Asset Management Ltd Ordinary Shares,Financial Services,3
NLC India Ltd,Utilities,3
NXP Semiconductors N.V.,Semiconductors,3
O'Reilly Automotive Inc,Automotive Retail,3
ON Semiconductor Corp,Semiconductors,3
PACCAR INC COM,Construction Machinery & Heavy Transportation,3
Palantir Technologies Inc,Application Software,3
Palo Alto Networks,Systems Software,3
Panacea Biotec Limited,Pharmaceuticals & Biotechnology,3
PAYCHEX INC COM,Human Resource & Employment Services,3
Procter & Gamble Co,Household Products,3
Procter & Gamble Hygiene & Healthca,Personal Products,3
Quality Power Electrical Equipments Ltd,Industrials,3
Ravindra Energy Ltd,Technology,3
REGENERON PHARMACEUTIC COM,Biotechnology,3
Roper Technologies Ord,Application Software,3
ROSS STORES INC COM,Apparel Retail,3
Shree Ganesh Remedies Limited,Pharmaceuticals & Biotechnology,3
Sigachi Industries Limited,Pharmaceuticals & Biotechnology,3
Steel Dynamics Inc,Steel,3
Super Micro Computer Inc,"Technology Hardware, Storage & Peripherals",3
Syncom Formulations India Limited,Pharmaceuticals & Biotechnology,3
SYNOPSYS INC COM,Application Software,3
T-Mobile US Inc,Wireless Telecommunication Services,3
TAKE-TWO INTERACTIVE S COM,Interactive Home Entertainment,3
Tarsons Products Limited,Healthcare Equipment & Supplies,3
The Kraft Heinz Company,Packaged Foods & Meats,3
Triveni Engineering & Industries Ltd,Consumer Defensive,3
Ulta Beauty Inc,Other Specialty Retail,3
United Airlines Holdings Ord,Passenger Airlines,3
VERISIGN INC COM,Internet Services & Infrastructure,3
Verisk Analytics Inc,Research & Consulting Services,3
Verizon Communications Inc,Integrated Telecommunication Services,3
VERTEX PHARMACEUTICALS INC COM USD0.01,Biotechnology,3
Wanbury Limited,Pharmaceuticals & Biotechnology,3
Warner Bros Discovery Inc,Movies & Entertainment,3
WESTERN DIGITAL CORP COM,"Technology Hardware, Storage & Peripherals",3
XCEL ENERGY INC COM,Electric Utilities,3
Zaggle Prepaid Ocean Services Ltd,Technology,3
3M CO,Industrial Conglomerates,2
6.00% TVS Motor Company Ltd (Preference Shares) 01-Sep-2026,Automobiles,2
63 Moons Technologies Limited,IT - Software,2
9% Siyaram Silk Mills Ltd NCRPS Ser I 22AUG29,Textiles & Apparels,2
9% Siyaram Silk Mills Ltd NCRPS Ser II 22AUG31,Textiles & Apparels,2
^^Triveni Power Transmission Limited,Industrial Manufacturing,2
Accelya Solutions India Limited,IT - Software,2
Accenture Plc-CL A,IT Consulting & Other Services,2
Adf Foods Limited,Food Products,2
AEGIS LOGISTICS LIMITED,Gas,2
AES Corp/VA,Independent Power Producers & Energy Traders,2
Afcom Holdings Ltd,Transport Services,2
AFLAC INC,Life & Health Insurance,2
Agilent Technologies Inc,Life Sciences Tools & Services,2
Akums Drugs and Pharmaceuticals Ltd,Healthcare,2
Albemarle Corp,Specialty Chemicals,2
Alembic Limited,Realty,2
Alembic Pharmaceuticals Ltd,Healthcare,2
Alexandria Real Estate Equities Inc,Health Care REITs,2
Align Technology Inc,Health Care Supplies,2
Allegion plc,Building Products,2
Alliant Energy Corp,Electric Utilities,2
Allied Blenders And Distillers Ltd,Beverages,2
Allstate Corp/The,Property & Casualty Insurance,2
Alphabet Inc. Class A,Interactive Media & Services,2
Altria Group Inc,Tobacco,2
Amcor PLC,Paper & Plastic Packaging Products & Materials,2
Ameren Corp,Multi-Utilities,2
American Express Co,Consumer Finance,2
American International Group Inc,Property & Casualty Insurance,2
American Tower Corp,Telecom Tower REITs,2
American WaterWorks Co Inc,Water Utilities,2
Ameriprise Financial Inc,Asset Management & Custody Banks,2
AMETEK Inc,Electrical Components & Equipment,2
Angel One Ltd Ordinary Shares,Financial Services,2
Anuh Pharma Limited,Pharmaceuticals & Biotechnology,2
AO Smith Corp,Building Products,2
Aon plc,Insurance Brokers,2
Apa Corporation,Oil & Gas Exploration & Production,2
Apcotex Industries Limited,Industrial Products,2
Apollo Global Management Inc,Diversified Financial Services,2
Aptiv PLC,Automotive Parts & Equipment,2
Arch Capital Group Ltd,Property & Casualty Insurance,2
Ares Management Corporation,Asset Management & Custody Banks,2
Arthur J Gallagher & Co,Insurance Brokers,2
Asahi India Glass Ltd,Auto Components,2
Ashiana Housing Limited,Realty,2
ASM TECHNOLOGIES LTD,IT - Software,2
Assurant Inc,Property & Casualty Insurance,2
Astra Microwave Products Ltd,Technology,2
AT&T Inc,Integrated Telecommunication Services,2
Atmos Energy Corp,Gas Utilities,2
Avery Dennison Corp,Paper & Plastic Packaging Products & Materials,2
Bajaj Corp Ltd.,Consumer Non Durables,2
Bajaj Hindusthan Sugar Limited,Agricultural Food & other Products,2
Ball Corp,"Metal, Glass & Plastic Containers",2
Balmer Lawrie & Company Limited,Diversified,2
BANK OF AMERICA CORP,Diversified Banks,2
Baxter International Inc,Health Care Equipment,2
Becton Dickinson and Co,Health Care Equipment,2
BEML Ltd,"Agricultural, Commercial & Construction Vehicles",2
Best Buy Co Inc,Computer & Electronics Retail,2
Bhansali Engineering Polymers Limited,Chemicals & Petrochemicals,2
BHARAT BIJLEE LTD,Electrical Equipment,2
Bharat Parenterals Limited,Pharmaceuticals & Biotechnology,2
Bio Techne Ord,Life Sciences Tools & Services,2
Blackstone Inc Contingent Value Right,Miscellaneous,2
Blazing Star Parent LLC,Drug Retail,2
Block Inc,Transaction & Payment Processing Services,2
Bombay Dyeing & Mfg Company Limited,Textiles & Apparels,2
Borosil Ltd,Consumer Durables,2
Boston Scientific Corp,Health Care Equipment,2
BRISTOL MYERS SQUIBB ORD,Pharmaceuticals,2
Broadridge Financial Solutions Inc,Data Processing & Outsourced Services,2
Brown & Brown Inc,Insurance Brokers,2
Builders Firstsource Inc,Building Products,2
Bunge Global SA,Agricultural Products & Services,2
BXP Inc.,Office REITs,2
Camden Property Trust,Multi-Family Residential REITs,2
Camlin Fine Sciences Limited,Chemicals & Petrochemicals,2
Cantabil Retail India Limited,Textiles & Apparels,2
Capacit'e Infraprojects Limited,Construction,2
Capital One Financial Corp,Consumer Finance,2
CARDINAL HEALTH INC,Health Care Distributors,2
Carnival Corp Ltd,"Hotels, Resorts & Cruise Lines",2
Carrier Global Corp,Building Products,2
Carvana Cl A Ord,Automotive Retail,2
Carysil Ltd,Consumer Durables,2
Cboe Global Markets Inc,Financial Exchanges & Data,2
CBRE Group Inc,Real Estate Services,2
CDW Corporation,Technology Distributors,2
CEAT Ltd,Auto Components,2
Ceigall India Ltd,Construction,2
Centene Corp,Managed Health Care,2
CenterPoint Energy Inc,Multi-Utilities,2
CH Robinson Worldwide Inc,Air Freight & Logistics,2
Charles River Laboratories International Inc,Life Sciences Tools & Services,2
Charter Communications Inc,Cable & Satellite,2
CHEMPLAST SANMAR LTD,Chemicals & Petrochemicals,2
Chennai Petroleum Corporation Ltd,Petroleum Products,2
Cheveron Corp,Integrated Oil & Gas,2
Choice International Ltd,Finance,2
Chubb Ltd,Property & Casualty Insurance,2
Church & Dwight Co Inc,Household Products,2
CIENA Corporation,Communications Equipment,2
Cincinnati Financial Corp,Property & Casualty Insurance,2
Cipla Ltd. $$,Pharmaceuticals,2
Citigroup Inc,Diversified Banks,2
Citizens Financial Group Inc,Regional Banks,2
Clean Science And Technology Ltd,Chemicals & Petrochemicals,2
Clorox Co/The,Household Products,2
Cme Group Inc,Financial Exchanges & Data,2
CMS Energy Corp,Multi-Utilities,2
Coherent Ord,Electronic Components,2
Colgate-Palmolive Co,Household Products,2
Comfort Systems USA ORD,Construction & Engineering,2
Computer Age Management Services Ltd Ordinary Shares,Technology,2
ConocoPhillips,Oil & Gas Exploration & Production,2
Consolidated Edison Inc,Multi-Utilities,2
Cooper Companies Inc,Health Care Supplies,2
Corning Inc,Electronic Components,2
Corpay Inc,Transaction & Payment Processing Services,2
Corteva Inc,Fertilizers & Agricultural Chemicals,2
CoStar Group,Real Estate Services,2
CreditAccess Grameen Ltd Ordinary Shares,Financial Services,2
CRH PLC,Construction Materials,2
Crown Castle Inc,Telecom Tower REITs,2
Cummins Inc,Construction Machinery & Heavy Transportation,2
CVS Health Corp,Health Care Services,2
D.B.Corp Limited,Media,2
Darden Restaurants Inc,Restaurants,2
Data Patterns (India) Ltd,Industrials,2
DaVita Inc,Health Care Services,2
Dcm Shriram Ltd,Diversified,2
Deckers Outdoor Corp,Footwear,2
Deepak Fertilizers and Petrochemicals Corporation Ltd,Chemicals & Petrochemicals,2
Deere & Co,Agricultural & Farm Machinery,2
Dell Technologies Inc,"Technology Hardware, Storage & Peripherals",2
Delta Air Lines Inc,Passenger Airlines,2
Devon Energy Corp,Oil & Gas Exploration & Production,2
Digital Realty Trust Inc,Data Center REITs,2
Dollar General Corp,Consumer Staples Merchandise Retail,2
Dow Inc,Commodity Chemicals,2
Dr Agarwal’s Health Care Ltd,Healthcare,2
DR Horton Inc,Homebuilding,2
DTE Energy Co,Multi-Utilities,2
Duke Energy Corp,Electric Utilities,2
DuPont de Nemours Inc,Industrial Conglomerates,2
Eaton Corp PLC,Electrical Components & Equipment,2
Edelweiss Financial Services Ltd,Finance,2
Edison International,Electric Utilities,2
Edwards Lifesciences Corp,Health Care Equipment,2
EIH Associated Hotels Limited,Leisure Services,2
Eli Lilly & Co,Pharmaceuticals,2
Emcor Group Inc,Construction & Engineering,2
Entergy Corp,Electric Utilities,2
EOG Resources Inc,Oil & Gas Exploration & Production,2
EQ - BHARAT COKING COAL LIMITED,Consumable Fuels,2
EQ - CENTRAL MINE PLANNING & DESIGN INSTITUTE LTD,Commercial Services & Supplies,2
EQ - HANUMAN TEA COMPANY LIMITED,Not Applicable,2
EQ - INFORMATION TECHNOLOGIES (I)LT,Not Applicable,2
EQ - S.J.S ENTERPRISES LTD,Auto Components,2
EQ - SAFARI INDUSTRIES (I) LTD.,Consumer Durables,2
EQT Corporation,Oil & Gas Exploration & Production,2
Equinix Inc,Data Center REITs,2
Equitas Small Finance Bank Ltd Ordinary Shares,Financial Services,2
Erie Indemnity Co,Property & Casualty Insurance,2
Eris Lifesciences Ltd Registered Shs,Healthcare,2
Essex Property Trust Inc,Multi-Family Residential REITs,2
ESTEE LAUDER CL A ORD,Personal Care Products,2
Eveready Industries India Limited,Household Products,2
Everest Group Ltd,Reinsurance,2
Evergy Inc,Electric Utilities,2
Eversource Energy,Electric Utilities,2
Expeditors International of Washington I,Air Freight & Logistics,2
Extra Space Storage Inc,Self Storage REITs,2
EXXONMobil Holdings Corp,Integrated Oil & Gas,2
F5 Inc,Communications Equipment,2
FactSet Research System Inc,Financial Exchanges & Data,2
Fair Isaac & Co Inc,Application Software,2
Fairfax India Holdings Corporation,Finance,2
Federal Realty Investment Trust,Retail REITs,2
Federal-Mogul Goetze (India) Limited.,Auto Components,2
Fedex Corp,Air Freight & Logistics,2
FedEx Freight Holding Company Inc,Cargo Ground Transportation,2
Ferguson Enterprises Inc,Trading Companies & Distributors,2
Fertilizers And Chemicals Travancore Ltd,Fertilizers & Agrochemicals,2
Fidelity National Information Services I,Transaction & Payment Processing Services,2
Fifth Third Bancorp,Diversified Banks,2
FirstEnergy Corp,Electric Utilities,2
FORD MOTOR CO,Automobile Manufacturers,2
Fortive Corp,Industrial Machinery & Supplies & Components,2
Franklin Templeton Inc,Asset Management & Custody Banks,2
Freeport Mcmoran Copper & Gold Inc,Copper,2
Future on Multi Commodity Exchange of India Ltd,Financial Services,2
Gallantt Ispat Ltd,Industrial Products,2
Ganesh Housing Ltd,Realty,2
Garden Reach Shipbuilders & Engineers Ltd,Aerospace & Defense,2
Garmin Ltd,Consumer Electronics,2
Gartner Inc,IT Consulting & Other Services,2
Gen Digital Inc,Systems Software,2
Generac Holdings Inc,Electrical Components & Equipment,2
General Dynamics Corp,Aerospace & Defense,2
General Mills Inc,Packaged Foods & Meats,2
General Motors Co,Automobile Manufacturers,2
Genuine Parts Co,Distributors,2
Genus Power Infrastructures Ltd,Electrical Equipment,2
Genus Prime Infra Ltd,Chemicals & Petrochemicals,2
Geojit Financial Services Limited,Capital Markets,2
Glaxosmithkline Consumer Healthcare Ltd.,Consumer Non Durables,2
Global Payments Inc,Transaction & Payment Processing Services,2
Globe Life Inc,Life & Health Insurance,2
GoDaddy Inc,Internet Services & Infrastructure,2
Godawari Power & Ispat Ltd,Industrial Products,2
Gokaldas Exports Ltd,Consumer Cyclical,2
GOLD October 2026 Future,Others,2
Goldiam International Limited,Consumer Durables,2
Goldman Sachs Group Inc,Investment Banking & Brokerage,2
Goodyear India Limited,Auto Components,2
Grauer & Weil (India) Limited,Chemicals & Petrochemicals,2
Gravita India Ltd,Minerals & Mining,2
Greenpanel Industries Ltd Ordinary Shares,Basic Materials,2
Gufic Biosciences Ltd,Healthcare,2
Gujarat Alkalies and Chemicals Limited,Chemicals & Petrochemicals,2
Gujarat Ambuja Exports Ltd,Agricultural Food & other Products,2
Gujarat Mineral Development Corporation Ltd,Minerals & Mining,2
Gujarat Pipavav Port Ltd,Transport Infrastructure,2
HALLIBURTON CO,Oil & Gas Equipment & Services,2
Happiest Minds Technologies Ltd,IT - Software,2
HASBRO INC COM,Leisure Products,2
Hathway Cable & Datacom Limited,Entertainment,2
HCA HEALTHCARE INC,Health Care Facilities,2
HCL Technologies Ltd. $$,Software,2
Healthpeak Properties Inc,Health Care REITs,2
Heg Ltd,Industrial Products,2
HENRY SCHEIN INC COM USD0.01,Health Care Distributors,2
Hershey Co/The,Packaged Foods & Meats,2
HEWLETT PACKARD CO,"Technology Hardware, Storage & Peripherals",2
Hewlett Packard Enterprise Co,"Technology Hardware, Storage & Peripherals",2
Hilton Worldwide Holdings Inc,"Hotels, Resorts & Cruise Lines",2
Hinduja Global Solutions Limited,Commercial Services & Supplies,2
Hindustan Oil Exploration Company Limited,Oil,2
Hindware Home Innovation Limited,Consumer Durables,2
Home First Finance Co India Ltd ---,Financial Services,2
Hormel Foods Corp,Packaged Foods & Meats,2
Host Hotels & Resorts Inc,Hotel & Resort REITs,2
Howmet Aerospace Inc,Aerospace & Defense,2
Hubbell Inc,Electrical Components & Equipment,2
Humana Inc,Managed Health Care,2
Huntington Bancshares Inc,Regional Banks,2
HY-Tech Engineers Limited^,Industrial Products,2
ICICI Prudential Smallcap Fund - Direct - Growth,Capital Markets,2
IDBI Bank Ltd,Banks,2
IDEX CORP,Industrial Machinery & Supplies & Components,2
IFCI Ltd,Finance,2
Illinois Tool Works Inc,Industrial Machinery & Supplies & Components,2
Imagicaaworld Entertainment Limited,Leisure Services,2
Incyte Corp,Biotechnology,2
India Pesticides Limited,Fertilizers & Agrochemicals,2
India Tourism Development Corporation Limited,Leisure Services,2
Indian Oil Corp Ltd,Energy,2
INDIGO PAINTS LTD,Consumer Durables,2
IndiGrid Infrastructure Trust Units Series - IV,Utilities,2
Indo Count Industries Ltd,Textiles & Apparels,2
Indostar Capital Finance Limited,Finance,2
Ingersoll Rand Inc,Industrial Machinery & Supplies & Components,2
Insecticides (India) Limited,Fertilizers & Agrochemicals,2
Insulet Corp,Health Care Equipment,2
Interactive Brokers Group-Cl A,Investment Banking & Brokerage,2
International Business Machines Corp. IBM,IT Consulting & Other Services,2
INTERNATIONALPAPER CO,Paper & Plastic Packaging Products & Materials,2
Invesco Ltd,Asset Management & Custody Banks,2
Invitation Homes Inc,Single-Family Residential REITs,2
Ipca Laboratories Ltd,Healthcare,2
IRCON International Ltd,Construction,2
Iron Mountain Inc,Other Specialized REITs,2
Jabil Inc,Electronic Manufacturing Services,2
Jack Henry & Associates Inc,Transaction & Payment Processing Services,2
Jacobs Solutions Inc,Research & Consulting Services,2
Jai Corp Limited,Industrial Products,2
Jain Irrigation Systems Limited,Industrial Products,2
Jaiprakash Power Ventures Ltd,Power,2
Jamna Auto Industries Ltd,Auto Components,2
JD Health International Inc,Drug Retail,2
JD.com Inc,Broadline Retail,2
Jindal Poly Films Limited,Industrial Products,2
Jindal Steel & Power Ltd.,Ferrous Metals,2
Jindal Worldwide Limited,Textiles & Apparels,2
JK PAPER LTD,"Paper, Forest & Jute Products",2
JK Paper Ltd,Basic Materials,2
JM Smucker Co/The,Packaged Foods & Meats,2
Johnson Controls International PLC,Building Products,2
JP Morgan Chase & Co,Diversified Banks,2
JTL Industries Limited,Industrial Products,2
Jubilant Ingrevia Ltd Ordinary Shares,Basic Materials,2
Juniper Hotels Ltd,Consumer Cyclical,2
JUPITER LIFE LINE HOSPITALS LTD,Healthcare Services,2
Kalpataru Limited,Realty,2
Kama Holdings Limited,Diversified,2
KDDL Limited,Consumer Durables,2
KEI Industries Limited September 2026 Future,Industrial Products,2
KeyCorp,Diversified Banks,2
Keysight Technologies Inc,Electronic Equipment & Instruments,2
Kimco Realty Corp,Retail REITs,2
Kinder Morgan Inc,Oil & Gas Storage & Transportation,2
Kingfa Science & Technology (India) Limited,Industrial Products,2
KIOCL Limited,Ferrous Metals,2
Kiri Industries Limited,Chemicals & Petrochemicals,2
Kirloskar Ferrous Industries Ltd,Industrials,2
Kirloskar Industries Limited,Industrial Products,2
Kirloskar Pneumatic Company Ltd,Industrial Products,2
Kirloskar Pneumatic Ltd.,Industrial Products,2
KKR & Co Inc,Asset Management & Custody Banks,2
Kotak Mahindra Bank Ltd. $$,Banks,2
KOTAK NIFTY 100 LOW VOLATILITY 30 ETF,ETF Units,2
KOTAK NIFTY 200 MOMENTUM 30 ETF,ETF Units,2
Krishna Institute of Medical Sciences Ltd,Healthcare,2
Kroger Co,Food Retail,2
Kuaishou Technology,Interactive Media & Services,2
KWALITY WALLS (INDIA) LTD,Food Products,2
L3Harris Technologies Inc,Aerospace & Defense,2
Labcorp Holdings Inc,Health Care Services,2
Las Vegas Sands Corp,Casinos & Gaming,2
Leela Palaces Hotels & Resorts Ltd,Leisure Services,2
Leela Palaces Hotels and Resorts Ltd,Consumer Cyclical,2
Leidos Holdings Inc,Research & Consulting Services,2
Lennar Corp,Homebuilding,2
Lennox International Inc,Building Products,2
Li Auto Inc,Automobile Manufacturers,2
Live Nation Entertainment Inc,Movies & Entertainment,2
Lockheed Martin Corp,Aerospace & Defense,2
Loews Corp,Property & Casualty Insurance,2
Lowes Cos Inc,Home Improvement Retail,2
LULULEMON ATHLETICA INC,"Apparel, Accessories and Luxury Goods",2
Lumax Industries Limited,Auto Components,2
Lyondellbasell Industries N.V.,Commodity Chemicals,2
M&T Bank Corp,Regional Banks,2
Mahanagar Telephone Nigam Limited,Telecom - Services,2
Mahindra Holidays & Resorts India Limited,Leisure Services,2
Man Infraconstruction Limited,Realty,2
Mangalam Cement Ltd,Basic Materials,2
Mangalore Refinery & Petrochemicals Ltd,Petroleum Products,2
Marathon Petroleum Corp,Oil & Gas Refining & Marketing,2
Marsh & McLennan Cos Inc,Insurance Brokers,2
Martin Marietta Materials Inc,Construction Materials,2
MAS Financial Services Ltd Ordinary Shares,Financial Services,2
Mastek Ltd,IT - Software,2
Mayur Uniquoters Ltd,Consumer Durables,2
McCormick & Co Inc,Packaged Foods & Meats,2
MCDONALD'S CORPOPRATION,Restaurants,2
McKesson Corp.,Health Care Distributors,2
Meituan,Restaurants,2
Merck & Co. Inc,Pharmaceuticals,2
Metlife Inc,Life & Health Insurance,2
Metro Brands Ltd,Consumer Cyclical,2
Mettler-Toledo International Inc,Life Sciences Tools & Services,2
MGM Resorts International,Casinos & Gaming,2
Mid-America Apartment Communities Inc,Multi-Family Residential REITs,2
Moderna Inc,Biotechnology,2
Molson Coors Beverage Co,Brewers,2
Moody's Corp,Financial Exchanges & Data,2
MPS Limited,Printing & Publication,2
MPS Ltd,Printing & Publication,2
Mrs Bectors Food Specialities Ltd Ordinary Shares,Consumer Defensive,2
MSCI Inc,Financial Exchanges & Data,2
Mukand Limited,Industrial Products,2
Muthoot Microfin Ltd,Finance,2
NACL Industries Limited,Fertilizers & Agrochemicals,2
Nasdaq Inc,Financial Exchanges & Data,2
Navneet Education Limited,Household Products,2
Netflix Inc.,Movies & Entertainment,2
Newgen Software Technologies Ltd,IT - Software,2
Newmont Corporation,Gold,2
News Corp,Publishing,2
News Corp | Equity,Publishing,2
NextEra Energy Inc,Electric Utilities,2
Nifty 50 Index Put option,Index Futures/Options,2
NIKE Inc,Footwear,2
NIRLON LIMITED,Commercial Services & Supplies,2
NiSource Inc,Multi-Utilities,2
Niva Bupa Health Insurance Co Ltd,Insurance,2
NMDC Steel Ltd,Ferrous Metals,2
Nordson Corp,Industrial Machinery & Supplies & Components,2
Norfolk Southern Corp,Rail Transportation,2
Northern Trust Corp,Asset Management & Custody Banks,2
Northrop Grumman Co,Aerospace & Defense,2
Norwegian Cruise Line Holdings Ltd,"Hotels, Resorts & Cruise Lines",2
NRG Energy Inc,Electric Utilities,2
Nucor Corporation,Steel,2
NVR Inc,Homebuilding,2
Occidental Petroleum Corporation,Integrated Oil & Gas,2
Om Infra Ltd,Industrials,2
Omnicom Group Inc,Advertising,2
ONEOK Inc,Oil & Gas Storage & Transportation,2
Onward Technologies Limited,IT - Services,2
Packaging Corp of America,Paper & Plastic Packaging Products & Materials,2
Paisalo Digital Ltd.,Finance,2
Pakka Ltd.,"Paper, Forest & Jute Products",2
Palantir Technologies Inc. Class A,software and services,2
Paradeep Phosphates Ltd,Fertilizers & Agrochemicals,2
Parag Milk Foods Limited,Food Products,2
Paramount Skydance Productions LLC CL B,Broadcasting,2
PC Jeweller Limited,Consumer Durables,2
PCBL Chemical Ltd,Chemicals & Petrochemicals,2
Pds Ltd.,Textiles & Apparels,2
Pentair PLC,Industrial Machinery & Supplies & Components,2
PFIZER INC,Pharmaceuticals,2
PG&E Corporation,Electric Utilities,2
Phillips 66,Oil & Gas Refining & Marketing,2
PICCADILY AGRO INDUSTRIES LTD,Beverages,2
Pilani Investment and Industries Corporation Limited,Finance,2
Pinnacle West Capital Corp,Electric Utilities,2
PIX TRANSMISSIONS LTD,Industrial Products,2
PNC Financial Services Group Inc,Diversified Banks,2
Power Grid Corporation Of India Ltd. $$,Power,2
PPG Industries,Specialty Chemicals,2
PPL Corp,Electric Utilities,2
Prakash Industries Limited,Ferrous Metals,2
Prataap Snacks Limited,Food Products,2
Premier Explosives Limited,Chemicals & Petrochemicals,2
Prime Focus Ltd,Entertainment,2
Principal Financial Group Inc,Life & Health Insurance,2
Progressive Corp,Property & Casualty Insurance,2
Prologis Inc,Industrial REITs,2
Prudential Financial Inc,Life & Health Insurance,2
PTC Inc,Application Software,2
PTC India Ltd,Power,2
Public Service Enterprise Group Inc,Multi-Utilities,2
Public Storage,Self Storage REITs,2
PulteGroup Inc,Homebuilding,2
Q-Line Biotech Ltd,Healthcare Equipment & Supplies,2
"Qnity Electronics, Inc.",Semiconductor Materials & Equipment,2
Quanta Services Inc,Construction & Engineering,2
Quest Diagnostics Inc,Health Care Services,2
Racl Geartech Limited,Auto Components,2
Rajratan Global Wire Ltd,Auto Components,2
Rallis India Ltd,Fertilizers & Agrochemicals,2
Ralph Lauren Corp,"Apparel, Accessories and Luxury Goods",2
Ramco Cements Ltd,Basic Materials,2
Ramco Industries Limited,Other Construction Materials,2
Ramky Infrastructure Limited,Construction,2
Rategain Travel Technologies Ltd,IT - Software,2
Raymond James Financial Inc,Investment Banking & Brokerage,2
Realty Income Corp,Retail REITs,2
Reddit CL A,Interactive Media & Services,2
Redtape Ltd,Consumer Cyclical,2
Refex Industries Limited,Other Utilities,2
Regency Centers Corp,Retail REITs,2
Regions Financial Corp,Regional Banks,2
Reliance Power Ltd,Power,2
Renew Energy Global,Power,2
REPCO HOME FINANCE LTD,Finance,2
Republic Services Inc,Environmental & Facilities Services,2
ResMed Inc,Health Care Equipment,2
Responsive Industries Limited,Consumer Durables,2
Revvity Inc,Life Sciences Tools & Services,2
Rites Ltd,Construction,2
Roadstar Infra Investment Trust,Transport Infrastructure,2
Robinhood Markets Inc A,Investment Banking & Brokerage,2
Rollins Inc,Environmental & Facilities Services,2
Royal Caribbean Cruises Ltd,"Hotels, Resorts & Cruise Lines",2
RPSG Ventures Limited,Commercial Services & Supplies,2
RTX Corporation,Aerospace & Defense,2
S H Kelkar and Company Ltd,Chemicals & Petrochemicals,2
S H KELKAR AND COMPANY LTD,Chemicals & Petrochemicals,2
S&P Global Inc,Financial Exchanges & Data,2
Sagar Cements Limited,Cement & Cement Products,2
Sagility India Limited,IT - Services,2
Sai Silks Kalamandir Limited,Retailing,2
Samhi Hotels Ltd,Leisure Services,2
Sandhar Technologies Ltd,Auto Components,2
Sandur Manganese And Iron Ores Ltd,Ferrous Metals,2
Sangam (India) Limited,Textiles & Apparels,2
Sanghvi Movers Ltd,Commercial Services & Supplies,2
Sasken Technologies Limited,IT - Services,2
Savita Oil Technologies Limited,Petroleum Products,2
SBA Communications Corp,Telecom Tower REITs,2
SBI Cards and Payment Services Ltd Ordinary Shares,Financial Services,2
Semiconductor Manufacturing International Corp,Semiconductors,2
Sempra Energy,Multi-Utilities,2
ServiceNow Inc,Systems Software,2
SG Mart Limited,Metals & Minerals Trading,2
Shanthi Gears Limited,Industrial Manufacturing,2
Sherwin-Williams Co/The,Specialty Chemicals,2
Shilchar Technologies Ltd,Electrical Equipment,2
Shyam Metalics And Energy Ltd,Industrial Products,2
Signatureglobal (India) Ltd,Realty,2
Simon Property Group Inc,Retail REITs,2
Simplex Infrastructures Ltd,Industrials,2
Sindhu Trade Links Ltd.,Consumable Fuels,2
Siyaram Silk Mills Limited | 2,Textiles & Apparels,2
Siyaram Silk Mills Limited | Preference Shares,Textiles & Apparels,2
SKYWORKS SOLUTIONS INC COM,Semiconductors,2
SLB Limited,Oil & Gas Equipment & Services,2
Smurfit WestRock plc,Paper & Plastic Packaging Products & Materials,2
Snap-on Inc,Industrial Machinery & Supplies & Components,2
Solventum Corp,Health Care Supplies,2
Sona BLW Precision Forgings Limited September 2026 Future,Auto Components,2
Southern Co/The,Electric Utilities,2
Southwest Airlines Co,Passenger Airlines,2
Spicejet Limited,Transport Services,2
Stanley Black & Decker Inc,Industrial Machinery & Supplies & Components,2
Star Health and Allied Insurance Company Limited,Insurance,2
STERIS PLC,Health Care Equipment,2
Sumitomo Chemical India Ltd Ordinary Shares,Basic Materials,2
Sundaram Fasteners Ltd,Consumer Cyclical,2
Sundaram Finance Holdings Ltd.,Finance,2
Sunflag Iron And Steel Company Limited,Industrial Products,2
Sunny Optical Tech,Electronic Components,2
Supreme Petrochem Ltd,Chemicals & Petrochemicals,2
Supriya Lifescience Ltd,Pharmaceuticals & Biotechnology,2
Synchrony Financial,Consumer Finance,2
Sysco Corp,Food Distributors,2
T ROWE PRICE GROUP I,Asset Management & Custody Banks,2
Taj GVK Hotels & Resorts Limited,Leisure Services,2
Tapestry Inc,"Apparel, Accessories and Luxury Goods",2
Targa Resources Corp,Oil & Gas Storage & Transportation,2
Target Corp,Consumer Staples Merchandise Retail,2
Tasty Bite Eatables Limited,Food Products,2
Tata Consultancy Services Ltd. $$,Software,2
Tata Elxsi Ltd,IT - Software,2
Tata Teleservices Maharashtra Ltd,Telecom - Services,2
Tatva Chintan Pharma Chem Ltd,Basic Materials,2
TE Connectivity plc,Electronic Manufacturing Services,2
Teamlease Services Limited,Commercial Services & Supplies,2
TEAMLEASE SERVICES LTD,Commercial Services & Supplies,2
Teledyne Technologies Inc,Electronic Equipment & Instruments,2
Texas Pacific Land Corporation,Oil & Gas Exploration & Production,2
Textron Inc,Aerospace & Defense,2
The Cigna Group,Health Care Services,2
The Hartford Insurance Group Inc,Property & Casualty Insurance,2
The Mosaic Company Ltd,Fertilizers & Agricultural Chemicals,2
The Trade Desk Inc,Advertising,2
Themis Medicare Limited,Pharmaceuticals & Biotechnology,2
Tinna Rubber & Infrastructure Ltd,Basic Materials,2
TKO Group Holdings,Movies & Entertainment,2
Trane Technologies Plc,Building Products,2
Transformers And Rectifiers India Ltd,Electrical Equipment,2
Travelers Cos Inc/The,Property & Casualty Insurance,2
Trimble Inc,Application Software,2
Truist Financial Corp,Regional Banks,2
Tube Investments Of India Ltd,Auto Components,2
TVS Motor Company Ltd. $$,Auto,2
Tvs Supply Chain Solutions Limited,Transport Services,2
TVS Supply Chain Solutions Ltd,Transport Services,2
UDR Inc,Multi-Family Residential REITs,2
UFLEX Limited,Industrial Products,2
Ugro Capital Limited,Finance,2
Unimech Aerospace and Manufacturing Limited,Aerospace & Defense,2
Union Pacific Ord,Rail Transportation,2
Uniparts India Limited,Auto Components,2
Uniparts India Ltd,Auto Components,2
United Foodbrands Ltd,Consumer Cyclical,2
UNITED PARCEL SERVICES INC,Air Freight & Logistics,2
United Rentals Inc,Trading Companies & Distributors,2
Unitedhealth Group Inc,Managed Health Care,2
Universal Health Services Inc,Health Care Facilities,2
Urban Co Ltd,Retailing,2
Utkarsh Small Finance Bank Ltd,Banks,2
V.S.T Tillers Tractors Ltd.,Auto,2
Valero Energy Corporation Ltd,Oil & Gas Refining & Marketing,2
Vanguard S&P 500 ETF,Miscellaneous,2
Vardhman Special Steels Limited,Industrial Products,2
Varroc Engineering Ltd Ordinary Shares,Consumer Cyclical,2
Venky's (India) Limited,Food Products,2
Ventas Inc,Health Care REITs,2
Ventive Hospitality Ltd,Consumer Cyclical,2
Veralto Corp,Environmental & Facilities Services,2
Viatris Inc,Pharmaceuticals,2
VICI Properties Inc,Other Specialized REITs,2
Vistra Corp,Independent Power Producers & Energy Traders,2
Vivmark Residential,Multi-Family Residential REITs,2
VRL Logistics Ltd,Industrials,2
Vulcan Materials Co,Construction Materials,2
Waters Corp,Life Sciences Tools & Services,2
Websol Energy System Limited,Electrical Equipment,2
WEC Energy Group Inc,Multi-Utilities,2
Welltower Inc,Health Care REITs,2
Westinghouse Air Brake Technologies Corp,Construction Machinery & Heavy Transportation,2
Weyerhaeuser Co,Timber REITs,2
Wheels India Ltd,Consumer Cyclical,2
Williams Cos Inc/The,Oil & Gas Storage & Transportation,2
Williams-Sonoma Inc,Homefurnishing Retail,2
WILLIS TOWERS WATSON PLC,Insurance Brokers,2
Wonderla Holidays Limited,Leisure Services,2
WPIL Limited,Industrial Products,2
WR Berkley Corp,Property & Casualty Insurance,2
WW Grainger Inc,Trading Companies & Distributors,2
WYNN RESORTS LTD,Casinos & Gaming,2
Xiaomi Corporation,"Technology Hardware, Storage & Peripherals",2
Xpro India Ltd,Industrial Products,2
Xylem Inc/NY,Industrial Machinery & Supplies & Components,2
Yes Bank Ltd. | Derivatives,Banks,2
Yum! Brands Inc,Restaurants,2
Zebra Technologies Corp,Electronic Equipment & Instruments,2
Zen Technologies Ltd,Aerospace & Defense,2
360 One Wam Ltd Ordinary Shares,Financial Services,1
ACC Ltd,Cement & Cement Products,1
Affirm Holdings Inc,Transaction & Payment Processing Services,1
AIA Group Ltd,Life & Health Insurance,1
Alibaba Group HoldingLtd.,Broadline Retail,1
Alibaba Health Information Technology Ltd,Drug Retail,1
Alibaba Health Information Technology Ltd.,Drug Retail,1
Alphabet Inc. Class C,Interactive Media & Services,1
Aluminum Corporation of China Ltd,Aluminum,1
Anta Sports Products Limited,"Apparel, Accessories and Luxury Goods",1
Anuh Pharma Ltd,Pharmaceuticals & Biotechnology,1
Apeejay Surrendra Park Hotels Ltd,Consumer Cyclical,1
Applied Matls Inc Com,Semiconductor Materials & Equipment,1
Argenx SE,Biotechnology,1
Arm Holdings Plc,Semiconductors,1
Arvind Ltd,Consumer Cyclical,1
AST SpaceMobile Inc,Alternative Carriers,1
Astera Labs Inc,Semiconductors,1
Atlassian Corporation Plc,Application Software,1
Bank of America Corp,Other Bank,1
Bank Of China Ltd,Diversified Banks,1
Bansal Wire Industries Ltd,Basic Materials,1
Barbeque-Nation Hospitality Ltd,Consumer Cyclical,1
BeOne Medicines Ltd,Biotechnology,1
Bharat Coking Coal Ltd.,Consumable Fuels,1
Bilibili Inc,Interactive Home Entertainment,1
Biontech SE,Biotechnology,1
Birlasoft LTD,IT - Software,1
Black Box Ltd,Technology,1
BOC Hong Kong Holdings Ltd,Diversified Banks,1
Budweiser Brewing Company APAC Limited,Brewers,1
BYD Co Ltd.,Automobiles & Components,1
BYD Company Limited - H shares,Automobile Manufacturers,1
BYD Electronic International Co Ltd,Electronic Manufacturing Services,1
BYD Electronic International Co. Ltd.,Communications Equipment,1
Capacit'e Infraprojects Ltd,Industrials,1
Chemtech Industrial Valves Ltd,Industrials,1
Cheveron Corporation,Integrated Oil & Gas,1
China Construct BK-H,Diversified Banks,1
China Hongqiao Group Limited,Aluminum,1
China Life Insurance Co Ltd,Life & Health Insurance,1
China Mengniu Dairy Co,Packaged Foods & Meats,1
China Merchants Bank Co. Ltd. - H Shares,Diversified Banks,1
China Mobile Ltd,Wireless Telecommunication Services,1
China Molybdenum-H,Diversified Metals & Mining,1
China Overseas Land & Investment Ltd,Real Estate Development,1
China Petroleum -H-,Integrated Oil & Gas,1
China Resources Beer (Holdings) Company Limited,Brewers,1
China Resources Land Ltd,Real Estate Development,1
China Resources Mixc Lifestyle Services Limited,Real Estate Operating Companies,1
China Resources Power Holdings Co Limited,Independent Power Producers & Energy Traders,1
China Shenhua - H,Coal & Consumable Fuels,1
China Telecom Corp Ltd,Integrated Telecommunication Services,1
China Unicom Hong Kong Ltd,Integrated Telecommunication Services,1
Chow Tai Fook Jewellery Group Limited,Other Specialty Retail,1
CISCO SYS INC,Communications Equipment,1
Citic Ltd,Industrial Conglomerates,1
CK Asset Holdings Limited,Real Estate Development,1
CK Hutchison Holdings Limited,Industrial Conglomerates,1
CK Infrastructure Holdings Ltd,Electric Utilities,1
CLP Holdings Ltd,Electric Utilities,1
Cnooc Ltd,Oil & Gas Exploration & Production,1
Coca-Cola Europacific Partners,Soft Drinks & Non-alcoholic Beverages,1
Contemporary Amperex Technology Co. Limited,Electrical Components & Equipment,1
CoreWeave Inc,Internet Services & Infrastructure,1
Credo Technology Group Holding Limited,Semiconductors,1
CSPC Pharmaceutical Group Limited,Pharmaceuticals,1
DCX Systems Ltd.,Aerospace & Defense,1
E I D Parry India Ltd,Basic Materials,1
Elbit Systems Ltd,Aerospace & Defense,1
ENN Energy Holdings Limited,Gas Utilities,1
EPL Ltd Ordinary Shares,Consumer Cyclical,1
Ethos Ltd,Consumer Cyclical,1
Exicom Tele-Systems Ltd,Industrials,1
Exxon Mobil Corporation Ltd.,Integrated Oil & Gas,1
FTAI Aviation Limited,Aerospace & Defense,1
Galaxy Entertainment Group Ltd,Casinos & Gaming,1
Geely Auto,Automobile Manufacturers,1
GlobalFoundries Inc,Semiconductors,1
Gold,Gold,1
Gold (995 Purity) ^,Gold,1
Gold - Mumbai,Precious Metals,1
Gold Commodity,OTHERS,1
Gold Commodity - 995 Fineness,OTHERS,1
GOLD PHYSICAL - -PURITY 995,Precious Metals,1
Goldman Sachs Group Inc.,Financial Services,1
Gujarat State Fertilizers & Chemicals Ltd,Basic Materials,1
Haidilao International Holding Ltd,Restaurants,1
Haier Smart Home Co Ltd,Household Appliances,1
Haier Smart Home Co Ltd.,Home appliances,1
Hang Lung Properties Ltd,Real Estate Operating Companies,1
Hansoh Pharmaceutical Group Company Limited,Pharmaceuticals,1
Henderson Land Development Co Limited,Real Estate Development,1
Hengan International Group Co Ltd,Personal Care Products,1
Hi-Tech Pipes Ltd,Basic Materials,1
Hong Kong Exchanges and Clearing Ltd,Financial Exchanges & Data,1
Horizon Robotics Inc,software and services,1
Housing & Urban Development Corporation Ltd,Finance,1
HSBC HOLDINGS PLC,Diversified Banks,1
Hua Hong Semiconductor Ltd.,Semiconductors,1
Illumina Inc,Life Sciences Tools & Services,1
INDIA CEMENTS LIMITED,Cement & Cement Products,1
Indoco Remedies Ltd,Healthcare,1
IndusInd Bank Ltd. $$,Banks,1
Industrial and Commercial Bank of China Ltd,Diversified Banks,1
Innovent Biologics Inc,Biotechnology,1
Insmed Inc,Biotechnology,1
Insolation Energy Ltd,Technology,1
Intel Corporation,Semiconductors & Semiconductor,1
International Business Machines Corp,software and services,1
IREN Limited,Application Software,1
ITI LTD,Telecom - Equipment & Accessories,1
J&T Global Express Limited,Air Freight & Logistics,1
JD Logistics Inc,Air Freight & Logistics,1
Jpmorgan Chase & Co.,Diversified Banks,1
Just Dial Ltd,Communication Services,1
Karnataka Bank Limited,Banks,1
Kennametal India Ltd,Industrials,1
Keystone Realtors Ltd,Real Estate,1
Kirloskar Brothers Investment Ltd,Industrial Products,1
Knowledge Atlas Technology JSC Ltd.,Software & Services,1
Kovai Medical Center & Hospital Ltd.,Healthcare Services,1
Krishna Institute of Medical Sciences Limited,Healthcare Services,1
Krystal Integrated Services Ltd,Industrials,1
Laopu Gold Co. Ltd,"Apparel, Accessories and Luxury Goods",1
LATENT VIEW ANALYTICS LTD,IT - Software,1
Lenovo Group Ltd,"Technology Hardware, Storage & Peripherals",1
Lenovo Group Ltd.,"Technology Hardware, Storage & Peripherals",1
Li Ning Company Limited,"Apparel, Accessories and Luxury Goods",1
Liberty Media Formula One Ser A,Movies & Entertainment,1
Liberty Media Formula One Ser C,Movies & Entertainment,1
Link REIT NPV,Retail REITs,1
Longfor Group Holdings Ltd,Real Estate Development,1
Lt Foods Limited,Agricultural Food & other Products,1
MACOM Technology Solutions Holdings Inc,Semiconductors,1
Man Infraconstruction Ltd,Industrials,1
Marathon Nextgen Realty Ltd,Real Estate,1
Mastercard Incorporated Class A,Transaction & Payment Processing Services,1
Mcdonald'S Corporation,Restaurants,1
Medline Inc,Health Care Supplies,1
Microstrategy Inc,Application Software,1
Midea Group Co Ltd,Household Appliances,1
Midea Group Co Ltd.,Home appliances,1
Minimax Group Inc,Software & Services,1
MKS Inc,Semiconductor Materials & Equipment,1
MMTC LIMITED,Commercial Services & Supplies,1
MongoDB Inc,Internet Services & Infrastructure,1
MTR Corp Limited,Rail Transportation,1
Natera Inc,Biotechnology,1
Nebius Group N.V.,Systems Software,1
New Oriental Education & Technology Group Inc,Education Services,1
Nextpower Inc,Electrical Components & Equipment,1
Nio Inc,Automobile Manufacturers,1
Nitin Spinners Ltd,Consumer Cyclical,1
Nongfu Spring Co. Limited,Soft Drinks & Non-alcoholic Beverages,1
Nuvoco Vista Corp Ltd,Basic Materials,1
Orchid Pharma Ltd,Healthcare,1
Orient Overseas (International) Limited,Marine Transportation,1
Oswal Pumps Ltd,Industrials,1
Pace Digitek Ltd,Technology,1
Park Medi World Ltd,Healthcare,1
Petrochina Company Ltd,Integrated Oil & Gas,1
PINDUODUO INC-ADR,Broadline Retail,1
Ping An Insurance Group Co Of China Ltd,Life & Health Insurance,1
Pitti Engineering Ltd,Industrials,1
Pokarna Ltd,Industrials,1
Pop Mart International Group Limited,Other Specialty Retail,1
Power Assets Holdings Ltd,Electric Utilities,1
Prime Securities Ltd,Financial Services,1
PUNJAB & SIND BANK,Banks,1
RAILTEL CORPORATION OF INDIA LTD,Telecom - Services,1
Revolution Medicines Inc,Biotechnology,1
Rocket Lab Corporation,Aerospace & Defense,1
Royalty Pharma PLC,Pharmaceuticals,1
S.P. Apparels Ltd,Consumer Cyclical,1
SAGILITY LTD,IT - Services,1
Sai Silks (Kalamandir) Ltd,Consumer Cyclical,1
Sands China Ltd,Casinos & Gaming,1
SenseTime Group Inc,Application Software,1
Shenzhou International Group Holdings Ltd,"Apparel, Accessories and Luxury Goods",1
Silver,Silver,1
Silver ^,Silver,1
Silver Commodity,OTHERS,1
SILVER PHYSICAL -PURITY 999,Precious Metals,1
Sino Biopharmaceutical Ltd,Pharmaceuticals,1
Sinopharm Group Co Ltd,Health Care Distributors,1
SJVN Ltd,Power,1
SMS Pharmaceuticals Ltd,Healthcare,1
Space Exploration Technologies Corporation,Alternative Carriers,1
Steel Authority Of India Ltd,Basic Materials,1
Sterling Infrastructure Inc,Construction & Engineering,1
Sula Vineyards Ltd,Consumer Defensive,1
Sun Hung Kai Properties,Diversified Real Estate Activities,1
Suven Life Sciences Ltd,Healthcare,1
Symbotic Inc,Industrial Machinery & Supplies & Components,1
Tata Investment Corporation Ltd,Finance,1
Tata Motors Ltd Class A,Consumer Cyclical,1
TATA TELE SERVICES(MAHARASHTRA)LTD,Telecom - Services,1
Techtronic Industries Co Ltd.,Industrial Machinery & Supplies & Components,1
TEJAS NETWORKS LTD,Telecom - Equipment & Accessories,1
Tencent Holdings Ltd.,Interactive Media & Services,1
Tencent Music Entertainment Gr,media and entertainment,1
The Bombay Burmah Trading Corporation Limited,Food Products,1
The Hong Kong China Gas Company Limited,Gas Utilities,1
The New India Assurance Co Ltd,Insurance,1
Themis Medicare Ltd,Pharmaceuticals & Biotechnology,1
Tingyi (Cayman Islands) Holdings Corp,Packaged Foods & Meats,1
Tongcheng-Elong Holdings Ltd.,"Hotels, Resorts & Cruise Lines",1
Tower Semiconductor Ltd,Semiconductors,1
Trip.com Group Ltd,"Hotels, Resorts & Cruise Lines",1
Trip.com Group Ltd.,"Hotels, Resorts & Cruise Lines",1
Tvs Motor Company Limited,Consumer Cyclical,1
TVS Srichakra Ltd,Consumer Cyclical,1
Unimech Aerospace and Manufacturing Ltd.,Aerospace & Defense,1
United Therapeutics Corp,Biotechnology,1
Uti Asset Management Company Limited,Capital Markets,1
Viyash Scientific Ltd,Healthcare,1
Welspun Enterprises Ltd,Industrials,1
WH Group Limited,Packaged Foods & Meats,1
Wharf Real Estate Investment Company Ltd,Real Estate Operating Companies,1
WuXi AppTec Co.Limited,Life Sciences Tools & Services,1
WuXi Biologics (Cayman) Inc.,Life Sciences Tools & Services,1
Xinyi Glass Holdings Ltd,Building Products,1
Xinyi Solar Holdings Limited,Semiconductor Materials & Equipment,1
XPeng Inc,Automobile Manufacturers,1
Yes Bank Ltd. $$,Banks,1
Zhejiang Leapmotor Technology Co. Ltd.,Automobiles,1
Zijin Mining Group Co Ltd,Diversified Metals & Mining,1
Zomato Ltd,Consumer Cyclical,1
Zoom Video Communications Inc,Application Software,1
Zscaler Inc,Systems Software,1
ZTO Express (Cayman) Inc,Air Freight & Logistics,1
