date,gold_inr_10g,silver_inr_kg,gold_inr_gram,silver_inr_gram,gold_usd_oz,silver_usd_oz,usd_inr,gold_1d_pct,silver_1d_pct,usd_inr_1d_pct,gold_7d_pct,silver_7d_pct,gold_30d_pct,silver_30d_pct,gold_20d_ma,silver_20d_ma
2024-01-01,55494.642069569534,63521.481202934156,5549.464206956954,63.521481202934154,2073.39990234375,23.732999801635742,83.24859619140625,,,,,,,,,
2024-01-02,55463.979433151144,63486.38347078838,5546.397943315114,63.48638347078838,2073.39990234375,23.732999801635742,83.20259857177734,-0.05525332766350699,-0.05525332766351809,-0.05525332766350699,,,,,,
2024-01-03,54681.15750828398,61421.27293272011,5468.115750828398,61.42127293272011,2042.800048828125,22.945999145507812,83.25700378417969,-1.4114059843302051,-3.2528400976226335,0.06538883801257,,,,,,
2024-01-04,54914.15189634079,61581.53441665225,5491.415189634079,61.58153441665225,2050.0,22.98900032043457,83.31809997558594,0.4260962983848815,0.26092178862473503,0.07338264485787782,,,,,,
2024-01-05,54857.72161186082,61880.1929292832,5485.772161186082,61.8801929292832,2049.800048828125,23.121999740600586,83.2406005859375,-0.10276091413828903,0.48498062846284995,-0.09301627097970666,,,,,,
2024-01-08,54389.129910526215,61838.049135802336,5438.912991052622,61.838049135802336,2033.5,23.1200008392334,83.19110107421875,-0.8541946102867182,-0.06810546555506836,-0.05946558694953641,,,,,,
2024-01-09,54283.9852762377,61156.92879101828,5428.39852762377,61.15692879101828,2033.0,22.90399932861328,83.05069732666016,-0.19331920635885513,-1.101458332374372,-0.16877255589312634,,,,,,
2024-01-10,54197.560244493405,61162.687688472215,5419.756024449341,61.16268768847222,2027.800048828125,22.884000778198242,83.131103515625,-0.1592090766816323,0.00941659034843223,0.09681579029805487,-2.33731001174865,-3.7133792691738776,,,,
2024-01-11,53899.209312316685,60158.80274419935,5389.920931231669,60.15880274419935,2019.199951171875,22.53700065612793,83.02559661865234,-0.5504877541181119,-1.6413355629270043,-0.1269162714203853,-2.8212366599486893,-5.241408542542247,,,,
2024-01-12,54797.39212288265,61864.748093659306,5479.739212288265,61.86474809365931,2051.60009765625,23.16200065612793,83.07610321044922,1.6664118491265478,2.8357368691557694,0.060832555084022744,0.21256794825725844,0.7220220939168298,,,,
2024-01-15,54662.83118418674,61712.83249597902,5466.283118418674,61.71283249597902,2051.60009765625,23.16200065612793,82.87210083007812,-0.2455608441988666,-0.2455608441988555,-0.2455608441988555,-0.4576611009643794,0.21321014581809905,,,,
2024-01-16,54084.354179569185,61093.31862700556,5408.435417956918,61.09331862700556,2030.199951171875,22.933000564575195,82.8593978881836,-1.0582638917263076,-1.0038655558612164,-0.015328369580702716,-1.4097695084084982,-1.2716093228359537,,,,
2024-01-17,53601.10489454379,60148.64280498667,5360.110489454379,60.14864280498667,2006.5,22.516000747680664,83.08899688720703,-0.8935103180134685,-1.5462833633026807,0.2770946988213341,-1.4488649060552805,-2.731985168396178,,,,
2024-01-18,54062.0681213636,60616.586021312796,5406.20681213636,60.6165860213128,2021.5999755859375,22.66699981689453,83.17759704589844,0.8599882926419555,0.7779780133082781,0.10663284190526312,-0.4088077795777467,-0.8835348347068117,,,,
2024-01-19,54256.894879951105,60347.52370308576,5425.6894879951105,60.34752370308576,2029.300048828125,22.570999145507812,83.16059875488281,0.3603760739417927,-0.44387573746306197,-0.02043614100349922,0.10947842520960815,-1.3327798633350318,,,,
2024-01-22,54043.723254396245,59231.08857586324,5404.372325439625,59.23108857586324,2022.199951171875,22.163000106811523,83.12470245361328,-0.39289315399734237,-1.8500098408601784,-0.043165034652214995,0.268118853547894,-1.5421087621720564,,,,
2024-01-23,54120.65652204999,59666.83255058213,5412.065652204999,59.66683255058213,2025.800048828125,22.333999633789062,83.09510040283203,0.1423537517790896,0.7356676792471539,-0.03561161713363514,-1.234977750975974,-3.5527753863147993,,,,
2024-01-24,53940.70194692933,60883.95969908424,5394.070194692933,60.883959699084244,2016.0,22.7549991607666,83.22139739990234,-0.3325062678190993,2.039872231310924,0.1519909073556036,-1.3210608042312888,-1.3431125478623684,,,,
2024-01-25,53908.55438920068,60934.994012831135,5390.855438920068,60.93499401283113,2017.800048828125,22.808000564575195,83.09760284423828,-0.059597959552470936,0.0838222645161979,-0.14875327683959716,-0.3250474061034736,-0.2591520934409286,,,,
2024-01-26,53926.65216471119,60828.87498385745,5392.665216471119,60.82887498385745,2017.300048828125,22.7549991607666,83.14610290527344,0.03357124989820104,-0.17415120932208206,0.058365174656205276,0.6073517902436709,1.130918582944962,,,54379.323546128246,61176.83674400589
2024-01-29,54127.0301107052,61834.26651695737,5412.70301107052,61.83426651695736,2025.4000244140625,23.13800048828125,83.12129974365234,0.37157497814250817,1.6528195423090253,-0.029830816784459646,0.12016186505439119,2.0088239466611313,,,54310.942948185024,61092.47600970704
2024-01-30,54310.81606301616,61775.04532752212,5431.0816063016155,61.77504532752212,2031.5,23.10700035095215,83.1530990600586,0.33954560583697724,-0.09577406310625758,0.0382565196938911,0.09938125501718353,2.365501576269935,,,54253.28477967827,61006.90910254372
2024-01-31,54734.044278948146,61593.172593021416,5473.404427894815,61.593172593021414,2048.39990234375,23.051000595092773,83.10970306396484,0.7792705884605455,-0.29441133314664913,-0.05218806825516564,1.2773380199998519,3.9879125539501237,,,54255.92911821148,61015.504085558794
2024-02-01,55303.24243840606,61762.53637550225,5530.324243840606,61.76253637550225,2071.10009765625,23.1299991607666,83.05359649658203,1.0399344082031137,0.27497168168282293,-0.06750904565214766,2.185091594138844,3.5123430142592227,,,54275.383645314745,61024.554183501285
2024-02-02,54755.42271337414,60525.047098727766,5475.542271337414,60.52504709872777,2053.699951171875,22.701000213623047,82.92759704589844,-0.9905743332175421,-2.0036244451666074,-0.15170860263562513,1.5104007494125327,-0.5895027230987893,,,54270.268700390414,60956.796891973514
2024-02-05,54514.57057240044,59600.70827128247,5451.4570572400435,59.60070827128247,2042.9000244140625,22.334999084472656,82.99929809570312,-0.43986901942932866,-1.5272005091338858,0.08646223013673016,1.124155878535582,-2.1896871627946735,,,54276.54073348412,60844.929848747524
2024-02-06,54810.245348548306,59830.645572907946,5481.024534854831,59.83064557290795,2051.39990234375,22.39299964904785,83.10369873046875,0.5423775204377534,0.38579625694861175,0.12578496103092807,1.6385092498201193,-1.641045327921009,,,54302.85373709966,60778.615687842015
2024-02-07,54796.43064300809,59499.67852164031,5479.643064300809,59.499678521640305,2051.699951171875,22.277999877929688,83.07060241699219,-0.025204604453721302,-0.5531731240712268,-0.03982531942881007,1.2367213403982724,-3.7755570282002493,,,54332.79725702539,60695.46522950041
2024-02-08,54656.75569308024,60224.11771576047,5465.675569308024,60.22411771576047,2047.9000244140625,22.565000534057617,83.01260375976562,-0.25489789807262575,1.2175514424950684,-0.06981851044660647,0.6369626809928475,-2.5106053804394124,,,54370.67457606357,60698.73097807848
2024-02-09,54393.31570164716,60105.588798515244,5439.331570164716,60.10558879851524,2038.699951171875,22.527999877929688,82.98529815673828,-0.4819898072845774,-0.19681304059055993,-0.03289332196634298,-0.6225167202417725,-2.4151764422583377,,,54350.470755001785,60610.773013321275
2024-02-12,54260.328084227214,60609.82639419528,5426.032808422721,60.60982639419528,2033.0,22.708999633789062,83.0145034790039,-0.2444925735901049,0.8389196508336916,0.0351933690838413,-1.8858105025946537,-1.866357907160332,-2.224203885836318,-4.583732547792629,54330.34560000382,60555.622708232084
2024-02-13,53556.04419652558,58956.47754636253,5355.604419652558,58.95647754636253,2007.199951171875,22.09600067138672,82.99019622802734,-1.29797204065627,-2.7278561022096914,-0.029280728014846602,-2.190428741874373,-2.5916040177657473,-3.4399537431769267,-7.1352401519456095,54303.930100851634,60448.78065419992
2024-02-14,53533.05881121782,59644.09887239307,5353.3058811217825,59.64409887239307,2004.300048828125,22.33099937438965,83.07460021972656,-0.04291837765950657,1.166320232564444,0.1017035692593149,-1.8004576590749721,0.07280215683529434,-2.099623982707799,-2.893417826546396,54300.52779668533,60423.55345757025
2024-02-15,53795.767646700544,61172.695850085285,5379.576764670054,61.17269585008528,2014.9000244140625,22.91200065612793,83.04309844970703,0.4907413125955662,2.5628637310165514,-0.03791985749701521,-1.8508906416975779,2.2430817256383406,-2.036604793153085,-0.6638979857189309,54287.21277295218,60451.35894900888
2024-02-16,54019.59591748812,62554.48245992387,5401.959591748812,62.55448245992387,2024.0999755859375,23.43899917602539,83.00959777832031,0.41607040958602237,2.2588290259839106,-0.04034130711898509,-1.4176739550445405,5.134152005833981,-1.527817178232005,1.089669405865057,54275.347824829034,60561.70688685078
2024-02-19,54023.76149342838,62559.30618069898,5402.376149342837,62.55930618069898,2024.0999755859375,23.43899917602539,83.01599884033203,0.007711231210660863,0.007711231210638658,0.007711231210660863,-1.1581261851807967,3.8774971780572765,-0.6717673507535271,1.1663644875223866,54274.34973678064,60728.117767092575
2024-02-20,54446.082840562114,61674.24301479301,5444.608284056211,61.674243014793014,2039.800048828125,23.106000900268555,83.02100372314453,0.7817325848092027,-1.4147586025802683,0.006028817194780878,0.09701033708697793,2.609830878682806,0.2986102871768592,0.8458799910349812,54290.62105270624,60828.48829030311
2024-02-21,54173.765343488376,60852.611367938705,5417.376534348838,60.85261136793871,2034.300048828125,22.85099983215332,82.8291015625,-0.5001599433171022,-1.3322119683856215,-0.2311489286307311,-0.15953228407404874,0.40057031703801815,-0.04390400766692837,-0.5069697429139541,54302.27422253419,60826.92087374583
2024-02-22,54149.253621584656,60703.587693195295,5414.925362158466,60.703587693195296,2030.699951171875,22.764999389648438,82.93840026855469,-0.04524648000430176,-0.24489281789791262,0.1319568895386647,1.1076423472993424,2.9633896384987812,0.46391090418247405,0.9055781101768634,54314.309184153404,60815.350557764046
2024-02-23,54604.33988391745,61198.7476851438,5460.433988391745,61.1987476851438,2049.39990234375,22.9689998626709,82.87229919433594,0.8404294277315483,0.8157013625802678,-0.07969899829839422,2.0011579694660275,2.6065425451004876,-0.3523018732940475,-1.0765426661193622,54348.193570113704,60833.84419282836
2024-02-26,54330.80701080581,60001.31333517321,5433.080701080581,60.00131333517321,2038.9000244140625,22.517000198364258,82.88179779052734,-0.5009361411439817,-1.9566321130150666,0.011461726395611826,0.994575200820802,-1.9148780328118287,-0.60740390899654,-2.7733602422434944,54358.382415118744,60742.19653373916
2024-02-27,54449.78608066149,59995.723574752155,5444.978608066149,59.995723574752155,2044.0999755859375,22.523000717163086,82.85199737548828,0.21899006549270794,-0.009316063449860135,-0.03595531930229434,0.7963594615377323,-4.090448493137178,0.675670268482853,-1.7965877070037384,54365.33091600101,60653.23044610066
2024-02-28,54475.670950977445,59764.02833899894,5447.567095097745,59.76402833899894,2042.699951171875,22.40999984741211,82.94819641113281,0.04753897522684625,-0.38618625119927197,0.11610949487259603,0.8365012821331286,-4.468204672260967,1.6316194566404985,-0.6394399741233125,54352.41224960247,60561.77323339953
2024-02-29,54771.71729856974,60420.2946342279,5477.171729856974,60.4202946342279,2054.699951171875,22.666000366210938,82.91190338134766,0.5434469046901924,1.0980958169459765,-0.04375385042161284,0.598086108345397,-2.033180010436997,1.3126563630770693,-0.3238245502903747,54325.83599261065,60494.66114633581
2024-03-01,55863.63324188678,61709.362903608286,5586.363324188678,61.70936290360829,2095.699951171875,23.149999618530273,82.910400390625,1.9935762418491043,2.133502124053077,-0.0018127562646186313,3.1193473218702916,1.4079125224212952,2.9613533275185455,2.256661279463379,54381.246519036285,60553.876936579836
2024-03-04,56635.36179458562,63336.88563057931,5663.5361794585615,63.33688563057931,2126.300048828125,23.77899932861328,82.84609985351562,1.38145070041773,2.6373999833919193,-0.07755424748454587,4.591214110493236,4.337960963185705,4.795447804345265,6.931827784082256,54487.286080145546,60740.68580454468
2024-03-05,57095.22188791226,63343.47296605097,5709.522188791226,63.34347296605097,2141.89990234375,23.76300048828125,82.9104995727539,0.8119663735786542,0.010400472656768578,0.07773415930520944,4.561692366009984,3.5045247852805606,5.496173840112895,6.16195004544946,54601.534907113746,60916.327174201826
2024-03-06,57511.891871059845,64680.22584648824,5751.189187105984,64.68022584648824,2158.199951171875,24.27199935913086,82.88480377197266,0.729780828184845,2.110324580961498,-0.03099221559834664,5.855029651264609,7.798016828695342,6.620584818573749,6.235248440093,54737.30796851633,61175.354540444234
2024-03-07,57652.68982207721,64889.900749704706,5765.268982207721,64.88990074970471,2165.199951171875,24.3700008392334,82.81909942626953,0.24481537024210187,0.32417156939759106,-0.0792718842453799,5.882307299923939,8.157543376995214,6.94534564189051,6.4903702723607015,54887.10467496618,61408.643692141435
2024-03-08,58146.27896729737,64755.08234262978,5814.627896729737,64.75508234262978,2185.5,24.339000701904297,82.7522964477539,0.856142439742924,-0.2077648532626819,-0.08066131964534762,6.738068484962945,8.351267714619448,7.824752016308989,6.454512531777468,55074.75283824869,61641.11836934716
2024-03-11,58228.618977669765,65215.19665765912,5822.861897766977,65.21519665765912,2188.60009765625,24.511999130249023,82.7520980834961,0.1416083915166899,0.7105454867539329,-0.00023970846287912906,6.311472142193164,7.935913011445206,7.577709064354066,5.467729029784119,55273.16738292082,61871.38688252036
2024-03-12,57648.24276321092,64389.52664267604,5764.824276321092,64.38952664267605,2166.10009765625,24.194000244140625,82.7782974243164,-0.996719868423146,-1.2660699611431903,0.031660032104419145,3.1945819091230065,4.343204358233677,6.1450498116662144,4.232261265519632,55477.777311255086,62143.03933733604
2024-03-13,58079.29046198695,66471.06368832018,5807.929046198695,66.47106368832019,2180.800048828125,24.958999633789062,82.83509826660156,0.7477204475192067,3.232726118947027,0.06861803643289921,2.5495178659552087,4.948424644718674,6.111819850164912,7.919532133097884,55705.088893793545,62484.38757813239
2024-03-14,57722.2962596362,66241.49614163762,5772.22962596362,66.24149614163761,2167.5,24.874000549316406,82.83110046386719,-0.6146669484270118,-0.34536463529303285,-0.0048262183760638955,1.098295708448238,4.575093596683355,4.374162733630604,7.251903870826015,55901.41532444032,62737.82759271001
2024-03-15,57655.97959399724,67218.6319572867,5765.597959399724,67.2186319572867,2161.5,25.200000762939453,82.9655990600586,-0.11488916750758138,1.4751113313621111,0.16237692779426105,0.25053552969607207,3.9245473830334276,5.297296115868777,11.059198099656896,56083.23450826578,62971.03506757815
2024-03-18,57677.298621268485,66866.00952615625,5767.729862126848,66.86600952615625,2164.300048828125,25.090999603271484,82.88890075683594,0.03697626407768162,-0.5245903120351003,-0.09244591022253834,0.042684563837736,3.0453256263618833,5.801619669126157,12.189957914265982,56265.91136465778,63186.370234851005
2024-03-19,57537.14212171039,66507.25974839994,5753.714212171039,66.50725974839995,2159.699951171875,24.964000701904297,82.86360168457031,-0.2430011510740404,-0.5365203939917795,-0.030521664583105235,-1.0475938553687447,2.705853104315592,4.975158851819139,11.159187923780722,56420.46432871519,63428.02107153136
2024-03-20,57695.99973937041,66567.9960238525,5769.599973937041,66.5679960238525,2161.0,24.933000564575195,83.04239654541016,0.2760957736204217,0.09132277541177292,0.21577008144111343,-0.9147035386561586,2.0743621663747547,5.291529142203899,11.879589399195511,56596.57604850931,63713.79030432705
2024-03-21,58337.33300790634,66353.47986507096,5833.733300790634,66.35347986507095,2184.699951171875,24.849000930786133,83.05460357666016,1.111573196465998,-0.322251189152023,0.014699757904179656,1.1953360790646128,3.0501128441178027,6.73398424065641,10.177587288599588,56805.98001782539,63996.284912920826
2024-03-22,57797.222655655314,66070.78653622976,5779.722265565531,66.07078653622976,2160.0,24.691999435424805,83.22660064697266,-0.9258399799967232,-0.42604145165566765,0.20708914726652594,-0.4856598696160952,-0.6021825586653762,6.257950834766035,9.92453090795089,56965.624156412276,64239.886855475124
2024-03-25,58492.84901946319,66504.57926032196,5849.284901946319,66.50457926032196,2176.39990234375,24.7450008392334,83.59359741210938,1.2035636521019022,0.656557529936963,0.44096089745804257,1.3349308841786645,0.3971575734367683,7.800396873137072,9.725737915479705,57173.72625684515,64565.05015173256
2024-03-26,58391.01295760991,65661.73023699547,5839.101295760991,65.66173023699547,2177.199951171875,24.482999801635742,83.41739654541016,-0.17410002002020697,-1.267354868944115,-0.21078272996263303,1.2748605934521429,-2.3161758502918572,9.027867598552008,11.373224740843835,57370.78760069256,64848.35048484474
2024-03-27,58699.75737089909,65985.64141419188,5869.975737089909,65.98564141419187,2190.60009765625,24.625,83.34549713134766,0.5287533092007024,0.49330283565069966,-0.08619234960582922,1.7727230194057197,-1.316615300065116,9.651416665543856,10.6323050589906,57581.99192168865,65159.43113860438
2024-03-28,59431.79256474938,66462.08522279188,5943.1792564749385,66.46208522279188,2217.39990234375,24.797000885009766,83.36499786376953,1.2470838494695435,0.7220416417707654,0.023397463681984476,3.292917189093547,-0.06792420222838658,10.476706931785017,8.646650763388287,57814.99568499763,65461.52066803258
2024-03-29,59451.7539751686,66484.40790402354,5945.175397516859,66.48440790402354,2217.39990234375,24.797000885009766,83.39299774169922,0.03358709128193915,0.03358709128193915,0.03358709128193915,3.043112596591513,-0.12556802791390265,10.055902798639572,6.282404217183646,57994.40172166172,65700.27291805335
2024-04-01,60495.71187856453,66882.72373923929,6049.5711878564525,66.88272373923928,2257.10009765625,24.95400047302246,83.36479949951172,1.7559749437030314,0.5991116530521756,-0.0338136809457823,3.6998243823824994,0.7976128384593162,11.979821852877492,6.910910338507215,58187.41922586066,65877.56482348633
2024-04-02,61190.668587520326,69198.17822469759,6119.066858752032,69.19817822469759,2281.800048828125,25.804000854492188,83.40969848632812,1.1487701977138665,3.4619620075368784,0.05385844755336766,5.871295844235469,4.733395578321042,12.387641856088717,12.199477191961506,58392.19156084107,66170.30008641866
2024-04-03,62036.779421882486,72206.52279008644,6203.677942188248,72.20652279008644,2315.0,26.94499969482422,83.35030364990234,1.3827448758007455,4.347433187648764,-0.07120854948962085,6.0587413022745285,8.57376077434473,14.514431530721051,18.658051260113616,58618.43593838221,66546.61493359858
2024-04-04,61879.66096511358,72749.142769107,6187.966096511358,72.749142769107,2308.5,27.139999389648438,83.37329864501953,-0.25326662382071374,0.7514833259566034,0.02758837593894725,5.974631764029037,10.793825423927528,14.27611061373426,19.84323420353946,58829.784495534026,66939.57703456869
2024-04-05,62947.5674437928,73538.13403947794,6294.7567443792805,73.53813403947794,2345.39990234375,27.399999618530273,83.47779846191406,1.7257794597182574,1.0845368623449758,0.12533966940597718,7.236503629910396,11.445660697422122,15.279422070868542,20.1628085885319,59069.84891935879,67378.7296194111
2024-04-08,62961.05577429677,74214.23951052089,6296.105577429677,74.21423951052088,2351.0,27.711999893188477,83.29679870605469,0.021427882048041802,0.9193943793569526,-0.21682382524972343,5.938342185627921,11.664025077971152,15.884632013241596,23.68769179426604,59306.47075919014,67828.68176205418
2024-04-09,63245.6930687369,74669.2239073352,6324.56930687369,74.6692239073352,2362.39990234375,27.891000747680664,83.26959991455078,0.45208469098818593,0.6130688663188444,-0.0326528653278646,6.381542746666358,12.310880492652053,16.154162616993982,24.45757707097318,59586.343274466446,68342.66662528715
2024-04-10,62836.6825978768,74815.89946291833,6283.668259787681,74.81589946291832,2348.39990234375,27.961000442504883,83.22429656982422,-0.6467009072310681,0.19643374861531004,-0.05440562314824593,3.8696473627939154,11.861322745480152,15.348157261657992,25.18550295596007,59824.21288126094,68759.90841401706
2024-04-11,63630.60406016605,75561.8483061822,6363.060406016605,75.5618483061822,2372.699951171875,28.176000595092773,83.4126968383789,1.263468135913448,0.9970458801121573,0.22637652262595953,3.9874306474620536,9.196297134905418,16.174199383424572,25.06037708623927,60119.62827128744,69225.9260222443
2024-04-12,63619.76006682296,75716.11108861212,6361.9760066822955,75.71611108861212,2374.10009765625,28.2549991607666,83.34929656982422,-0.017042103408038134,0.2041543264066581,-0.07600793519184634,2.5516808894533005,4.86048650857831,13.884035775747927,22.69793030740368,60417.81729492871,69650.79997881055
2024-04-15,64058.835215637366,77018.4485160785,6405.883521563736,77.0184485160785,2383.0,28.650999069213867,83.61109924316406,0.6901553045048026,1.7200268327862478,0.314103038794733,3.521632498523797,5.868530658184556,13.10748830028916,21.601256123167634,60736.89412464716,70158.42192830666
2024-04-16,64644.13744947542,76027.60604966093,6464.413744947542,76.02760604966093,2407.800048828125,28.31800079345703,83.50599670410156,0.9136947805369555,-1.2865001639324358,-0.1257040512729457,2.6952113871556937,3.3852803619500937,13.221624002763278,20.024372661739022,61092.24389103542,70634.43924336972
2024-04-17,64247.30525529081,76249.96785982749,6424.730525529081,76.24996785982749,2388.39990234375,28.34600067138672,83.6675033569336,-0.6138718990484904,0.29247509124687987,0.19340725122332092,2.0429287043803646,2.7430427943925917,11.711340324765507,17.887602991366826,61419.80916683143,71118.53783516846
2024-04-18,64450.26555117952,76138.9325807251,6445.026555117952,76.1389325807251,2398.0,28.32900047302246,83.5958023071289,0.3159047606467347,-0.14562009954746102,-0.08569760890175804,1.9045921137008648,1.9682924188602957,11.790561290514635,17.335566399477955,61725.45579399508,71607.81047095117
2024-04-19,64835.49152921252,77379.27080931384,6483.549152921252,77.37927080931384,2413.800048828125,28.808000564575195,83.54499816894531,0.5977104589694804,1.6290459907271293,-0.06077355175914123,3.1809587150344765,3.4262387604736544,11.504111149876506,19.49528594510528,62077.36923767296,72173.23468460538
2024-04-22,62904.62647963436,72955.32008021808,6290.462647963436,72.95532008021809,2346.39990234375,27.21299934387207,83.38529968261719,-2.978098883862379,-5.717229799176737,-0.19115266003738585,-1.1409251746930416,-3.4495294707486246,8.030428308385273,11.868588640758059,62297.95811068152,72495.77172560018
2024-04-23,62790.03093597024,73272.45739608792,6279.0030935970235,73.27245739608792,2342.10009765625,27.33099937438965,83.38619995117188,-0.18217347447603283,0.4347007394678526,0.0010796490006237391,-1.30420034590073,-3.2273893328519487,8.919245281905841,13.795614312723426,62517.909009599534,72876.3080835548
2024-04-24,62613.47155307578,73163.29673725412,6261.347155307578,73.16329673725411,2338.39990234375,27.323999404907227,83.2833023071289,-0.28119015114755896,-0.14897911536352337,-0.12339888866889082,-2.2563064996360627,-5.0054913505815035,7.80688099841107,10.067889210128357,62713.59471870835,73235.19084970791
2024-04-25,62766.408576608796,73261.86057296886,6276.640857660879,73.26186057296886,2342.5,27.341999053955078,83.3405990600586,0.24425578032896134,0.1347175976346593,0.06879740757443908,-2.90471641660347,-3.6378173934419222,8.73858568322381,10.598136878310083,62880.32551930133,73575.17961721677
2024-04-26,62863.065300892085,72957.25752238135,6286.3065300892085,72.95725752238135,2347.199951171875,27.240999221801758,83.30180358886719,0.15399435219447533,-0.41577302051197806,-0.04655050675055339,-2.1545494381411956,-4.318310459486652,9.031302119159502,8.537254326659284,63050.8910855875,73898.82209813465
2024-04-29,63220.454460594665,73399.22316927262,6322.0454460594665,73.39922316927262,2357.699951171875,27.37299919128418,83.40229797363281,0.5685200968039705,0.6057870894553341,0.12063890628539742,-1.9081551954324594,-3.5983028899804315,9.610637064895666,9.770604959700414,63187.12821468901,74224.64706963634
2024-04-30,61787.15603710956,70807.45800166436,6178.715603710956,70.80745800166436,2302.89990234375,26.391000747680664,83.45110321044922,-2.2671434992269424,-3.5310525857081054,0.058517856224815645,-4.701646305449058,-8.492988805547718,7.386557202318045,6.465757677481032,63216.952587168475,74305.11105848466
2024-05-01,62039.6229718409,71110.67039293525,6203.96229718409,71.11067039293525,2311.0,26.48900032043457,83.49839782714844,0.40860746945483584,0.4282209809929327,0.056673446940469496,-1.3751031620440668,-2.528464936147967,7.528465148523122,6.8241116458651385,63217.0947646664,74250.3184386271
2024-05-02,61933.73068895908,71284.39143710342,6193.373068895909,71.28439143710342,2309.60009765625,26.58300018310547,83.40640258789062,-0.17068492329471718,0.24429673241475047,-0.11017605325583935,-1.3637519113254837,-2.7132513766225164,6.1648304706787505,7.4312780310232585,63219.79825085867,74177.08087202693
2024-05-03,61906.84129167461,70914.24802103746,6190.684129167461,70.91424802103747,2308.60009765625,26.44499969482422,83.40630340576172,-0.043416401668938676,-0.5192488967133091,-0.00011891428695065542,-1.1285594679128819,-3.074012266414805,7.110408506138111,7.330715644124819,63167.76194325277,74045.8865711049
2024-05-06,62493.15688266691,73368.87500536119,6249.315688266691,73.36887500536119,2331.199951171875,27.368999481201172,83.37999725341797,0.9470933724915254,3.4614016968713246,-0.0315397653049998,-0.43534702739662645,0.14607113654414583,6.838969088123292,10.32153848860542,63144.36699867126,74003.61834584692
2024-05-07,62374.85337747395,73273.41133013372,6237.485337747395,73.27341133013373,2324.199951171875,27.30299949645996,83.4728012084961,-0.18930633543617903,-0.13011467767564122,0.11130242040673366,-0.7766276128619021,0.43334113491777515,6.822694483406511,11.592263965121097,63100.825014108115,73933.82771698684
2024-05-08,62321.70082666119,73426.51786028074,6232.170082666119,73.42651786028074,2322.300048828125,27.361000061035156,83.46990203857422,-0.08521471063202002,0.20895237080911233,-0.0034731911232155355,-1.4216184328343817,0.03718662109704063,6.170286927894031,11.276508474597492,63075.07592554734,73864.35863685496
2024-05-09,62800.53881095918,75490.52339669171,6280.053881095918,75.49052339669171,2340.300048828125,28.131999969482422,83.46430206298828,0.7683326641386268,2.810981095873921,-0.006708975869351708,1.6401188189353988,6.613802454138762,5.668256165316965,13.584343830975243,63033.57266308699,73860.79239138044
2024-05-10,63727.945153859335,75869.79473326699,6372.794515385934,75.86979473326699,2375.0,28.274999618530273,83.45939636230469,1.4767490223162039,0.5024092025197158,-0.005877603433246392,2.7213611255902492,6.692560081397492,7.192708192388708,14.11667355568862,63038.98191743882,73868.47657361318
2024-05-13,62918.56536362463,75784.24564103884,6291.856536362463,75.78424564103884,2343.0,28.22100067138672,83.5248031616211,-1.2700547433007747,-0.11275777472300463,0.07836960506215629,1.5901426633114335,6.312537868694279,4.005000370809064,13.309149813492338,62981.968424838175,73806.7664298612
2024-05-14,63357.74757105135,76475.50967901236,6335.774757105135,76.47550967901236,2359.89990234375,28.485000610351562,83.50550079345703,0.6980168808499831,0.9121474155034504,-0.023109743972349328,2.343692957198029,7.842234548302751,3.54151872099826,10.516651797803277,62917.64893091697,73829.16161132876
2024-05-15,64311.813358365805,79255.874271654,6431.181335836581,79.255874271654,2394.89990234375,29.513999938964844,83.52420043945312,1.50583918130065,3.6356274110647346,0.022393310402812894,2.9101689951645193,8.023837445868764,3.6672341112550466,9.762762710594618,62920.874336070716,73979.4569319201
2024-05-16,63968.045265917404,79547.77285172645,6396.804526591741,79.54777285172645,2385.5,29.665000915527344,83.40509796142578,-0.5345333532003171,0.3682989844663753,-0.1425963701546351,2.5542214565250188,8.562944467432487,3.374912318897816,9.345306107863172,62896.76332180762,74149.89894547017
2024-05-17,64873.973369571715,83318.54016649933,6487.397336957171,83.31854016649933,2417.39990234375,31.047000885009766,83.47010040283203,1.416219770181093,4.740255043722508,0.07793581327164567,4.095319140935039,13.472002478779622,3.0603341860653055,13.299774674417097,62898.68741382557,74446.86241332944
2024-05-20,65307.17648394754,86250.47111939889,6530.717648394754,86.2504711193989,2438.5,32.20500183105469,83.30039978027344,0.6677610324682393,3.518941819000365,-0.20330707851027308,3.9914270171053534,14.253375441795813,3.7263045874916134,16.218224006959893,63018.814914041235,75111.61996528848
2024-05-21,64981.113714713945,85362.88458740107,6498.111371471395,85.36288458740107,2425.89990234375,31.868000030517578,83.31500244140625,-0.49927555712616645,-1.029080213102962,0.017530121309539126,1.9664349098799105,12.512344191135139,2.743934901766276,14.321376492859695,63128.36905297842,75716.14132485414
2024-05-22,64098.547886737695,83829.8358841097,6409.85478867377,83.82983588410971,2392.89990234375,31.295000076293945,83.31680297851562,-1.3581882142724933,-1.7959195154911956,0.002161119914312337,1.8754123147811885,10.616441682588974,2.0081666260712616,12.048156188590674,63202.62286966152,76249.46828219692
2024-05-23,62569.16466279331,81073.27772794652,6256.916466279331,81.07327772794652,2337.199951171875,30.284000396728516,83.26709747314453,-2.385987318537719,-3.288278125671129,-0.05965844054759417,-1.2446511097537138,6.012078988727487,-1.6681271741017856,7.2939314552386225,63192.76067397074,76640.0391399458
2024-05-24,62511.371857160004,81215.24539123684,6251.137185716,81.21524539123683,2334.5,30.329999923706055,83.2863998413086,-0.09236627329894942,0.17511030424439689,0.02318126697076206,-2.799550202655876,2.472209331597286,-1.7422074658860032,7.262832471927894,63175.17600178414,77052.93853338857
2024-05-27,62335.59125484331,80986.86990805609,6233.559125484331,80.9868699080561,2334.5,30.329999923706055,83.05220031738281,-0.2811977998472881,-0.2811977998472992,-0.2811977998472992,-2.5519835791259937,1.809097859989195,-2.690095683121929,5.152559508062726,63130.93284149658,77432.32087032775
2024-05-28,62993.870391641096,85464.76013513285,6299.387039164109,85.46476013513285,2356.5,31.97100067138672,83.14569854736328,1.0560245335711649,5.529155815208653,0.11257766756711529,-2.898085133802608,2.575921234751144,-2.552848754651793,12.4127992131011,63191.26855922314,78165.18597700118
2024-05-29,62630.63400165906,86147.88541735441,6263.063400165906,86.14788541735442,2341.199951171875,32.202999114990234,83.20649719238281,-0.5766218010161084,0.7993063821175372,0.07312301908786178,-4.098389528364277,-0.1189392947227752,-2.5163253886023695,12.980880956858298,63220.81911071405,78917.04672822214
2024-05-30,62795.95645449548,84128.19983833015,6279.595645449548,84.12819983833016,2342.89990234375,31.38800048828125,83.3656005859375,0.26396420133960596,-2.344440109283741,0.19121510810247155,-3.3627574772139845,-1.4463952981892847,-2.5667995042943037,10.493011901808003,63263.93039899088,79559.23714828347
2024-05-31,62226.51944432342,81160.48878272994,6222.651944432342,81.16048878272994,2322.89990234375,30.297000885009766,83.3208999633789,-0.9068052185568609,-3.527605560683922,-0.05361998503509158,-2.9205473511227598,-3.1842446942995317,-4.023987515716742,4.8866032645024315,63279.914306623315,80071.5491863681
2024-06-03,63568.449639779436,82209.97226184081,6356.844963977944,82.20997226184082,2369.300048828125,30.641000747680664,83.45079803466797,2.1565245934359156,1.2930965483960888,0.1559009460365246,1.5970885696998227,1.402058194450495,1.0552851154119747,12.685369855751127,63333.67894447894,80513.60404919207
2024-06-04,62711.13614229037,78777.63116802466,6271.113614229037,78.77763116802466,2347.39990234375,29.488000869750977,83.09339904785156,-1.3486462267794264,-4.17509092800088,-0.4282750977024019,0.3195647115005418,-3.0014244388101075,-0.1256485981991573,7.513292125822257,63350.49308271976,80788.81504108662
2024-06-05,63871.20195920062,80522.6164323447,6387.120195920062,80.5226164323447,2375.5,29.947999954223633,83.62940216064453,1.8498561631511201,2.2150770954234122,0.6450610023598813,2.46345734987794,-0.5732453621660527,2.0087217254176615,10.05875899977493,63427.96813934673,81143.61996968983
2024-06-06,64094.16667144952,83765.54816843393,6409.416667144952,83.76554816843394,2390.89990234375,31.246999740600586,83.38079833984375,0.3490848855346895,4.0273551453881895,-0.2972684419329408,1.7466719745393267,-1.9882018787769407,2.115395997558389,14.337183786103003,63492.64953237126,81557.37120827692
2024-06-07,62396.54680826632,78726.99541912893,6239.654680826632,78.72699541912893,2325.0,29.334999084472656,83.47309875488281,-2.6486339574165907,-6.015065691653554,0.11069744698637418,-0.37375830074870553,-8.614129020432749,-0.7421185880656433,7.90838100647846,63426.0796150916,81700.23124257002
2024-06-10,62490.99860395239,79943.89691372485,6249.0998603952385,79.94389691372486,2327.0,29.768999099731445,83.52760314941406,0.15137343413618165,1.545723278422284,0.065295760363826,-0.4856329416115801,-4.973722167651651,-1.1538288721049117,8.916543611584228,63404.70127710799,81908.21380620432
2024-06-11,62481.902924382055,78237.99386497897,6248.190292438206,78.23799386497898,2326.60009765625,29.132999420166016,83.52980041503906,-0.014555183584086251,-2.1338752732893207,0.0026305862279585313,0.41040939191068215,-3.6008838310161106,1.1244195911124688,10.494001723857881,63360.909044774526,81996.33801550265
2024-06-12,63289.951193228655,81104.02434468686,6328.995119322865,81.10402434468685,2354.800048828125,30.176000595092773,83.5968017578125,1.293251695334141,3.663220819099733,0.08021250193406271,-0.4381079735764182,-1.345272217866078,2.01537043826856,14.053241091008516,63309.81593651767,82088.7455191543
2024-06-13,62254.29803867116,77858.15728611729,6225.429803867116,77.85815728611729,2318.0,28.989999771118164,83.5343017578125,-1.6363627006056203,-4.002103575988835,-0.07476362574380113,-0.7284800303771544,-1.1671763523153245,0.5175973514691234,9.221886750361218,63224.12857515536,82004.26474087384
2024-06-14,63080.336665396186,78953.1313475007,6308.033666539619,78.9531313475007,2349.10009765625,29.402000427246094,83.52210235595703,1.3268780674579483,1.4063703785841541,-0.014604062760759096,-1.2382188991990728,-1.9491233076891934,1.895582700129439,11.336062287621562,63134.44673994659,81785.99429992391
2024-06-17,62562.82916849723,78774.36724335904,6256.282916849723,78.77436724335904,2329.0,29.325000762939453,83.55180358886719,-0.8203943166061878,-0.22641800406225654,0.035560925877531346,-2.389199489560445,-5.958512818466533,0.1114878641210737,7.367555026028216,62997.229374174065,81412.18910612192
2024-06-18,63012.199532874816,79218.32935775614,6301.219953287482,79.21832935775615,2346.89990234375,29.5049991607666,83.51010131835938,0.7182705295620817,0.5635870270154886,-0.049911873492303194,0.9866775584557397,0.6240984252116277,1.0217998454342458,8.113335955982137,62898.783665082105,81104.96134463967
2024-06-19,62909.580101259635,79089.31719832572,6290.9580101259635,79.08931719832572,2346.89990234375,29.5049991607666,83.37409973144531,-0.16285645061737686,-0.16285645061737686,-0.16285645061738796,0.6698268657220341,-1.0689743037187505,0.943297867035997,7.712199220478366,62839.33527580821,80867.93541035047
2024-06-20,63536.56284814904,82541.20722143028,6353.656284814904,82.54120722143027,2369.0,30.775999069213867,83.41950225830078,0.9966411250563301,4.364546496777222,0.05445639233492283,1.6879446278122767,5.500158099500441,1.1720027425328627,9.339826388125893,62887.70518507599,80941.33188502464
2024-06-21,62659.24822465932,79487.90252625215,6265.924822465932,79.48790252625214,2331.199951171875,29.572999954223633,83.60160064697266,-1.3808027758544061,-3.699127742325281,0.21829234620462934,-0.9965293963393185,-1.9926530545097187,-1.6769675008661333,4.768838252041174,62895.09900345096,80854.96474177542
2024-06-24,62984.57182111539,79225.05272067571,6298.457182111539,79.2250527206757,2344.39990234375,29.48900032043457,83.5625,0.5191948605729246,-0.3306790055123465,-0.04677021333331366,1.1730495812362962,1.7556226376322703,0.10490775991043311,4.540266978356766,62927.548031764556,80766.8738824064
2024-06-25,62542.69053893065,77378.73359397109,6254.269053893065,77.37873359397109,2330.800048828125,28.836999893188477,83.46040344238281,-0.7015706694644797,-2.330473837883329,-0.12217987448578382,-0.8523196845277359,-1.9940915916306534,-1.286436250289158,1.1810629556439523,62904.98903912904,80362.57255534832
2024-06-26,62036.35751875228,77529.35854994527,6203.635751875228,77.52935854994527,2313.199951171875,28.909000396728516,83.41459655761719,-0.8095798498838014,0.194659370835093,-0.054884571456992326,-0.8415086989225329,-1.580474381428587,-3.5381615301903646,-2.17840726327867,62875.275214983696,79931.64621197786
2024-06-27,62788.46853430878,77707.64406407267,6278.846853430878,77.70764406407267,2336.60009765625,28.917999267578125,83.58039855957031,1.2123713345502996,0.22995871172148963,0.1987685714437193,-0.35505981417028876,-1.906989589317265,-1.8440093435794114,-2.3132373436572484,62874.90081897436,79610.61842326498
2024-06-28,62771.67293333575,78443.1225122711,6277.167293333575,78.4431225122711,2339.60009765625,29.23699951171875,83.45089721679688,-0.026749499334977056,0.9464685965669073,-0.1549422412494672,-0.21921489175720232,-0.8170442089343255,-3.2405914530001967,-5.85153993875246,62902.15849342498,79474.75010974205
2024-07-01,62690.17434167302,78533.59002416398,6269.017434167302,78.53359002416397,2338.89990234375,29.299999237060547,83.36750030517578,-0.12983339116879877,0.11532880002158574,-0.09993530854969235,-1.332128255818421,-4.8552926861309516,-4.007219854188282,-8.94705964510295,62858.24472851966,79290.9309978582
2024-07-02,62598.12085097085,78745.29692103606,6259.812085097085,78.74529692103606,2333.39990234375,29.35300064086914,83.44129943847656,-0.14683878561329022,0.2695749637918521,0.0885226653439597,-0.09755522994674415,-0.9342372633003193,-3.6672084048991915,-7.752300895583508,62852.59396395369,79289.31428550876
2024-07-03,63592.69093201466,81988.25120306743,6359.269093201466,81.98825120306742,2369.39990234375,30.54800033569336,83.4791030883789,1.588817791210717,4.118283134144929,0.0453056821463127,0.9655048741561867,3.487783709193537,-0.7891862942307037,-2.1968129385200874,62838.66841259438,79362.5960240449
2024-07-04,63601.90863446728,82000.13532517523,6360.190863446728,82.00013532517524,2369.39990234375,30.54800033569336,83.49120330810547,0.014494908640494408,0.014494908640472204,0.014494908640494408,1.6935921470748072,5.972444257687126,1.650563783678094,1.1432343963431624,62814.05551074527,79274.32538188198
2024-07-05,64363.26194851867,84257.168895553,6436.3261948518675,84.257168895553,2397.699951171875,31.38800048828125,83.49340057373047,1.1970604819849573,2.7524754214458325,0.002631733090363575,3.7508721060275363,8.677758298843141,2.962485122851377,3.745507988878627,62912.391267757885,79550.83405570318
2024-07-08,63429.02048348333,82169.23000207289,6342.902048348333,82.1692300020729,2363.5,30.618000030517578,83.47209930419922,-1.4515135447650263,-2.478054889392689,-0.02551251881570682,1.0201745067639933,5.741501999882392,1.7541009985287737,1.4599404759797707,62959.292361734435,79662.10071012058
2024-07-09,63536.064582325635,82568.17514430529,6353.606458232563,82.56817514430529,2367.89990234375,30.77199935913086,83.45760345458984,0.16876202411193475,0.4855164667142864,-0.017366101643789822,1.2177334349550817,5.258654296160747,0.8607094425436168,-3.3892156091558823,63012.000444631616,79878.6097740869
2024-07-10,63879.765048639565,82482.39421405828,6387.9765048639565,82.48239421405827,2379.699951171875,30.726999282836914,83.49299621582031,0.5409533444876713,-0.10389103319419224,0.042408072800381724,1.8975712214214902,5.0281722619318625,1.9944410062133766,-4.254882386884129,63041.49113740217,79947.52826755548
2024-07-11,65014.827975264445,84275.79723461867,6501.482797526444,84.27579723461868,2421.89990234375,31.393999099731445,83.49590301513672,1.7768739846814041,2.1742858432384438,0.003481488805223698,3.860670402626165,7.023276982660276,3.533462417085498,0.17544342630908538,63179.517634231815,80268.41026498054
2024-07-12,65000.20344177473,82934.53559589048,6500.020344177473,82.93453559589048,2420.699951171875,30.88599967956543,83.51850128173828,-0.022494150865526308,-1.59151462547924,0.027065120305924673,2.2133243445615625,1.15417072438746,4.457398585394179,2.1858503315692834,63275.51097305075,80467.48047740002
2024-07-15,65221.79312491509,82361.68540823636,6522.179312491509,82.36168540823635,2428.89990234375,30.672000885009766,83.52030181884766,0.3409061378382594,-0.6907257435496028,0.0021558541900779105,2.5469117597674673,0.4409140077969109,2.6008869093152143,0.1845434832556947,63408.45917087165,80646.84638564389
2024-07-16,66319.75146542057,83833.55968029248,6631.975146542058,83.83355968029248,2467.800048828125,31.19499969482422,83.58760070800781,1.683422500210363,1.7870861490516976,0.08057788070034988,3.0397612825571407,-0.5027574754922326,5.754345312676712,6.417974794753656,63573.83676749894,80877.60790177071
2024-07-17,66061.57287455694,80934.08851175253,6606.157287455694,80.93408851175253,2459.89990234375,30.136999130249023,83.52960205078125,-0.3892936646456735,-3.4586043818219947,-0.0693866754582051,4.150391052876357,-1.5031679015237165,3.4293560292719683,0.511001874552286,63731.436406163804,80969.84646744205
2024-07-18,66001.14004660996,80593.7278046425,6600.114004660995,80.59372780464251,2456.39990234375,29.9950008392334,83.57209777832031,-0.09147954751506093,-0.42054060701579576,0.05087505087504329,3.8798050847015375,-2.3912934205122305,2.9752682251657836,-3.786545224312987,63854.66526608685,80872.47249660266
2024-07-19,64540.38091786318,78252.28132940746,6454.038091786318,78.25228132940745,2399.10009765625,29.08799934387207,83.67430114746094,-2.2132331770560176,-2.905246523539229,0.12229365046181329,1.0341551330387722,-5.128503997680811,3.435821722930421,-0.6029876882690299,63948.72190074704,80810.69143676043
2024-07-22,64465.12355325742,78401.56729689875,6446.512355325742,78.40156729689875,2394.699951171875,29.124000549316406,83.73030090332031,-0.11660508279542903,0.1907752271947949,0.06692587221097668,-0.8455062316186757,-6.970245468418912,3.1590548933557505,-1.9292649925366723,64022.749487354144,80769.51716557158
2024-07-23,64758.65466747554,78367.8431242916,6475.865466747554,78.3678431242916,2407.300048828125,29.131999969482422,83.67130279541016,0.45533320660684495,-0.04301466637706142,-0.07046207558513151,-0.37161233582224673,-5.506382158876133,3.6438578796950116,0.16596701026960758,64133.54769378138,80818.9726420876
2024-07-24,65012.19130381197,78358.03078487286,6501.219130381197,78.35803078487285,2415.699951171875,29.115999221801758,83.70680236816406,0.3915100423847573,-0.01252087466945273,0.042427417248069865,-0.32136776844158277,-4.861064466467468,2.7211904545876298,-3.3857673302914115,64282.33938303437,80860.40625383398
2024-07-25,63365.63042814979,74867.56044349507,6336.563042814979,74.86756044349507,2353.5,27.80699920654297,83.74299621582031,-2.5326955493125136,-4.454515135737214,0.04323883678778451,-4.454360838205307,-10.695000034580593,1.785149659527585,-3.8410835124599974,64311.19747772642,80718.40207280511
2024-07-26,64101.911243210045,75005.42991854403,6410.191124321004,75.00542991854404,2381.0,27.860000610351562,83.73760223388672,1.1619561110421284,0.18415115202401466,-0.006441114095911971,-2.9664168533620194,-7.325292348659229,1.619481809732104,-5.000056820522348,64377.70939322014,80546.51744311875
2024-07-29,64008.2665199058,74574.01439733856,6400.82665199058,74.57401439733856,2377.800048828125,27.702999114990234,83.72779846191406,-0.14608725619574825,-0.5751790526019152,-0.011707729515919585,-3.0194531871673536,-7.469208301042496,2.3103772169823955,-5.332131495317838,64443.61400213178,80348.53866177748
2024-07-30,64758.021204174176,76376.76742762851,6475.802120417417,76.37676742762851,2405.0,28.364999771118164,83.75050354003906,1.171340398720555,2.4174010811389257,0.027117729764891685,0.3372156829814399,-2.396753001850338,2.77060899991044,-3.5870005757063117,64551.60901979194,80230.11218710711
2024-07-31,65327.963480067614,77478.18360003218,6532.796348006761,77.47818360003218,2426.5,28.777999877929688,83.73899841308594,0.8801107033466593,1.4420827294731042,-0.013737382423761879,1.3384600528956847,-1.1777617829625942,3.84422114233689,-2.037106470717698,64638.372647194585,80004.60880695534
2024-08-01,66772.95742466286,76255.42477387036,6677.295742466285,76.25542477387036,2480.800048828125,28.33099937438965,83.7177963256836,2.2119072256647554,-1.5781975897552036,-0.025319251249877883,3.1104765340330465,-2.695516765812911,5.093751426637172,-7.615326524965016,64796.925086704374,79717.37327939009
2024-08-02,66497.60763277976,76050.34445462492,6649.760763277976,76.05034445462492,2469.800048828125,28.246000289916992,83.743896484375,-0.4123672254501609,-0.26893866220479845,0.03117635656566531,2.28482735188269,-2.9450540131407132,6.1257667732596,-4.32463049391939,64903.64237091743,79307.03205734369
2024-08-05,65806.96941155332,72892.71760061356,6580.696941155333,72.89271760061355,2444.39990234375,27.076000213623047,83.73529815673828,-1.0385910799082576,-4.15202176486571,-0.010267408130837374,3.8527810216798297,-2.637781745769563,4.4810935580445355,-7.99284431199826,65022.539817320925,78843.20643727072
2024-08-06,65671.3510276019,73179.42507281178,6567.135102760189,73.17942507281178,2431.60009765625,27.09600067138672,84.00260162353516,-0.2060851383434481,0.39332800536964196,0.31922435661067006,2.44835099914138,-2.4344968727134764,5.002439872208186,-5.426954314339538,65129.30413958473,78373.76893369605
2024-08-07,65640.0054331372,72402.62339536355,6564.000543313719,72.40262339536355,2432.39990234375,26.829999923706055,83.93489837646484,-0.04773100290189625,-1.0615028427393702,-0.08059660744048625,2.5492627779943655,-2.911726047635832,5.808928922520318,-6.6126371357490665,65217.316158809605,77869.78039276131
2024-08-08,66479.80693520291,74217.29608570477,6647.9806935202905,74.21729608570477,2463.300048828125,27.5,83.94239807128906,1.2794049856092116,2.5063631747595405,0.008935133024867703,2.658799171148485,-2.827392955547592,5.8790069053477945,-4.491640456233592,65290.56510680654,77366.85533531562
2024-08-09,66789.44023160655,74223.39223408749,6678.944023160656,74.22339223408748,2473.39990234375,27.48699951171875,83.98899841308594,0.4657554085640392,0.008213918728161573,0.05551466585134168,2.237138085568602,-4.200913360007242,6.400605735867071,-5.379350213300738,65380.02694629814,76931.29816722547
2024-08-12,67584.17941697658,75349.34202910154,6758.4179416976585,75.34934202910154,2504.0,27.91699981689453,83.94979858398438,1.189917421996789,1.5169743137891212,-0.046672575982831255,1.2148960052113633,-1.1882207035836978,7.806654115572131,-4.054631902199657,65498.1462609012,76580.68099826873
2024-08-13,67638.52990401116,74696.90679387706,6763.852990401116,74.69690679387706,2507.800048828125,27.69499969482422,83.88999938964844,0.08041894938051186,-0.8658804677716847,-0.07123208791991464,1.7157343126265712,-1.7796601323158856,8.052013358420385,-5.141119895983925,65564.08518283072,76123.84835394795
2024-08-14,66874.260400313,73500.4681796607,6687.4260400313,73.5004681796607,2479.699951171875,27.253999710083008,83.88200378417969,-1.129932162604319,-1.6017244429115118,-0.009531059157141808,1.6218509958799254,0.8337603522714954,5.160293455432763,-10.352438183349333,65604.71955911853,75752.16733734336
2024-08-15,67288.47428423604,76516.20723915733,6728.8474284236045,76.51620723915732,2492.39990234375,28.341999053955078,83.97149658203125,0.619392097114102,4.103020204068786,0.10668891277541004,2.462448588813815,4.559727222543142,5.796312923494451,-6.687706141302252,65669.08627099983,75548.29130906911
2024-08-16,68495.23909735239,77671.83956405819,6849.523909735239,77.67183956405819,2537.800048828125,28.777999877929688,83.94830322265625,1.7934197883857417,1.5103105166841768,-0.02762051448296221,4.349837641502963,7.277659180830254,6.419775853092569,-7.8157495888072415,65866.8291799743,75519.26922080164
2024-08-19,68541.905077958,78863.78035980757,6854.1905077958,78.86378035980756,2541.300048828125,29.239999771118164,83.88980102539062,0.06813025433678455,1.534585510577946,-0.06968836178911086,3.101841352765944,6.260648823337789,8.060797022407185,-4.022734108840897,66070.66825620932,75542.37987394708
2024-08-20,68783.55415596883,79433.05515741199,6878.355415596882,79.43305515741199,2550.60009765625,29.454999923706055,83.87860107421875,0.3525566990529194,0.7218456875984991,-0.013350790006627644,2.9856724617653096,7.018896289318266,8.259072399493462,-3.797007722907797,66271.91323063399,75595.6404756031
2024-08-21,68618.70531831299,79395.67993896651,6861.870531831299,79.39567993896651,2547.5,29.47599983215332,83.77940368652344,-0.23966315739084587,-0.047052475032483,-0.11826304495414774,1.5307219977528375,5.370103840193052,7.41853115155493,-3.7422704620832525,66452.23893135905,75647.52293330777
2024-08-22,67877.44179249258,78231.53931921846,6787.744179249258,78.23153931921846,2516.699951171875,29.006000518798828,83.88860321044922,-1.0802645173525027,-1.4662518422198234,0.13034172973391822,0.3532186297077633,4.731966391988718,4.403016829202788,-7.1719973156390004,66677.82949957618,75815.72187709395
2024-08-23,68718.34585384479,80385.05133402997,6871.8345853844785,80.38505133402997,2546.300048828125,29.785999298095703,83.94059753417969,1.238856443533809,2.7527414563891517,0.061980199622624355,2.7575414554015243,9.36672013781048,5.720201191986529,-3.074092407393725,66908.65123010792,76084.70294786825
2024-08-26,68854.36357212758,80778.3049023322,6885.436357212758,80.7783049023322,2555.199951171875,29.976999282836914,83.81379699707031,0.1979350879197206,0.4892123122097747,-0.15105984569354636,2.3271285380568996,5.570189397722425,5.569565436901214,-1.922472200582026,67150.956082719,76394.91747311794
2024-08-27,68849.75739461812,80775.55632090883,6884.975739461813,80.77555632090883,2552.89990234375,29.951000213623047,83.88369750976562,-0.006689739430432162,-0.0034026232992756533,0.08339976853424247,0.5175809325402181,3.9959356882373287,3.814860389693564,-3.647707876231965,67355.5428922412,76614.85691778194
2024-08-28,68473.45163841828,78720.99563844912,6847.345163841828,78.72099563844912,2537.800048828125,29.176000595092773,83.92160034179688,-0.546560758439596,-2.5435425963483915,0.04518498010515071,-0.09987093218646326,-0.1810523420345933,3.6509557052800012,-2.7344384968047697,67512.81730015874,76676.9975197028
2024-08-29,69096.91231786883,79767.89218469133,6909.691231786884,79.76789218469133,2560.300048828125,29.55699920654297,83.94149780273438,0.9105144614920402,1.3298822477429084,0.02370958234407805,0.45557134368114927,0.42153361294714475,4.690483026615366,-1.0246896904346992,67629.01504481904,76852.62089024384
2024-08-30,68176.70996983285,77495.84743792836,6817.6709969832855,77.49584743792836,2527.60009765625,28.731000900268555,83.89510345458984,-1.3317561048209248,-2.848319899819307,-0.05526985979397159,-0.6441324511002988,-2.3928663404590766,5.634192113922332,-0.9666604968292858,67712.97016167169,76924.89603940901
2024-09-02,68151.27149812467,77466.93175802208,6815.127149812467,77.46693175802208,2527.60009765625,28.731000900268555,83.86380004882812,-0.03731255397838584,-0.03731255397837474,-0.03731255397838584,0.40341783426254274,-0.97736484268377,5.718049918607471,-1.1921133353588464,67830.18526600025,77153.60674727944
2024-09-03,68078.74823732505,75420.89205408886,6807.874823732505,75.42089205408887,2523.0,27.951000213623047,83.92729949951172,-0.10641512506719408,-2.641178187260962,0.07571735438487437,-0.9307523465132306,-6.175475660658803,5.126872364624657,-3.7604085460523184,67950.55512648642,77265.68009634329
2024-09-04,68178.37906959752,76024.56020465239,6817.837906959752,76.02456020465239,2526.0,28.16699981689453,83.95030212402344,0.1463464515022439,0.8003991123979093,0.027407797759360086,-0.9817598587225973,-5.884927522838579,4.870144664082265,-2.9779597022121074,68077.47380830944,77446.77693680774
2024-09-05,68666.24611395877,77546.87057190675,6866.624611395877,77.54687057190675,2543.10009765625,28.719999313354492,83.98249816894531,0.7155744255275209,2.0023928624597342,0.03835131513203471,-0.266538746981404,-3.997107412265921,8.365127356886859,3.578733048786664,68186.79576724723,77613.25566111783
2024-09-06,68167.6193470567,75085.3649672482,6816.76193470567,75.0853649672482,2524.60009765625,27.808000564575195,83.98359680175781,-0.726159933185444,-3.174216556393561,0.00130816876904305,-0.446643602803265,-4.618374858847951,6.342569238569018,0.10657234921656045,68255.70472301973,77656.35429777586
2024-09-09,68385.51251940841,76388.62072212412,6838.551251940841,76.38862072212412,2532.699951171875,28.291000366210938,83.98259735107422,0.3196432183473652,1.735698768254501,-0.0011900546316834237,-1.0295681450825822,-4.236380541111684,6.838563575442769,2.4332957524817456,68295.77137814133,77708.318232427
2024-09-10,68664.94237430053,76295.27741999984,6866.4942374300535,76.29527741999983,2543.10009765625,28.256999969482422,83.98090362548828,0.40860972536078677,-0.12219529720772782,-0.0020167578038354783,0.7161278458343245,-1.5492056124557396,6.033107710021457,-0.10669475859381716,68347.09200165581,77788.23676373313
2024-09-11,68646.93478258884,77122.5005764468,6864.693478258884,77.1225005764468,2542.39990234375,28.562999725341797,83.98200225830078,-0.026225306668914428,1.084239004588916,0.0013081936071968059,0.7272986601252418,-0.44461704337427355,5.080475688690167,-0.4590750674041799,68435.72572076958,77969.33838357244
2024-09-12,69687.16450353253,80318.73430671114,6968.716450353254,80.31873430671114,2580.60009765625,29.743000030517578,83.99259948730469,1.515333094242588,4.144359566111455,0.012618452429014049,2.3625820213386994,6.494012625983969,4.364352263650528,5.32855143734392,68555.66023173442,78159.46473695013
2024-09-13,70451.47318008961,82843.2900632487,7045.1473180089615,82.8432900632487,2610.699951171875,30.698999404907227,83.93479919433594,1.096771094077642,3.1431717373646695,-0.06881593535807973,3.3340395320511806,8.96911450752338,5.945876382717863,8.93216941663788,68653.47193587128,78418.03726190966
2024-09-16,70360.96246604306,82988.12720472096,7036.096246604306,82.98812720472097,2608.89990234375,30.770999908447266,83.88480377197266,-0.12847242216665888,0.17483267668592095,-0.05956459399816261,2.46804863815,7.016732709759976,6.920229111310849,13.849682020940923,68744.42480527553,78624.25460415534
2024-09-17,69915.29653373496,82577.39966580963,6991.529653373496,82.57739966580962,2592.39990234375,30.618999481201172,83.88400268554688,-0.6333994258864495,-0.4949232531758718,-0.0009549839658173909,2.5637937827642787,9.978022617096439,6.462400178655248,12.842372816740632,68801.01192416383,78781.47182957521
2024-09-18,69987.76667025874,81717.02920704964,6998.776667025875,81.71702920704963,2598.60009765625,30.340999603271484,83.77059936523438,0.1036541931690449,-1.041895799870074,-0.1351906402673797,2.3429730827791984,6.975395594991118,6.6236454558955105,12.864735246986303,68869.46499176111,78897.53929297937
2024-09-19,70352.37196346186,83666.20372007873,7035.2371963461865,83.66620372007873,2614.60009765625,31.0939998626709,83.69170379638672,0.520955747767915,2.385273341362426,-0.09418049941802842,2.4574834417874447,9.661051836147717,5.825174901656216,12.731409162983432,68993.21150030958,79169.27251302238
2024-09-20,71137.13277774444,83809.66422548718,7113.713277774444,83.80966422548718,2646.199951171875,31.176000595092773,83.61470031738281,1.1154717209679088,0.1714676883015187,-0.09200849727142302,3.627544336891786,8.670833542815192,6.509550807824316,12.915432322422404,69114.15084650456,79340.50315759525
2024-09-23,71197.6769379785,82583.93743539524,7119.7676937978495,82.58393743539524,2652.5,30.767000198364258,83.48709869384766,0.0851090813896338,-1.4625124696767244,-0.1526066864448561,2.1675619107294652,2.8202674609313805,5.346661825554744,9.60140488486223,69231.31651479712,79430.78478424839
2024-09-24,71917.70002449345,86266.31564721768,7191.770002449345,86.26631564721768,2677.0,32.111000061035156,83.55960083007812,1.0113013759454281,4.458952099133229,0.08684232338260767,2.0811869194783617,4.131928586317124,6.32652738986943,15.488471142809047,69384.71364629088,79705.32275056384
2024-09-25,72131.46090152329,85164.93783063327,7213.146090152329,85.16493783063326,2684.699951171875,31.697999954223633,83.56759643554688,0.2972298571242371,-1.2767182744751082,0.00956874540964936,2.5163078693454244,2.6230386191778976,7.861321336102112,15.869925647902727,69567.61410944612,80027.51986017304
2024-09-26,72454.465347699,86101.69013323249,7245.446534769901,86.1016901332325,2694.89990234375,32.025001525878906,83.62409973144531,0.44779967317825076,1.0999271841918512,0.06761388182561223,3.6317786519561857,4.26786321885364,7.677378805827995,12.527388954492992,69735.49176093764,80344.20975760011
2024-09-27,71727.930498953,84734.17390929438,7172.793049895301,84.73417390929437,2668.10009765625,31.518999099731445,83.61710357666016,-1.0027468221033176,-1.588257119949732,-0.008366194443498731,2.4863828515816033,3.6921859880638674,4.719585542297322,9.092528752858598,69913.05278739365,80706.1260811684
2024-09-30,71578.93884523252,83879.29985756845,7157.893884523252,83.87929985756844,2659.39990234375,31.163999557495117,83.71640014648438,-0.20771776445251966,-1.0088893445058478,0.1187515060638189,1.7434620149093139,0.25469798797452814,4.430915312056571,6.359724926801769,70084.43615474904,81026.74448614572
2024-10-01,72506.55400740869,84747.74290060544,7250.6554007408695,84.74774290060545,2690.300048828125,31.44499969482422,83.82730102539062,1.2959331014697595,1.0353484644145317,0.1324721066746859,1.9250441734034673,1.1192965438858948,5.4126308201490225,6.690775940395821,70305.82644325323,81493.08702847155
2024-10-02,71989.81159904996,85286.50490964035,7198.981159904996,85.28650490964036,2669.699951171875,31.628000259399414,83.87210083007812,-0.7126837227789395,0.6357243161824178,0.05344297638061324,1.112584981896969,3.27250983444487,4.912809510320648,7.419578716628239,70496.39806972585,81956.18426372096
2024-10-03,72286.90011965558,86848.42530589283,7228.6900119655575,86.84842530589283,2679.199951171875,32.18899917602539,83.91960144042969,0.41268134199359263,1.8313804721008298,0.05663457798414928,0.5133647141613018,0.674782102733662,6.496205824378443,11.014593425694663,70677.43077001069,82421.26200042025
2024-10-04,72056.34318632101,86776.5961756332,7205.634318632102,86.7765961756332,2667.800048828125,32.12799835205078,84.0093994140625,-0.3189470470485345,-0.08270631275885121,0.1070047665759688,-0.10414001638594517,1.892396549628228,4.857505359013903,7.951160987686601,70871.8669619739,83005.8235608395
2024-10-07,72023.49765459314,85760.91498460555,7202.349765459315,85.76091498460555,2666.0,31.7450008392334,84.02780151367188,-0.04558312325528835,-1.1704552100337495,0.021904810339945513,-0.5948117773524553,-0.3957821827883179,4.602662660799672,6.16825283508704,71053.76621873313,83474.43827396358
2024-10-08,71142.84750572154,81943.58289036185,7114.284750572154,81.94358289036185,2635.39990234375,30.354999542236328,83.96410369873047,-1.222726162362986,-4.4511326574919625,-0.07580564264916267,-0.8156975799545885,-3.293347760632892,3.3305710838752667,1.4460148869945622,71177.6614753042,83756.85354748167
2024-10-09,70847.2985117544,82084.12045574747,7084.72985117544,82.08412045574747,2626.0,30.424999237060547,83.91459655761719,-0.41543036908013864,0.17150527280904715,-0.05896226950854455,-1.0221447052464194,-2.140193593495998,3.466813511711786,4.272208182864645,71287.67966176246,84004.93454144671
2024-10-10,71229.5455617707,83676.4278220307,7122.95455617707,83.6764278220307,2639.300048828125,31.0049991607666,83.94219970703125,0.539536521569528,1.9398482403690576,0.032894336082645026,-1.7612317439710368,-1.2641222549504505,3.0864378339961807,4.899885819083338,71364.79871467437,84172.81921721269
2024-10-11,72231.3724143046,85070.16590164078,7223.13724143046,85.07016590164078,2676.300048828125,31.520000457763672,83.94599914550781,1.4064765465408025,1.6656280817512803,0.004526255554204717,0.335548614295611,-0.2536614769579115,5.94728382502745,9.773837843091137,71453.79367638512,84284.16300913229
2024-10-14,72133.09999056598,84112.8855819792,7213.309999056598,84.1128855819792,2665.60009765625,31.08300018310547,84.16829681396484,-0.13605227265369724,-1.125283240623287,0.26481031939558086,-0.21276348665526523,-3.1497862100304808,5.842632727037067,8.579084872906284,71542.40055261127,84340.40092799519
2024-10-15,72389.82318711256,85192.9549346602,7238.982318711256,85.1929549346602,2678.89990234375,31.527000427246094,84.04850006103516,0.3559020707277982,1.2840712159712275,-0.14233001909789156,0.46280450276146023,-1.8249635394406938,6.332482693070296,12.956705515446831,71666.12688528016,84471.17869143773
2024-10-16,72731.56359966096,85830.43267799112,7273.156359966097,85.83043267799113,2691.300048828125,31.760000228881836,84.05619812011719,0.4720835022142156,0.7482751875666827,0.00915906777210207,0.9831040814811898,0.08105987838171735,6.678340835025542,12.898295559937555,71803.31673175027,84676.8488649848
2024-10-17,73154.65198183456,85307.91592516005,7315.465198183455,85.30791592516005,2707.5,31.572999954223633,84.03929901123047,0.5817122047621748,-0.6087779550073891,-0.02010453632766973,2.827838000090188,4.105669920852217,6.536553433293579,10.00819929420198,71943.4307326689,84758.93447523887
2024-10-18,73775.3153044099,89265.43316688723,7377.5315304409905,89.26543316688723,2730.0,33.03200149536133,84.05380249023438,0.8484263211715692,4.639097320346064,0.017257972370732233,4.132855950985492,8.748723469615904,8.226333867995539,18.885262402099666,72075.33985900218,85031.72292230887
2024-10-21,74028.94637458792,91543.55528689585,7402.894637458791,91.54355528689585,2738.89990234375,33.86899948120117,84.0687026977539,0.34378852754677336,2.552076474831555,0.017726988045851932,3.9301118527978796,9.401844306257367,8.252382189250751,19.839256713248222,72216.90333083265,85479.7038148839
2024-10-22,74598.10852551277,94149.09659019306,7459.810852551277,94.14909659019307,2759.800048828125,34.83100128173828,84.07350158691406,0.7688372978387203,2.8462312777032706,0.005708294533124381,3.2766041016541347,10.672285156995521,8.640750208264736,23.400949277514616,72350.92375588362,85873.84286203267
2024-10-23,73785.59698160039,90941.14187131207,7378.559698160039,90.94114187131207,2729.39990234375,33.63999938964844,84.08399963378906,-1.0891851817321774,-3.407313330731576,0.01248674871017208,2.2908997273797027,8.11796699410321,7.48563969430851,17.917781699995206,72433.63055988748,86162.65306406662
2024-10-24,74298.25582455419,90845.02054529946,7429.825582455418,90.84502054529946,2748.89990234375,33.611000061035156,84.06759643554688,0.6947952770262722,-0.10569619430182975,-0.01950810893109889,2.636327253499049,6.634428416028282,6.6168445134367815,13.10564257448561,72525.82008373021,86399.81958466997
2024-10-25,74464.90387674546,90838.74696808332,7446.490387674546,90.83874696808331,2754.60009765625,33.60300064086914,84.08180236816406,0.22429604886660126,-0.006905801967438396,0.016898226212624934,2.3832022732597657,5.835126462523865,5.696730693475538,9.651302958550168,72662.66875261985,86705.0482376094
2024-10-28,74517.93503484552,91474.3629306459,7451.793503484552,91.47436293064591,2755.89990234375,33.83000183105469,84.10199737548828,0.07121631176458809,0.6997189897235412,0.024018285473692558,1.8635630354027155,7.2284581549215465,5.908066665245881,10.22584315584143,72809.61856210048,87084.80139126327
2024-10-29,75200.04998784995,92662.27385838698,7520.004998784995,92.66227385838698,2781.10009765625,34.26900100708008,84.10279846191406,0.9153701758985555,1.298627166872679,0.0009525177175007116,1.9311807446180884,3.8053259486784174,7.5587943070012376,12.212632310281979,72944.29336112256,87480.52793915235
2024-10-30,75720.57710408134,91687.65060187333,7572.057710408135,91.68765060187333,2800.800048828125,33.91400146484375,84.08930206298828,0.6921898540167115,-1.0518015756910248,-0.016047502785410117,2.285093618560685,0.15740629094631586,8.19116069359982,12.201399746876195,73130.83163637412,87800.585223764
2024-10-31,74328.08183837279,88278.28189322754,7432.808183837279,88.27828189322754,2749.300048828125,32.65299987792969,84.08910369873047,-1.8389918816842932,-3.718460104785515,-0.00023589713904481613,-0.3619752463933201,-6.235656962827452,5.651138353907603,5.5124745334202085,73232.89072230998,87872.07805313074
2024-11-01,74327.49313999308,87980.6966066932,7432.7493139993085,87.98069660669319,2749.199951171875,32.54199981689453,84.09149932861328,-0.0007920268694561194,-0.33709909181770525,0.0028489183228730397,0.7344199688833708,-3.2553420857724724,4.484803136803905,4.976791662097568,73346.44821999359,87932.28307468374
2024-11-04,74283.55521311691,87857.03452831793,7428.3555213116915,87.85703452831794,2746.199951171875,32.47999954223633,84.13359832763672,-0.059113963111079304,-0.14055592095170155,0.05006332311774386,-0.01978594419765889,-3.2891026927464595,4.334240115483778,6.385136452288664,73459.45109791978,88037.08905186936
2024-11-05,74394.9355112896,88350.24080615332,7439.4935511289605,88.35024080615332,2749.699951171875,32.654998779296875,84.15249633789062,0.1499393746747124,0.5613736913421707,0.02246190657424485,-0.093961533303899,-2.7394765394599174,3.4445421446354096,2.4156881435133615,73622.05549819817,88357.42194765894
2024-11-06,72377.9100032494,84434.13427408783,7237.791000324941,84.43413427408784,2676.300048828125,31.22100067138672,84.11630249023438,-2.7112403474482627,-4.432479749158469,-0.04300983242484513,-2.871825461340838,-7.696395395391642,0.3416665885397574,-0.8581037867940178,73698.58607277293,88474.92263857595
2024-11-07,73293.05872374258,86043.08979273865,7329.305872374258,86.04308979273866,2705.800048828125,31.764999389648438,84.2511978149414,1.2644033524207732,1.9055747210338758,0.16036763470754778,-2.535890952752673,-7.143343013321934,1.157407444826597,-0.06805945435351957,73801.76173087153,88593.25573711135
2024-11-08,73042.92147899588,84998.99356329364,7304.292147899589,84.99899356329364,2694.800048828125,31.358999252319336,84.306396484375,-0.34128367556540695,-1.2134573874090782,0.06551677704906833,-3.536232458192845,-7.295046818925721,1.8333039457510525,0.312529929521399,73842.3391841061,88589.697120194
2024-11-11,71017.49597560042,82854.20149633072,7101.749597560042,82.85420149633072,2617.699951171875,30.540000915527344,84.38289642333984,-2.7729250999056543,-2.5233146617975266,0.09074037339387164,-4.454017621457352,-6.14429764668194,-0.7843688083250977,-1.2221112514987698,73786.55898335781,88526.76291591157
2024-11-12,70719.61843071746,83263.71594904864,7071.9618430717455,83.26371594904863,2606.300048828125,30.68600082397461,84.39649963378906,-0.4194424779286998,0.49425912666125615,0.016120814792808247,-4.854024475815866,-5.3613813479236665,-2.464515933978395,-1.751110885982321,73703.04874553805,88430.300966631
2024-11-13,70181.36575472793,83002.04868145965,7018.136575472793,83.00204868145966,2586.5,30.59000015258789,84.39530181884766,-0.7611080035971107,-0.3142632593398864,-0.001419270878066925,-5.522338620735024,-5.5260069645230665,-2.512085813467946,-2.6785670612262114,73575.5388532914,88288.88176680442
2024-11-14,69835.25375672395,82806.71467928069,6983.525375672394,82.80671467928069,2572.89990234375,30.507999420166016,84.4229965209961,-0.49316794320245494,-0.23533636251389378,0.03281545483169168,-6.129021717982008,-6.274488984173255,-3.391550002660859,-4.65375234194132,73409.56894203587,88163.82170451045
2024-11-15,69801.23949472823,82484.47081357594,6980.1239494728225,82.48447081357594,2570.10009765625,30.371000289916992,84.47380065917969,-0.04870643430925359,-0.3891518543548411,0.06017807976166356,-3.5600233668055536,-2.3090939195076543,-3.1296393792307864,-4.9461785218794745,73210.86515155178,87824.77358684488
2024-11-18,71012.92359171041,84639.16709317041,7101.292359171041,84.63916709317041,2614.60009765625,31.163000106811523,84.47750091552734,1.7359062758100396,2.612244775703698,0.004380359731404049,-3.110983729887018,-1.631650726339584,-1.4031171711893164,-1.3079943137692673,73060.06401240792,87479.55417715861
2024-11-19,71391.52033511446,84682.12009465716,7139.1520335114465,84.68212009465717,2631.0,31.20800018310547,84.39849853515625,0.5331378068318848,0.05074837449601244,-0.09351884172105196,-2.2608640378058986,-0.3727967301171864,0.3495401689859623,3.341978844102278,72899.734602888,87006.20535238182
2024-11-20,71952.44076461924,83997.4262665358,7195.244076461924,83.9974262665358,2651.699951171875,30.95599937438965,84.39759826660156,0.7856961539294938,-0.8085459213302837,-0.0010666878798915036,1.3164992318794644,1.379803014884784,1.5598932860954262,2.330908585199265,72808.07679203893,86659.019572143
2024-11-21,72569.49242879338,83863.6315178814,7256.949242879338,83.8636315178814,2674.89990234375,30.91200065612793,84.38310241699219,0.857582672133006,-0.1592843431057589,-0.01717566602260634,2.615786169559464,0.7205005950009058,1.8811672269629653,0.22372333609752548,72721.6386222509,86309.9501207721
2024-11-22,73673.16365922558,85046.57192159514,7367.316365922558,85.04657192159515,2712.199951171875,31.30900001525879,84.48829650878906,1.5208473884740892,1.410552324414338,0.1246625079948327,4.975391782344185,2.4632202127707004,1.9960734466613284,-0.027734729085771015,72682.0516113749,86020.3413684477
2024-11-25,71083.90473208857,82010.49061971118,7108.390473208858,82.01049061971119,2618.5,30.209999084472656,84.43599700927734,-3.5145211614823535,-3.569904386837519,-0.06190147236105892,1.7879951860909404,-0.9615452836806315,-1.4545267825930575,-2.4994921381206736,72510.35009623706,85547.14775290096
2024-11-26,71110.61978436232,82436.55851970239,7111.0619784362325,82.43655851970239,2621.300048828125,30.38800048828125,84.37750244140625,0.03758242090730057,0.519528534424829,-0.0692768131400956,1.8758696824187293,-0.0580864414852611,-1.7671039193503213,-3.2354745965459952,72305.87858606267,85035.86198596672
2024-11-27,71582.60571629663,81647.93836231592,7158.260571629663,81.64793836231593,2639.89990234375,30.111000061035156,84.33910369873047,0.6637348027138223,-0.9566388645372514,-0.04550827123905865,0.8022231669570612,-3.5340951873519266,-1.5797238867138685,-4.872973588944385,72098.98001667345,84533.87637398885
2024-11-28,71651.52371505085,81726.54701951738,7165.152371505085,81.72654701951738,2639.89990234375,30.111000061035156,84.42030334472656,0.09627757758268185,0.09627757758270405,0.09627757758270405,0.3641936447296823,-3.4901973071010284,-2.0547268369986327,-4.198167153426391,71965.15211050733,84206.28963030335
2024-11-29,72159.47325113017,83335.09214051988,7215.9473251130175,83.33509214051988,2657.0,30.684999465942383,84.47160339355469,0.7089165864767599,1.9682039431059728,0.06076743010343666,0.2877351821715113,-0.7885171670787172,-2.1902204641382927,-6.643491008753877,71856.75111606419,83974.00940699468
2024-12-02,72273.20078589879,82777.75616778532,7227.320078589879,82.77775616778533,2658.5,30.448999404907227,84.55699920654297,0.15760582726653816,-0.6687890520295725,0.10109410684489006,-0.4082867786147415,-1.294810790377643,-2.3717014420346016,-9.575550230312412,71756.23339470329,83720.04548896805
2024-12-03,72683.22406008607,84664.96541836836,7268.322406008607,84.66496541836835,2667.89990234375,31.07699966430664,84.73709869384766,0.5673240837940963,2.279850696554009,0.2129918149824217,-1.3436909044906353,-0.44870298073693693,-2.5669343409314482,-10.073523289455133,71670.64782214312,83535.78171957881
2024-12-04,72862.88403062588,85776.29258347125,7286.288403062587,85.77629258347125,2676.199951171875,31.5049991607666,84.68309783935547,0.2471821701129917,1.3126175149441366,-0.06372752351043731,2.5026471255936045,4.5918539631989,-1.2505326089651492,-5.679331908048201,71694.89652351194,83602.88963504798
2024-12-05,72126.34584554807,84790.1295305373,7212.634584554807,84.7901295305373,2648.39990234375,31.134000778198242,84.70700073242188,-1.0108551080248551,-1.1496918591745842,0.02822628561811591,1.4283746425862498,2.8550088129557283,-2.9232314472291243,-6.665077489572369,71636.56087960221,83540.24162193791
2024-12-06,72411.53248440704,84908.48356164616,7241.153248440704,84.90848356164616,2659.60009765625,31.18600082397461,84.68379974365234,0.3953987069713394,0.13958468015575765,-0.027389694557622413,1.1580002708977855,3.993420121475011,-2.757502239897025,-6.528341268864901,71604.99142987277,83535.71612185553
2024-12-09,73109.49492233337,87694.37101026709,7310.949492233337,87.69437101026709,2685.800048828125,32.215999603271484,84.66600036621094,0.9638829810384442,3.2810472308085536,-0.02101863342846011,2.0348083776706494,7.302185407789841,-1.8900686282484203,-4.132296524704671,71709.59137720942,83777.72459755235
2024-12-10,74155.33870350619,88283.15316848815,7415.533870350619,88.28315316848816,2718.39990234375,32.362998962402344,84.84729766845703,1.4305170378811294,0.6714024531313756,0.21413235709957235,2.7659091210796127,5.937547917538555,-1.3892428057063255,-4.725893837433038,71881.37739084885,84028.69645852433
2024-12-11,75223.79400686879,88853.96468597303,7522.379400686878,88.85396468597303,2756.699951171875,32.5620002746582,84.8740005493164,1.4408339602285158,0.646569019114529,0.031471692785922656,4.0825550672797695,7.3403880456382575,-0.6560741032516137,-3.0905862428570186,72133.4988034559,84321.29225874999
2024-12-12,73918.36733695118,85196.82976933422,7391.836733695118,85.19682976933422,2709.39990234375,31.22800064086914,84.85710144042969,-1.7353906262670082,-4.115893904750145,-0.01991081930549088,1.6993512503573616,0.6281988640019831,-0.5512243707735287,-3.49061179919693,72337.65448246726,84440.79801325267
2024-12-13,72986.29174830472,83615.91983077602,7298.629174830472,83.61591983077602,2675.800048828125,30.655000686645508,84.83920288085938,-1.260952618714728,-1.855597142333143,-0.02109258891299648,0.16936979550106201,-2.518612879651927,-1.8044485761981144,-4.96106185136197,72496.90709514609,84497.37046411268
2024-12-16,72796.1528773027,83693.76560038721,7279.615287730269,83.69376560038721,2670.0,30.69700050354004,84.802001953125,-0.26051312711944385,0.0930992205416592,-0.04384874736107491,0.9286579319974786,-1.293032498264124,-2.0023305717489004,-4.738685923423502,72586.0685594257,84450.10038947352
2024-12-17,72676.71297153979,83469.01361202142,7267.671297153979,83.46901361202141,2662.0,30.572999954223633,84.91729736328125,-0.1640744751501111,-0.26854089638996825,0.13595835888400298,0.3662130575538436,-1.695319347659352,-2.3095961142261756,-5.52486009046842,72650.32819124697,84389.44506534173
2024-12-18,72437.57029606377,83022.14077232308,7243.757029606377,83.02214077232308,2653.300048828125,30.40999984741211,84.91539764404297,-0.3290499331879082,-0.5353757285014527,-0.002237140485239486,-0.9190661582102355,-5.32785649080828,0.08242886926645987,-1.6723017460937961,72674.5846678192,84340.68079063109
2024-12-19,71413.28347874021,79663.27908926706,7141.32834787402,79.66327908926706,2608.10009765625,29.0939998626709,85.16549682617188,-1.4140270209742511,-4.045742077727487,0.2945274815497001,-3.697717888835328,-9.763894661499094,-2.564738431899327,-7.4146694625208625,72616.77422031653,84130.66316920039
2024-12-20,72523.26177866069,81321.68363665637,7252.326177866068,81.32168363665636,2645.10009765625,29.65999984741211,85.27940368652344,1.5543022892245517,2.0817678688960006,0.13374766143154915,-3.589997372322795,-8.477146828436066,-0.7114442985205915,-4.326298197753364,72559.27912628828,83944.41875495344
2024-12-23,71777.32749485805,81625.4789996968,7177.7327494858055,81.62547899969681,2628.199951171875,29.88800048828125,84.94499969482422,-1.0285448634111516,0.3735723972437599,-0.3921274976645517,-2.8964923323229863,-4.191882232363165,1.0699215859690137,-1.4829935892729962,72593.95026442676,83925.16817395273
2024-12-24,72107.09978627495,82008.66158641981,7210.709978627496,82.0086615864198,2635.5,29.974000930786133,85.0988998413086,0.45943796310963236,0.46943992417420866,0.18117622819151524,-1.2045987554234028,-1.9221916682959694,1.9619468916065808,-1.5073244669945196,72643.77426452239,83903.7733272886
2024-12-25,72177.09241313509,82088.265421087,7217.70924131351,82.088265421087,2635.5,29.974000930786133,85.18150329589844,0.09706759399226161,0.09706759399226161,0.09706759399226161,-0.850402720059984,-1.9183031947277884,2.843670306134949,-1.1009165133736842,72673.49859936432,83925.78968022714
2024-12-26,72878.8656135172,82512.20543977486,7287.886561351721,82.51220543977486,2653.89990234375,30.047000885009766,85.41339874267578,0.972293530979651,0.5164441184293267,0.27223685636517114,0.2781532539268605,-1.1463034374576075,4.358274214046531,-0.3556586451310073,72734.86569428764,83965.07260124001
2024-12-27,72145.68395546508,81290.33727052403,7214.568395546508,81.29033727052403,2631.89990234375,29.655000686645508,85.26090240478516,-1.0060278132487,-1.4808332448981276,-0.17853912867938915,-0.40294882808148413,-2.0859538018277335,3.3587433084392604,-1.44770710325679,72734.17622950439,83862.83485774024
2024-12-30,71872.7043058982,79902.48341172756,7187.270430589819,79.90248341172756,2618.10009765625,29.106000900268555,85.38600158691406,-0.37837280707657683,-1.7072802320623581,0.14672514435161155,0.6433268501017109,0.30026923972392705,1.2107383708507724,-5.5963259612759835,72714.15140550435,83719.07121993734
2024-12-31,72841.50492812459,79819.50744117706,7284.150492812459,79.81950744117707,2641.0,28.940000534057617,85.7865982055664,1.3479395711939235,-0.10384654770106971,0.46915959432130006,0.43881527341553817,-1.8472025274230641,2.03103195758243,-5.742195221428914,72722.06544890629,83476.79832107777
2025-01-02,73613.0012944033,81699.67423183382,7361.300129440329,81.69967423183382,2669.0,29.621999740600586,85.78569793701172,1.0591439139539638,2.3555229178059633,-0.0010494279683803676,2.5574563216730795,0.090897147614033,2.3078585133981866,-2.7355029038757417,72759.57131209514,83272.96740349589
2025-01-03,73234.21697948956,82224.69934681874,7323.421697948956,82.22469934681874,2654.699951171875,29.805999755859375,85.80400085449219,-0.5145617054776008,0.6426281621332963,0.021335628106577964,1.563115416589178,0.2634328572370004,0.9159834641925046,-1.9542823765188344,72814.96486879223,83144.69589430997
2025-01-06,72994.5326674265,83659.44408996085,7299.453266742649,83.65944408996084,2647.39990234375,30.341999053955078,85.75900268554688,-0.32728459721251824,1.7449072535862253,-0.052442972935051735,1.13254805224412,1.914011291156159,-0.9211373016884239,-1.6310214512974097,72844.1148779432,83082.24392072571
2025-01-07,73423.732263228,83872.30791238998,7342.373226322799,83.87230791238999,2665.39990234375,30.44700050354004,85.68070220947266,0.587988689176222,0.25444087603574417,-0.09130292286784192,0.7476332749198678,1.648365190781198,3.2916418139353976,2.2702184545050352,72859.82674498793,82891.14076583185
2025-01-08,73724.64901686415,84009.24521602118,7372.464901686414,84.00924521602118,2672.39990234375,30.45199966430664,85.80650329589844,0.4098358178760808,0.1632687916186093,0.14682546148865327,2.1885786852803957,3.3446877412366627,3.6760040067554955,1.9077539438317581,72838.29226065583,82677.4453682085
2025-01-09,74319.63634347469,85044.44434157074,7431.9636343474685,85.04444434157074,2690.800048828125,30.791000366210938,85.90750122070312,0.8070398903824438,1.2322442879800333,0.11770427756088164,3.4045359239052386,6.435295513090988,3.8235973666923107,4.1599408967103235,72793.08437748611,82486.9693509884
2025-01-10,74998.94514322802,85885.53125944317,7499.894514322802,85.88553125944317,2715.0,31.090999603271484,85.91999816894531,0.9140367649457248,0.988996899661454,0.014546981421426075,2.9618281736933483,7.599675834552677,4.671807736412492,5.088902433296938,72847.11326779996,82521.40442549383
2025-01-13,74224.24064796057,83382.42046079159,7422.424064796057,83.3824204607916,2678.60009765625,30.090999603271484,86.18800354003906,-1.0329538552681927,-2.914473208636481,0.31192432123516856,0.8303415739194353,2.059673119604799,2.8613947743833634,0.056792785675341406,72909.01071278277,82509.72945699461
2025-01-14,74725.69739894717,83944.17741327446,7472.569739894717,83.94417741327446,2682.300048828125,30.131999969482422,86.65059661865234,0.6755970106383069,0.6737114962344082,0.5367255994024545,2.036589562875135,2.0911941060472117,3.3933693075440585,1.4090998590549741,73005.48793886499,82522.25004763898
2025-01-15,75614.02762761299,87135.02491659681,7561.4027627612995,87.13502491659682,2717.800048828125,31.319000244140625,86.535400390625,1.1887881406086764,3.801154054572664,-0.1329433754903242,3.5886180299575132,4.154439303826352,4.0322971434289645,2.917451729913023,73152.35367166864,82705.55061286775
2025-01-16,76442.58881948086,87596.78169770003,7644.258881948086,87.59678169770004,2750.89990234375,31.523000717163086,86.43099975585938,1.095777090394412,0.5299324600471556,-0.12064500111440557,4.111554211695623,4.440647787110508,4.912933157230448,2.1223686165465994,73352.6045978395,82934.2826591366
2025-01-17,76536.19877968161,86181.5384312821,7653.619877968161,86.18153843128209,2748.699951171875,30.951000213623047,86.6061019897461,0.1224578623596928,-1.615633861186816,0.20259193389100538,3.8135817536063543,2.585778755272816,6.1140667566562,1.6410033909002086,73608.75036288655,83260.19562623734
2025-01-20,76503.4109447428,86144.6185671928,7650.34109447428,86.1446185671928,2748.699951171875,30.951000213623047,86.56900024414062,-0.042839643804615246,-0.042839643804615246,-0.042839643804615246,2.938354799229126,1.2936462036289509,5.65086571150375,1.455843931836509,73807.75782119067,83501.34237276416
2025-01-21,76478.15649085473,86786.30267024267,7647.8156490854735,86.78630267024268,2759.199951171875,31.31100082397461,86.21109771728516,-0.03301088615030867,0.7448916876326539,-0.41343035710948994,1.9723095368898935,1.048804609566245,4.607693668380564,-1.035492163936158,74042.79927099051,83759.38355629146
2025-01-22,77016.96938052714,86828.58334659226,7701.696938052713,86.82858334659227,2770.89990234375,31.23900032043457,86.45189666748047,0.7045317439586141,0.04871814450979617,0.2793131703124452,3.76255615171901,4.132960960783261,3.8589678464858057,-1.6476187921378838,74288.29275070311,84000.37964430009
2025-01-23,76871.47730793404,85275.90774942152,7687.147730793404,85.27590774942152,2765.0,30.67300033569336,86.47270202636719,-0.18890911154170187,-1.7882079118726968,0.024065821212393423,2.8715421651148043,1.5864475383333243,2.1903751636281443,-4.0268962101995704,74523.01199544306,84159.76176071682
2025-01-24,77228.87930568392,86216.54835660807,7722.887930568392,86.21654835660807,2778.89990234375,31.023000717163086,86.44020080566406,0.4649344727930549,1.1030555194446734,-0.03758552692526562,2.135650921841936,-1.05408423405845,4.478605369680344,1.1968973376529135,74740.5126800514,84344.97890655848
2025-01-27,75894.50411678551,83848.6849046744,7589.450411678551,83.8486849046744,2738.39990234375,30.253999710083008,86.2030029296875,-1.7278189207132533,-2.7464141131465003,-0.27440690068482043,-0.7169886723612406,-4.278806504513444,3.984600804915317,0.27837411149629343,74927.95368811741,84472.89628826598
2025-01-28,76937.15268671482,85421.78267129902,7693.715268671482,85.42178267129903,2767.5,30.726999282836914,86.46839904785156,1.373813008020841,1.876115014103119,0.3078734024852148,0.523874863693452,-0.8815760008611062,5.688487160017575,2.0646903129709626,75181.17610715824,84748.86125124457
2025-01-29,77104.57495648641,86959.0850275114,7710.45749564864,86.9590850275114,2769.800048828125,31.238000869750977,86.58460235595703,0.21760913151196437,1.7996608220269605,0.13438818040467648,0.7858002725889213,0.9454641205281167,6.092545746641798,4.181277895186897,75394.32960857634,85105.8401305613
2025-01-30,78636.3599588512,90151.86074810891,7863.63599588512,90.15186074810892,2823.0,32.36399841308594,86.6406021118164,1.9866330930807141,3.6715838484126184,0.06467634467979266,2.8219867829248013,3.877983016115083,8.55742349923112,8.587733235328287,75645.49754179874,85528.44945637505
2025-01-31,78349.66424923648,89501.08031584717,7834.9664249236475,89.50108031584716,2812.5,32.12799835205078,86.64700317382812,-0.36458415644460285,-0.7218713256291753,0.007388062704660747,1.7303912104418506,3.0779000027987724,9.713011967250097,12.349229581117683,75901.26990528608,85892.26850482644
2025-02-03,79506.68855576582,90139.6672078562,7950.668855576582,90.13966720785619,2857.10009765625,32.391998291015625,86.55400085449219,1.4767444348565029,0.7134962949670198,-0.10733472125903365,3.4280741571748097,5.703556358176298,9.629223239322027,10.843336213498,76226.87769970305,86216.27966072122
2025-02-04,80387.09898790866,91931.66791422712,8038.709898790866,91.93166791422712,2875.800048828125,32.88800048828125,86.94339752197266,1.1073413421379241,1.9880267610026703,0.4498886979645178,4.08942834677688,6.628796520570779,11.995112932656049,12.626191038423906,76575.04603593708,86619.24766081308
2025-02-05,81041.54098555217,92042.23249324293,8104.154098555217,92.04223249324293,2893.0,32.856998443603516,87.13009643554688,0.814113217024981,0.12026821825856793,0.21473616041636223,6.781830817217638,9.771825995701167,12.390515255444834,12.234769733743134,76940.89063437148,87020.89702467417
2025-02-06,80773.60592671458,91305.88131621687,8077.360592671457,91.30588131621687,2876.699951171875,32.518001556396484,87.33409881591797,-0.33061446707357556,-0.8000144684453647,0.2341353776900812,4.986476761911951,6.888288280706711,11.910307309656964,11.228908112318358,77263.58911353347,87333.96887340647
2025-02-07,81315.66538466085,91056.3054731999,8131.566538466085,91.0563054731999,2887.60009765625,32.334999084472656,87.58830261230469,0.6710848819081905,-0.2733403800710521,0.29107049804513174,5.461531213356596,4.711664622957157,11.576469666644806,10.35495292834141,77579.4251256051,87592.50758409432
2025-02-10,82562.61278374205,91138.49854127581,8256.261278374204,91.13849854127581,2934.39990234375,32.391998291015625,87.51309967041016,1.5334651609656635,0.0902662013890998,-0.08585957217073226,4.99292290099056,1.0944175583060156,14.43874152569855,12.114799373975194,77996.34373239419,87980.31148811852
2025-02-11,82490.28518276662,90661.67258114433,8249.028518276662,90.66167258114433,2932.60009765625,32.23099899291992,87.49009704589844,-0.08760333344207671,-0.5231882988674941,-0.026284778619833915,5.284797290717802,1.2967354820762722,14.77275828063853,13.465400210373947,78384.57312158516,88316.18624651202
2025-02-12,81741.33317335506,91253.21500032785,8174.133317335505,91.25321500032786,2928.699951171875,32.69499969482422,86.81120300292969,-0.9079275308021661,0.6524724311191887,-0.7759667275401338,2.8106372660985146,1.2353582245914874,12.218072998371277,14.324452662874233,78690.93839887227,88522.09575069857
2025-02-13,82266.90359393114,91193.54304771438,8226.690359393115,91.19354304771439,2945.39990234375,32.650001525878906,86.8740005493164,0.6429677620518603,-0.065391616737287,0.07233806722457548,2.338440657381158,-0.8029059879577249,11.755942764672733,11.620448802452298,78982.15413759477,88701.9338181993
2025-02-14,80906.58369354805,91488.84028800692,8090.6583693548055,91.48884028800691,2900.699951171875,32.80099868774414,86.75409698486328,-1.6535445494552992,0.32381375964087855,-0.13802007930445725,-0.1665285363073088,-0.6012372692900891,10.476478114331812,11.266859003172014,79200.67338328811,88967.29891103553
2025-02-17,80608.62263712208,91151.90712065608,8060.862263712208,91.15190712065608,2900.699951171875,32.80099868774414,86.43460083007812,-0.36827788645057424,-0.36827788645060755,-0.36827788645059645,-0.2042539610552785,-0.16863557236530546,10.431041464963497,8.955908220760378,79405.93396790707,89217.66333870869
2025-02-18,82349.24959396063,93035.94639872402,8234.924959396063,93.03594639872402,2949.0,33.31700134277344,86.85479736328125,2.1593557858870405,2.0669225006713976,0.4861438928019046,1.271076371828772,2.1740843923288455,12.156174925478025,10.925702075476496,79699.48862306237,89530.14552513276
2025-02-19,82019.61352721375,92165.560491842,8201.961352721375,92.165560491842,2936.10009765625,32.99300003051758,86.88719940185547,-0.4002903103212496,-0.9355372203683543,0.03730598603401969,-0.6576817741349772,1.126924370057547,11.251277043654916,9.708830563645332,79949.62083039669,89796.99438239525
2025-02-20,82564.62848126293,93409.94431393014,8256.462848126293,93.40994431393014,2956.10009765625,33.444000244140625,86.872802734375,0.664493443227876,1.3501614002535023,-0.016569376823716286,0.09012370163541394,3.031349030458319,11.093961896803805,9.836621353842222,80234.27838906313,90203.69621062068
2025-02-21,82083.32731616408,91655.83059446563,8208.332731616409,91.65583059446563,2953.199951171875,32.97600173950195,86.45120239257812,-0.5829386917281076,-1.877866144068474,-0.48530763199383653,0.41838581477957604,0.4412070239238508,9.445975752601289,6.7185930510129,80477.00078958714,90475.66032251355
2025-02-24,82435.77604765963,90623.16117358292,8243.577604765964,90.62316117358291,2963.199951171875,32.57500076293945,86.52940368652344,0.4293791967496796,-1.1266816460938411,0.0904571501391116,0.2052738663436804,-0.6254630043631804,11.063145042662947,8.683773717262255,80804.06438613086,90814.38413595899
2025-02-25,81351.37897242713,88634.20610645993,8135.137897242714,88.63420610645993,2918.800048828125,31.801000595092773,86.69010162353516,-1.3154447343415088,-2.1947535722278255,0.1857148323752389,0.5497640100141199,-3.1201993298424213,8.866670776060648,5.587080411897416,81024.77570041646,90975.00530771703
2025-02-26,82048.76060240943,90299.54454085072,8204.876060240942,90.29954454085072,2930.60009765625,32.25299835205078,87.0811996459961,0.8572462308458872,1.8788890965983684,0.4511449578861182,1.7865805396160228,-0.9351012027396188,8.509972523202268,3.6317423760226175,81271.98498271262,91142.02828338399
2025-02-27,81152.66687957286,89116.89266752574,8115.266687957286,89.11689266752573,2895.89990234375,31.801000595092773,87.16220092773438,-1.0921477865812546,-1.3096986029536017,0.09301810501873842,-1.4530584313612538,-4.212408088377362,6.161588890212544,1.735350249592127,81397.8003287487,91090.27987935483
2025-02-28,79975.29376199597,87651.34930569833,7997.529376199597,87.65134930569833,2848.5,31.2189998626709,87.3270034790039,-1.4508126015427947,-1.6445180234178625,0.1890757111631114,-2.492476710512026,-4.897937105849037,4.4934227687661865,1.7054822890962829,81479.08180438666,90997.7933288474
2025-03-03,81579.88624309751,90075.03878413021,8157.988624309752,90.07503878413021,2901.10009765625,32.03200149536133,87.46399688720703,2.00636022154137,2.7651479385432776,0.15687405126187937,-1.192692629130998,-3.5701825477938987,6.635619556912786,4.562583574354906,81582.74168875327,90994.56190766109
2025-03-04,82002.03229638524,90150.01386959551,8200.203229638524,90.15001386959551,2920.60009765625,32.108001708984375,87.32959747314453,0.517463400267304,0.0832362511050011,-0.15366255698995301,-0.09903962526484067,-1.6429033647980984,7.222815061175081,3.8758549400747633,81663.48835417708,90905.47920542952
2025-03-05,82047.72477193829,92136.8517011151,8204.772477193828,92.13685170111509,2926.0,32.858001708984375,87.21700286865234,0.055721150163567934,2.2039240441977137,-0.12893063491654644,-0.47073163415966013,1.6703130942792965,6.532009025900609,6.113503353306937,81713.79754349639,90910.21016582313
2025-03-06,81756.2062727061,92363.33408531744,8175.6206272706095,92.36333408531745,2926.60009765625,33.0629997253418,86.88929748535156,-0.35530357489192976,0.24581085637378486,-0.3757356622243746,0.49762807390907327,4.207323721474299,6.354410160747492,8.311170790139144,81762.92756079597,90963.08280427815
2025-03-07,81631.40236217463,91175.2795871391,8163.140236217463,91.1752795871391,2914.10009765625,32.54800033569336,87.12879943847656,-0.15265374486087557,-1.286283685992673,0.27564033782800923,-0.5086709868260209,0.9698111443875668,5.700617561812393,5.751484285848196,81778.71440967167,90969.0315099751
2025-03-10,81168.34215260192,90353.46813354822,8116.834215260193,90.35346813354822,2899.39990234375,32.275001525878906,87.07379913330078,-0.5672574477138648,-0.9013533682728725,-0.06312528754011115,0.019315782994944186,1.38758817661635,6.948906376278696,7.757764163229219,81709.00087811465,90929.77998958873
2025-03-11,82034.40152889144,92366.99399980089,8203.440152889143,92.3669939998009,2920.89990234375,32.88800048828125,87.3551025390625,1.0669915798714458,2.228498703864412,0.32306320450203874,2.57467984178128,5.380002397516992,6.625211181043333,8.13049214300161,81686.20669542089,91015.04606052155
2025-03-12,82614.96670272404,93874.01910693018,8261.496670272403,93.87401910693018,2946.800048828125,33.48400115966797,87.20010375976562,0.7077094036312737,1.631562359962202,-0.17743528974459855,1.268793703072979,4.217572786068335,7.146646939364354,7.95193978551072,81729.88837188933,91146.08626585167
2025-03-13,83997.66364158715,95617.43348193288,8399.766364158715,95.61743348193288,2991.300048828125,34.05099868774414,87.3405990600586,1.6736639788750507,1.8571851845576193,0.1611182719231996,2.4336364469467853,6.064801742844028,6.817843152380654,6.062628866968356,81816.42637427214,91367.2807875626
2025-03-14,83869.05207706164,95539.3426774746,8386.905207706164,95.53934267747461,3001.10009765625,34.1870002746582,86.9220962524414,-0.15311326404777725,-0.0816700486664157,-0.47916182407841124,2.21983889277364,3.692866549637408,7.044558366284193,6.746580421508375,81964.54979344782,91569.80590703597
2025-03-17,84025.12267713698,95242.07602386431,8402.512267713699,95.24207602386431,3006.10009765625,34.07400131225586,86.93900299072266,0.18608842738789821,-0.3111458015927715,0.019450449322055974,2.775222222105911,3.1167583620224537,5.683086798668446,5.660558746286792,82135.37479544857,91774.3143521964
2025-03-18,84972.93927269548,96628.4891492287,8497.293927269548,96.6284891492287,3040.800048828125,34.57899856567383,86.91639709472656,1.1280157235835864,1.4556729370504229,-0.02600201890802234,4.09344543132486,5.981017647308451,5.704696826385791,5.109035157921582,82266.5592793853,91953.94148972162
2025-03-19,84651.3856149578,94568.94460333652,8465.13856149578,94.56894460333652,3041.199951171875,33.974998474121094,86.57610321044922,-0.3784188948739886,-2.13140510011649,-0.39151862669418724,4.291135398339829,4.6655391949731895,4.454313905567497,2.745166041337699,82398.14788377252,92074.11069529635
2025-03-20,84489.86660409033,93783.24883334627,8448.986660409033,93.78324883334626,3043.800048828125,33.7859992980957,86.33709716796875,-0.1908049226768127,-0.8308179532782178,-0.27606468022647324,2.9932138583763646,1.5332910298546887,4.600835427289818,2.7132617104363765,82494.40978991389,92092.77592126717
2025-03-21,83867.1119917198,92405.3857558291,8386.71119917198,92.4053857558291,3021.39990234375,33.290000915527344,86.33609771728516,-0.7370760984730773,-1.469199558191503,-0.001157614416491537,1.5156397671881816,-1.5644726465031566,3.1377061172523257,1.481589084488255,82583.59902369167,92130.25367933534
2025-03-24,83367.65879649408,91962.6286369061,8336.765879649409,91.9626286369061,3015.60009765625,33.26499938964844,85.98699951171875,-0.5955292645286492,-0.47914644292805786,-0.4043479086923263,-0.7500266290515589,-3.822320587298933,0.9750733238793163,0.9042612165231612,82630.19316113339,92197.22705250149
2025-03-25,83209.84988545763,93502.80299083215,8320.984988545762,93.50280299083215,3025.89990234375,34.00199890136719,85.53209686279297,-0.1892927225192631,1.6747828729505754,-0.5290365421621535,-0.7859897963295337,-2.1316241346954645,0.872302357904009,3.133772330468454,82723.11670678492,92440.6568967201
2025-03-26,83173.01238267288,93651.8514178631,8317.301238267288,93.6518514178631,3022.5,34.03300094604492,85.59040069580078,-0.04427060358294099,0.15940530365230465,0.06816602789634363,-1.0141137166062797,-1.6696660471814506,1.751475237480582,2.6285500379648274,82779.32929579809,92608.27224057072
2025-03-27,84729.43871103137,96595.98720674221,8472.943871103136,96.59598720674221,3061.0,34.89699935913086,86.09539794921875,1.8713117197168394,3.1437027077475976,0.5900162276524457,-0.2865624794767596,-0.033635983313673457,2.993348490731207,5.924152059977716,82958.167887371,92982.22696753155
2025-03-28,85037.8599579691,95449.59358573842,8503.78599579691,95.44959358573841,3086.5,34.64400100708008,85.69490051269531,0.3640071876194195,-1.1867921785924662,-0.4651786809321212,0.45654815949405236,0.9312242894279121,5.106230019634994,4.329220137956757,83211.29619716966,93372.13918153355
2025-03-31,85881.26022593369,94761.45126924783,8588.12602259337,94.76145126924783,3122.800048828125,34.457000732421875,85.53880310058594,0.9917938532101322,-0.7209483986670429,-0.18215484372521296,1.6468171601728976,1.0430460109564388,6.541034217328789,3.9599216984169905,83426.36489631148,93606.45980578943
2025-04-01,86447.7785080311,93861.51621299454,8644.77785080311,93.86151621299454,3146.0,34.15800094604492,85.46810150146484,0.6596529680713115,-0.949684754928759,-0.08265441712804744,3.0770899999109202,1.5758069134769848,4.977008211099787,0.8873664924440972,83648.65220689378,93792.03492295937
2025-04-02,87147.39369033209,94956.03654726523,8714.739369033208,94.95603654726523,3166.199951171875,34.499000549316406,85.61009979248047,0.8092922621903975,1.1661012717789188,0.16614185704497686,4.533814369268274,3.2550264762199577,6.251895056073353,3.027677627664649,83903.63565281346,93932.9941652669
2025-04-03,85963.8125085911,87690.41472709828,8596.38125085911,87.69041472709829,3121.699951171875,31.8439998626709,85.65119934082031,-1.3581372105592737,-7.651563907209235,0.048007826692719746,3.3096594056165607,-6.216271681506457,4.116997908007991,-6.123041426520704,84114.01596460771,93699.34819735592
2025-04-04,83227.89820932514,79833.41561103072,8322.789820932514,79.83341561103072,3035.39990234375,29.115999221801758,85.28289794921875,-3.1826349011597643,-8.959929247135346,-0.4300014412361386,0.0659899468348435,-14.755112256324976,1.3944011903324283,-12.89870475970436,84193.84075696525,93132.25499855052
2025-04-07,81768.96980853613,81147.50600348809,8176.896980853613,81.14750600348809,2973.60009765625,29.510000228881836,85.529296875,-1.7529319280894073,1.646040548809724,0.28891950403464595,-3.494026335512357,-15.992880915632746,-0.8088796771173579,-10.45610751973749,84223.87213976195,92671.95689204751
2025-04-08,82703.91574906318,81846.50647343899,8270.391574906318,81.84650647343899,2990.199951171875,29.591999053955078,86.0270004272461,1.1433994371168543,0.8613948898452239,0.5819100243200648,-2.744594243151821,-14.2515924911512,1.6625861709049339,-7.658103943378391,84257.34785077054,92145.93251572942
2025-04-09,85575.27652319783,84266.38917928812,8557.527652319783,84.26638917928811,3079.39990234375,30.322999954223633,86.435302734375,3.4718558947641753,2.9566108684607517,0.47462111325642375,-0.35628692677643903,-11.07524415190715,4.298073358934862,-6.681268872661095,84405.36334179423,91665.5510193473
2025-04-10,88070.55351124235,85010.6028350579,8807.055351124236,85.0106028350579,3177.5,30.67099952697754,86.20929718017578,2.915885392865891,0.8831678478430582,-0.2614736653306582,1.877173747224159,-9.429757514093174,8.524533940376045,-4.607756969026566,84609.00783527698,91135.20948700355
2025-04-11,89983.66979360399,88258.65030428817,8998.366979360399,88.25865030428817,3244.60009765625,31.823999404907227,86.2603988647461,2.1722541826848074,3.820755718592306,0.05927630341715506,3.2545736403205128,-7.053144261811495,12.514334816190399,0.69285984003713,84914.7387211041,90771.17486834424
2025-04-14,89406.23726945312,88932.36334020292,8940.623726945312,88.93236334020293,3226.300048828125,32.09199905395508,86.19300079345703,-0.6417081293476068,0.7633393821364853,-0.07813327109087442,4.004504523944874,1.4162877630009119,9.593481171368756,-1.2685816840620756,85183.79445071991,90455.68923416117
2025-04-15,89642.57040367169,89152.92279205717,8964.257040367169,89.15292279205717,3240.39990234375,32.22700119018555,86.0447998046875,0.2643362940174976,0.24800808566227683,-0.1719408622570917,7.707358148361632,11.67369216223133,9.317498473294862,-1.1060354122414906,85417.27600726872,90081.9109163026
2025-04-16,92232.71783441183,90749.89346778215,9223.271783441183,90.74989346778216,3346.39990234375,32.92599868774414,85.72669982910156,2.8894167347905952,1.791271251364135,-0.369691110105419,12.796722339020295,11.833250258955964,12.413498473947904,-1.505324099668759,85796.34261824141,89890.95835952487
2025-04-17,91622.95945298826,89244.56990902926,9162.295945298825,89.24456990902927,3328.39990234375,32.41999816894531,85.62049865722656,-0.6611085477479794,-1.6587606896610985,-0.12388342498511618,10.784306429923918,9.03894833677612,12.0685066371238,-3.3766258084699796,86152.99726068633,89664.02441330902
2025-04-21,94290.39078720825,89453.78048154188,9429.039078720825,89.45378048154188,3425.300048828125,32.49599838256836,85.62049865722656,2.9113132233942407,0.23442386772201118,0.0,10.184149696142587,6.155943493931937,15.507498412031918,-1.8881204569840992,86674.16120046075,89516.44414959467
2025-04-22,93620.50658366512,90022.8825051579,9362.050658366512,90.02288250515791,3419.39990234375,32.880001068115234,85.15889739990234,-0.7104480084878517,0.6361967270164248,-0.5391247009342903,6.301712492035505,5.8960641413461135,15.341159004642835,-0.3658803975312708,87186.80358981929,89419.45684300725
2025-04-23,90267.73940138692,91848.88558489122,9026.773940138692,91.84888558489122,3294.10009765625,33.518001556396484,85.2323989868164,-3.581231617543057,2.028376595949033,0.08631110683468002,0.3156901784896249,4.067856542361614,10.03644534372059,-0.5609237590981753,87539.69806561575,89336.7609727102
2025-04-24,92049.18732053865,92038.18481515272,9204.918732053866,92.03818481515272,3348.60009765625,33.481998443603516,85.4999008178711,1.9735156003301446,0.20609855966793322,0.31384993762297864,2.9561137251757907,3.4923410986715364,11.419505441141276,-1.9556361911875708,87983.50681250905,89256.07764257469
2025-04-25,90411.9742596853,90425.67801610028,9041.19742596853,90.42567801610028,3298.39990234375,32.98899841308594,85.2573013305664,-1.778628479523836,-1.7519976108730906,-0.2837424195631155,0.8583018676828313,1.4276090835650068,7.636296463515491,-5.429716398750228,88267.63358994175,88947.5621830426
2025-04-28,91900.66991168687,90563.76912086997,9190.066991168687,90.56376912086996,3347.699951171875,32.9900016784668,85.38490295410156,1.6465691233836566,0.15271226912458857,0.1496665054414592,-0.36001099232605416,-0.20509593984070484,9.576378456317247,-5.207879201557175,88610.77408762764,88703.27095979916
2025-04-29,91272.8793152405,91105.86481627722,9127.28793152405,91.10586481627722,3333.60009765625,33.275001525878906,85.1603012084961,-0.6831186291129887,0.5985789909911388,-0.26304620352640695,-0.382087786552443,2.0856113813369825,8.625701941492792,-4.342840244841694,88880.35504209297,88520.49163715064
2025-04-30,90887.0766903985,89079.78801336122,9088.70766903985,89.07978801336122,3319.10009765625,32.53099822998047,85.1707992553711,-0.42269141472955907,-2.2238708858115297,0.012327395190037116,-3.609396533831577,-0.4180845864393934,6.9600245305430075,-7.812086479184832,89102.31995121134,88281.40522716897
2025-05-01,87571.05171549656,87481.36534756707,8757.105171549656,87.48136534756708,3222.199951171875,32.18899917602539,84.53119659423828,-3.6485109826975615,-1.7943718787862384,-0.7509647281987664,-6.46167713562027,-2.8231901566195816,3.449047028974861,-7.494616002640042,89123.50285246955,87907.67166718407
2025-05-02,88317.07671034792,87108.03664952186,8831.707671034792,87.10803664952186,3243.300048828125,31.98900032043457,84.69670104980469,0.8519082279325074,-0.4267522535364665,0.19579097686366342,-2.1609743458459008,-5.161574803199587,4.529785949587817,-7.117702006342652,89241.1660625574,87878.55276330524
2025-05-05,90286.28134268735,87519.78488475137,9028.628134268734,87.51978488475136,3322.300048828125,32.20500183105469,84.52629852294922,2.2296986106070893,0.4726868507967552,-0.201191456979255,-1.9151782097895254,-4.909266669563294,7.653976867119638,-5.28713865660102,89594.08521922551,88262.87122699126
2025-05-06,92681.26778971047,89662.10939507099,9268.126778971047,89.66210939507098,3422.800048828125,33.112998962402344,84.2208023071289,2.652658201673863,2.4478173856810725,-0.36142149976834403,2.509947989308592,-0.8444156989271812,11.17172909455395,-2.5015805615106856,90139.70011828424,88688.60139657042
2025-05-07,92468.77466985898,88684.85603113152,9246.877466985898,88.68485603113152,3391.89990234375,32.53099822998047,84.79319763183594,-0.22927299649551092,-1.089929035277848,0.6796365138147964,0.6181725973467112,-2.0746851726442306,11.127198038629693,-5.152729977702397,90627.94306432402,89030.51887445504
2025-05-08,90152.51382811497,88292.73878281735,9015.251382811497,88.29273878281735,3306.0,32.37799835205078,84.81719970703125,-2.5049113606336215,-0.44214679468670415,0.02830660461647927,-1.2274900228094965,-3.0877551507060175,8.391545821774393,-5.722377672101797,90856.80492956987,89231.8363546315
2025-05-09,92548.77698408844,90434.32162931815,9254.877698408844,90.43432162931815,3344.0,32.67599868774414,86.08219909667969,2.6580103584711967,2.425548098319452,1.4914420589431154,1.828313060778064,1.520584687239901,9.228596804145983,-6.3788007717508926,91080.71610321218,89503.02229434453
2025-05-12,88638.96522571782,88935.52816020117,8863.896522571782,88.93552816020117,3228.0,32.38800048828125,85.4083023071289,-4.2245958139920265,-1.6573281494390968,-0.782852664804623,1.2194823395415222,1.6622543633797227,4.234708245866736,-6.824613055775808,91013.48087481788,89536.86618714017
2025-05-13,88720.49921431688,89785.8651100113,8872.049921431688,89.7858651100113,3247.800048828125,32.86800003051758,84.9656982421875,0.09198436420305711,0.9561273963296424,-0.5182213590311124,0.45678878762265285,3.074146271099698,3.3060052692680753,-5.250643687483514,90979.19397206107,89579.54127563059
2025-05-14,87192.10688412265,88130.1303229397,8719.210688412266,88.1301303229397,3188.300048828125,32.22600173950195,85.060302734375,-1.7227048356684538,-1.8440929260333916,0.11134433559039092,-3.427070439218294,0.6973799569915062,0.8610150416096696,-6.106214901801643,90856.6707960836,89528.40165217471
2025-05-15,88682.78858016849,89273.70852849523,8868.278858016849,89.27370852849523,3226.60009765625,32.48099899291992,85.48760223388672,1.7096521110872231,1.297601854626862,0.5023489051597663,-4.314225846170283,-0.4331828340825461,1.761836843098541,-5.984167226631842,90679.17433337144,89454.59240521037
2025-05-16,87556.1225817521,88341.80208181647,8755.61225817521,88.34180208181647,3187.199951171875,32.15800094604492,85.44490051269531,-1.2704449380252503,-1.0438755844687564,-0.04995077657526936,-5.312768667743784,-0.38682359612178807,1.8523027617020515,0.7428261763219757,90475.83248980963,89409.45401384974
2025-05-19,88885.62969791258,88825.15317815005,8888.562969791257,88.82515317815005,3233.5,32.3129997253418,85.50029754638672,1.518462760749939,0.5471374648730043,0.0648336335568489,-1.4052676696490574,0.6030103977659351,6.797878608393737,11.263125219305948,90205.59443534486,89378.02264868014
2025-05-20,90154.94072469539,90522.736876018,9015.494072469539,90.522736876018,3284.60009765625,32.97999954223633,85.37210083007812,1.4280272650333936,1.9111520072059074,-0.14993715810057706,-2.5865671458895845,0.09776735768778355,10.255688601428137,11.553319792880522,90032.31614239638,89403.01536722314
2025-05-21,91122.89175151751,92024.911443968,9112.28917515175,92.024911443968,3313.5,33.4630012512207,85.53610229492188,1.0736527793611783,1.6594444885238202,0.19210194343250997,2.802296393549275,3.4737335547182724,10.179658273979243,12.435967531286284,90075.0737599029,89411.81666017699
2025-05-22,90682.14538846289,90949.10284998838,9068.214538846289,90.94910284998838,3295.0,33.047000885009766,85.60030364990234,-0.48368346809767315,-1.1690406185662527,0.07505761106474385,2.211040505314754,1.2955688944488175,5.967691923123009,7.930461641689535,90006.7216632991,89357.36256191877
2025-05-23,93036.00433343853,92438.94874053482,9303.600433343852,92.43894874053481,3365.800048828125,33.44200134277344,85.97489929199219,2.5957248087726814,1.6381094962572451,0.43761017907355537,6.702323935218524,4.8891547099795485,5.638037487254266,8.73814048806334,90137.92316698677,89458.02609814049
2025-05-26,92196.70808571775,91605.0386497368,9219.670808571775,91.6050386497368,3365.800048828125,33.44200134277344,85.19930267333984,-0.9021198338578285,-0.9021198338578063,-0.9021198338578174,3.9623466535140706,2.611440881833005,2.459377681739161,3.7915698165690737,90152.7250756883,89510.08957458384
2025-05-27,90361.64255358076,90750.42674923029,9036.164255358077,90.75042674923029,3300.39990234375,33.145999908447266,85.158203125,-1.9903807524568884,-0.9329311063054346,-0.04823930132084042,3.204253328154305,2.726483511376765,1.0686114451369244,2.044321482914513,90107.16323760533,89492.31767123149
2025-05-28,90425.35452211698,90565.32179042028,9042.535452211698,90.56532179042027,3294.89990234375,33.0,85.3604965209961,0.07050775830954592,-0.20397144723243166,0.23755009919497194,1.7322539418771266,1.9590944118949016,0.8732281045939594,1.5842430670023333,90084.07712919125,89566.59436008443
2025-05-29,91061.71217662067,91369.17678982319,9106.171217662068,91.36917678982319,3317.10009765625,33.28300094604492,85.38590240478516,0.7037380808366578,0.8875969118324667,0.02976304593402812,1.005792300051822,0.9350578020685507,-1.2696206783079922,0.6824066655911842,90258.61015224746,89760.98493219724
2025-05-30,90261.53737417086,90269.76865242912,9026.153737417086,90.26976865242912,3288.89990234375,32.891998291015625,85.36129760742188,-0.8787170626638474,-1.2032593222581434,-0.02881599499485743,-0.9452667280308358,-1.9072474659294292,-1.4858962065244619,1.1487519570601235,90355.8331854386,89919.07153234261
2025-06-02,93411.7907032333,95036.8463094386,9341.179070323331,95.0368463094386,3397.199951171875,34.5629997253418,85.52429962158203,3.4901392339500736,5.280923755730926,0.19095540804663358,3.0101243227949714,4.494539617606286,-0.9318023572070566,6.241285497205729,90512.1086534659,90294.92460357698
2025-06-03,92684.73887563233,94693.71058635731,9268.473887563234,94.69371058635731,3377.10009765625,34.50299835205078,85.36370086669922,-0.7783298255257698,-0.36105546049375326,-0.18778143240389955,-0.37755862402180096,2.439190272653735,-0.999532839737971,5.188489805280105,90512.282207762,90546.50466314128
2025-06-04,93668.42008170308,95120.62642908705,9366.842008170308,95.12062642908704,3399.199951171875,34.51900100708008,85.70880126953125,1.061319498769575,0.4508386460792435,0.4042706669558749,1.596273908843937,3.8377668206576843,3.7673267358503404,3.5620909533757183,90572.2644783542,90868.29318303906
2025-06-05,93216.35259190414,98568.87898390827,9321.635259190414,98.56887898390828,3375.10009765625,35.68899917602539,85.9041976928711,-0.48262529612927985,3.6251365074765562,0.2279770810530657,3.1592055629474203,8.615333849925166,1.26797998476742,7.095635558080193,90725.45641654366,91382.10019309362
2025-06-06,92400.49268604114,99465.95926826834,9240.049268604114,99.46595926826835,3346.60009765625,36.025001525878906,85.87750244140625,-0.8752325994075272,0.9101049881134582,-0.031075607690655982,2.18427472511713,9.82786490666403,2.199397195601893,9.99747134940856,90718.04220164129,91833.68207504113
2025-06-09,92530.20184769592,101187.75876450147,9253.020184769592,101.18775876450147,3354.89990234375,36.6879997253418,85.7853012084961,0.1403771320738656,1.7310439761499596,-0.10736366369418215,1.6126312980223823,10.746054982266063,0.6850134352818227,11.730949083459974,90912.6040327402,92446.29360525614
2025-06-10,92181.52454451141,100750.65356869968,9218.152454451141,100.75065356869968,3343.39990234375,36.54199981689453,85.75599670410156,-0.37682539994717823,-0.43197438221661555,-0.034160286181550426,2.1271376781246465,11.610625653230278,0.995525983279899,10.58635332848441,91085.65529924993,92994.53302819056
2025-06-11,92078.85989099422,99593.98657678199,9207.885989099423,99.59398657678199,3343.699951171875,36.16600036621094,85.65280151367188,-0.11137226686636081,-1.148049120226291,-0.12033583002453163,-1.426940648717212,4.795129935715048,1.3112790552780806,11.803124814176403,91329.9929495935,93567.72584088266
2025-06-12,93495.15835866591,99510.35691874938,9349.51583586659,99.51035691874938,3402.39990234375,36.2130012512207,85.46980285644531,1.5381364075840454,-0.08397058989915163,-0.21365168913635157,0.8743828734534498,5.086553586892628,6.764914349111351,13.750347314986033,91570.61143851838,94079.55826039538
2025-06-13,95122.77824557206,99952.19243378253,9512.277824557206,99.95219243378253,3452.800048828125,36.28099822998047,85.68840026855469,1.7408600781895878,0.4440095772080266,0.2557598178581699,1.5526664831118087,5.079409362697418,7.705985964124129,14.745086995748702,91948.94422170936,94660.07777799368
2025-06-16,94760.91485011857,100878.10333728028,9476.091485011857,100.87810333728028,3417.300048828125,36.37900161743164,86.24919891357422,-0.3804171851659821,0.9263537706900804,0.6544627315505203,1.6569649157765598,2.3427519691575194,4.9560502890217295,15.263198452920722,92242.70847931967,95262.72528595019
2025-06-17,94313.70010274208,102676.78098776384,9431.370010274208,102.67678098776383,3406.89990234375,37.09000015258789,86.10420227050781,-0.47194009057831554,1.7830208845915463,-0.1681136113643178,2.070559756863677,3.2280608794367893,1.761340076546558,14.515241366168773,92450.646448222,95870.42749153748
2025-06-18,94630.1704540569,102363.0724112267,9463.01704540569,102.36307241122671,3408.10009765625,36.86600112915039,86.36270141601562,0.3355507746701347,-0.30553020217347626,0.30021664296442374,2.2694953263125095,1.1615176193995769,2.3374331409870663,15.423395822273921,92626.01038334897,96387.33553990042
2025-06-19,94905.08931128355,102660.45683687527,9490.508931128355,102.66045683687527,3408.10009765625,36.86600112915039,86.61360168457031,0.29051924550862473,0.29051924550864694,0.29051924550864694,2.954566850819451,1.8955740737436777,5.271706002818566,16.27281954567028,92837.15757949001,96972.90323924477
2025-06-20,94248.87565319621,100147.61388621827,9424.887565319621,100.14761388621827,3385.699951171875,35.97600173950195,86.58380126953125,-0.6914420110126995,-2.447722353943771,-0.034406160763977844,2.3566926922975906,0.5558842742071191,1.8369758353479426,10.740714456524604,92897.80114547789,97358.33649652894
2025-06-23,94503.94188292595,100636.25918578192,9450.394188292596,100.63625918578192,3395.0,36.15299987792969,86.5802993774414,0.2706305279102761,0.4879250544289837,-0.004044511835354925,1.078968731610841,1.1314422959530113,6.616702532879359,13.156419338404346,93013.1628353383,97809.8975233312
2025-06-24,92430.8873329529,98979.43024921921,9243.08873329529,98.9794302492192,3333.89990234375,35.70100021362305,86.23300170898438,-2.193617016040672,-1.6463538589049587,-0.4011278211721203,-2.829911996125345,-0.9732274609261515,4.182109153458491,10.239434824115534,93116.62507430691,98221.34769833063
2025-06-25,92333.19750821481,99663.2840843211,9233.319750821482,99.6632840843211,3343.10009765625,36.084999084472656,85.90480041503906,-0.10568958879102475,0.6909050025647012,-0.3805982482819159,-2.561939535665758,-1.204244739710758,5.8962798443723985,13.086504829982527,93212.0172236118,98676.24581302569
2025-06-26,92577.57144703274,101166.1557153364,9257.757144703273,101.1661557153364,3348.0,36.58599853515625,86.006103515625,0.2646653050179193,1.5079491357557373,0.11792484249599777,-1.8408021886725523,-1.4712433111897627,4.391813709537784,13.321332095266559,93287.8101871324,99166.09475930134
2025-06-27,90548.35164102365,99254.49379070997,9054.835164102366,99.25449379070997,3287.60009765625,36.0369987487793,85.66639709472656,-2.1919129809643834,-1.8896259436856577,-0.3949794340313506,-4.3134433695382395,-3.036816448834734,3.417498366807714,12.35280631788207,93302.15090047504,99615.33101621538
2025-06-30,90877.45765391119,98501.64065863183,9087.745765391119,98.50164065863183,3307.699951171875,35.85200119018555,85.4552993774414,0.36345886691815377,-0.7585078552368785,-0.24641834423331233,-4.243852133326531,-4.0510400074019515,2.240888614692893,10.89385960424336,93175.43424800894,99788.57073367505
2025-07-01,92312.75101631721,99433.65876264387,9231.275101631722,99.43365876264387,3349.800048828125,36.082000732421875,85.71399688720703,1.5793722661917586,0.9461955128666766,0.30272845762671086,-2.054268152761085,-0.7129027800757748,2.393446520264586,9.843849395351878,93156.83485504318,100025.56814248937
2025-07-02,92508.6641396349,100298.256616039,9250.86641396349,100.298256616039,3359.699951171875,36.42599868774414,85.6427993774414,0.21222758628767213,0.8695223168434296,-0.08306404128991529,-2.111316949892794,-0.3358655940489008,1.5207730587569968,8.990332120133004,93098.84705793977,100284.44965183697
2025-07-03,92101.21377926215,101344.6762740425,9210.121377926214,101.3446762740425,3342.89990234375,36.784000396728516,85.69409942626953,-0.44044562113417784,1.0433079230972142,0.05990001401290357,-0.3566703330491805,2.389633905618438,1.5648818019470934,11.43010002110807,93043.09011730767,100423.23951634367
2025-07-04,91796.92934842929,100876.50431374527,9179.69293484293,100.87650431374527,3346.5,36.775001525878906,85.31909942626953,-0.3303804785484532,-0.46196009253733905,-0.4376030584493651,-0.5807966952924071,1.2173191367020442,-1.331823087079742,9.127706111082755,93012.91195042708,100493.76676861753
2025-07-07,91885.88040990487,100646.21324316163,9188.588040990488,100.64621324316164,3342.800048828125,36.6150016784668,85.49629974365234,0.09689982236547046,-0.2282900980265845,0.20769126558344286,-0.747147528625336,-0.5139490262314528,-0.3371353297385582,9.869735034985228,92980.69587853752,100466.68949255053
2025-07-08,91595.92111695348,100717.13179520771,9159.592111695349,100.7171317952077,3316.89990234375,36.47200012207031,85.89199829101562,-0.31556458038806134,0.07046320945502949,0.4628253486405054,1.1569172237203107,1.4736239626408132,1.3659319690219718,10.982543446895644,92951.41570715963,100465.01340387593
2025-07-09,91512.04182028084,100167.25056893718,9151.204182028083,100.16725056893718,3321.0,36.35100173950195,85.7073974609375,-0.09157536236307218,-0.5459659309884124,-0.21492203435838908,0.6982855625058626,1.6909463630942811,1.2017506637456155,10.602213505890234,92923.07480362397,100493.6766034837
2025-07-10,91642.73450197576,102061.6256821966,9164.273450197576,102.06162568219659,3325.699951171875,37.03799819946289,85.70850372314453,0.14281473683168677,1.8912120503454144,0.0012907429694619665,-0.7258114474597566,2.6429349500513677,0.6380533722319726,11.7024682371488,92830.45361078947,100621.24004165606
2025-07-11,92726.57092658509,106607.98856942981,9272.657092658508,106.6079885694298,3364.0,38.67599868774414,85.73480224609375,1.1826757794814124,4.454527210246351,0.030683679923027007,0.23555284143037536,6.290968722961643,2.730989992111099,18.099326231696324,92710.64324484012,100954.02984843843
2025-07-14,92684.92006614803,106125.07692027783,9268.492006614802,106.12507692027783,3359.10009765625,38.46200180053711,85.82129669189453,-0.04491793454762805,-0.4529788579938132,0.10088603873197322,0.6337661176592624,4.7169726343679,-0.77813585588411,11.667296465979216,92606.84350564159,101216.3785275883
2025-07-15,92224.65859678124,104571.21559136591,9222.465859678125,104.57121559136591,3336.699951171875,37.83399963378906,85.96839904785156,-0.4965872215656031,-1.4641792251224417,0.17140542222886523,0.4659515861673791,3.6626083573726653,-0.49639270114192335,10.431004280902755,92502.39143034354,101311.1002577684
2025-07-16,92870.46674374177,104653.79818902975,9287.046674374176,104.65379818902976,3359.10009765625,37.85300064086914,85.99310302734375,0.7002553945838708,0.07897259030300585,0.02873611671940779,1.0715316971928956,3.981853680064229,-0.8518915310680941,10.02219194492977,92414.40624482778,101425.63654665856
2025-07-17,92372.877564574,105083.01661242306,9237.2877564574,105.08301661242307,3345.300048828125,38.055999755859375,85.88520050048828,-0.5357883906632832,0.41013172079815696,-0.1254781174964248,0.8482435005249478,4.334798598209377,-0.9048573601917576,6.608716357196509,92287.79565749232,101546.76453543594
2025-07-18,92906.00240742291,105742.37080347743,9290.600240742291,105.74237080347743,3358.300048828125,38.222999572753906,86.04650115966797,0.5771443489743344,0.6274602807476048,0.18780960891948695,1.5232537264108448,5.56581138333565,0.5470855259391394,6.310110093324561,92220.65199520363,101826.5023812989
2025-07-21,94348.47966938898,108299.67629854233,9434.847966938898,108.29967629854232,3406.39990234375,39.10100173950195,86.14859771728516,1.552620094060586,2.4184302618083464,0.11865277058475954,2.95249283221124,6.112043164754222,1.965064147040274,7.0284366615854355,92212.8788845268,102209.67323693691
2025-07-22,95433.29924479805,108965.28008790634,9543.329924479805,108.96528008790635,3443.699951171875,39.31999969482422,86.19529724121094,1.149800801465406,0.6145944402725645,0.05420810687950528,2.919042827924656,2.2111771829756544,3.527577479711197,8.153422561775535,92362.99948011905,102708.96572887128
2025-07-23,94316.88139380493,109035.15273701839,9431.688139380492,109.0351527370184,3397.60009765625,39.27799987792969,86.3427963256836,-1.169840988237636,0.06412377323830043,0.17112196279094327,1.7607625129224758,2.7421189234347,2.4305486682395294,9.479654831326334,92462.18367439855,103177.55916150614
2025-07-24,93708.49627658776,108391.8548874896,9370.849627658776,108.3918548874896,3373.5,39.020999908447266,86.39869689941406,-0.6450437166989786,-0.5899912398713902,0.06474260286823963,1.6089381108951084,3.653624254549781,0.22818071188610567,8.925199591025468,92518.7299158763,103538.84412011379
2025-07-25,92689.60888453816,106058.40573664504,9268.960888453816,106.05840573664504,3335.60009765625,38.16699981689453,86.4302978515625,-1.0872945704328396,-2.1527901273270644,0.03657572773954065,-0.194742059068842,1.342146746626649,-2.5579250374209495,6.109133931111943,92625.79277805204,103879.03971741056
2025-07-28,92058.90533649884,105759.2756564042,9205.890533649883,105.75927565640421,3310.0,38.0260009765625,86.506103515625,-0.6804468760084892,-0.2820427840331763,0.08770728083420387,-0.33989655443577016,0.6435474216308412,-2.8513966099772747,4.838683676282063,92684.8651621814,104241.92146729918
2025-07-29,92738.42751516844,106253.01562953817,9273.842751516844,106.25301562953817,3324.0,38.08399963378906,86.77760314941406,0.7381384518811984,0.46685264254082703,0.3138502634557172,-0.18037036134608275,0.48291410735417095,-1.6702478917247299,3.4830022984461584,92706.14898712398,104582.88931064389
2025-07-30,92254.28621128123,105152.75923970714,9225.428621128123,105.15275923970714,3295.800048828125,37.566001892089844,87.06320190429688,-0.5220503699052137,-1.035506035581324,0.3291157447516291,-2.2196366761246367,-2.9057492749657854,-2.51070481155814,2.7252863388794513,92693.4300907063,104825.6144418273
2025-07-31,92871.19797187892,103079.91940099794,9287.119797187892,103.07991940099794,3293.199951171875,36.551998138427734,87.714599609375,0.6687079657034412,-1.9712652846169632,0.7481894656185206,-2.684703655007281,-5.401133904451461,-2.1430793165723383,0.4085921464280995,92731.92930033713,104912.37659817506
2025-08-01,95631.26261588096,103476.29530175486,9563.126261588095,103.47629530175486,3399.800048828125,36.7869987487793,87.4894027709961,2.9719274697390885,0.3845326064089605,-0.25673814779043624,1.3935800279358812,-5.098225018009495,1.4667410651894253,3.323775061998413,92923.64596370971,105042.36614757555
2025-08-04,96110.5699938276,104323.62100582806,9611.05699938276,104.32362100582806,3426.39990234375,37.19200134277344,87.24530029296875,0.5012036491370608,0.8188597220283533,-0.27900805159943864,2.5633467750351357,-3.753265303822273,1.7000646522152163,3.664048971890921,93134.88044290585,105226.23653570886
2025-08-05,97058.96391589413,106497.25599781511,9705.896391589413,106.49725599781512,3434.699951171875,37.6870002746582,87.89330291748047,0.9867737982694802,2.083550178789917,0.7427364251549662,4.71396425547419,0.4137816876672584,5.007067135761711,7.595341506479536,93408.03258285289,105515.24274583925
2025-08-06,96834.34448019836,106513.83017885758,9683.434448019836,106.51383017885757,3433.39990234375,37.76599884033203,87.72309875488281,-0.23142575052667036,0.015563012292818534,-0.19364861365769315,5.18737337386761,0.7134641550541554,4.874895588429151,6.873690905810914,93674.14771584875,105832.57172633526
2025-08-07,97450.62694240853,107667.75248670239,9745.062694240853,107.66775248670238,3453.699951171875,38.15800094604492,87.76249694824219,0.6364296319847584,1.0833544394255101,0.04491199458134254,5.081172447602,1.3314792514659946,5.263753865226262,6.426652001742883,93964.54233787039,106112.87806656053
2025-08-08,98141.93023922891,107991.82147909809,9814.193023922891,107.99182147909808,3491.300048828125,38.41699981689453,87.43319702148438,0.7093882497327897,0.3009898367068775,-0.37521713511867727,6.381973423396037,2.6999407908250728,8.386214061974083,8.802954258989848,94235.31030350259,106182.06971204394
2025-08-11,95767.87854520002,105936.19918551504,9576.787854520002,105.93619918551504,3404.699951171875,37.6619987487793,87.48829650878906,-2.4189983712791796,-1.9034981218285285,0.06301895525009371,3.1190300508433078,2.7709371535358907,5.381335501167994,7.547649437280413,94389.45822745518,106172.62582530582
2025-08-12,95800.10250792434,106817.53216544157,9580.010250792435,106.81753216544158,3399.0,37.89899826049805,87.66449737548828,0.03364798637479627,0.8319469517526823,0.20139935709173606,0.17655303028001335,3.2289877154406232,3.7777570847072894,7.425929503834916,94568.23042301234,106284.9416540096
2025-08-13,95986.72107047238,108423.3422608958,9598.672107047238,108.42334226089581,3408.300048828125,38.499000549316406,87.59559631347656,0.19479996123450416,1.503320721702428,-0.07859631216112772,-0.1288608769703048,3.929811116160087,3.7597093885040067,8.100924102760022,94724.04313934888,106473.41885760291
2025-08-14,95121.46417190043,106789.52932944355,9512.146417190042,106.78952932944355,3383.199951171875,37.981998443603516,87.44999694824219,-0.9014339576582597,-1.506883017423366,-0.166217676871927,-1.9962089701190622,0.27444212425007386,3.279273169924646,5.372608858779926,94861.4724697152,106558.74449345392
2025-08-15,95367.57039289564,106836.71448526098,9536.757039289563,106.83671448526098,3382.60009765625,37.89400100708008,87.69180297851562,0.2587283775935756,0.04418518942232996,0.27650776296372914,-1.514725064930511,0.30313838668762916,3.889717302975826,5.908422592617124,94984.55086898882,106613.46167754312
2025-08-18,95043.47294542685,106779.00716564152,9504.347294542686,106.77900716564153,3378.0,37.95100021362305,87.51280212402344,-0.3398403106355419,-0.054014502315513635,-0.20412495628131522,-2.470126742647083,-0.8254517258272198,3.436428449546214,6.093417451944294,95019.30053279072,106537.42822089807
2025-08-19,94265.35853078557,104576.8221296789,9426.535853078556,104.5768221296789,3358.699951171875,37.26100158691406,87.29509735107422,-0.8186931627467642,-2.062376392530485,-0.24876905740109923,-3.9499648101416818,-3.162275904458345,2.9143627590399346,3.8322083499352066,94960.9034970901,106318.0053229867
2025-08-20,94866.41559136928,105561.11475809867,9486.641559136928,105.56111475809867,3388.5,37.70500183105469,87.0791015625,0.6376224203161751,0.9412148967380407,-0.24743175175754306,-0.9412999092438534,-0.35406634398834624,3.6654998668656624,5.384857983547553,94988.38020696832,106144.30342404071
2025-08-21,94607.0332077269,106388.14727691155,9460.703320772689,106.38814727691155,3381.60009765625,38.027000427246094,87.01820373535156,-0.2734185560036906,0.7834632295311339,-0.06993391761710432,-1.2453737198232728,-0.4019797872365949,3.2346248961910185,4.239126670573556,95033.30705352528,106044.1180435118
2025-08-22,95941.8466985439,109463.79080520745,9594.18466985439,109.46379080520745,3418.5,39.00299835205078,87.29340362548828,1.4109030222797303,2.8909644608158036,0.3162555400174405,-0.046750604071099655,0.9596167417603052,3.4674805072911097,2.6787882166239063,95195.91894422556,106214.38729693992
2025-08-25,95954.10253703693,108594.48852083339,9595.410253703692,108.5944885208334,3417.5,38.676998138427734,87.3301010131836,0.01277423659724608,-0.7941459709914445,0.042039130302162775,0.8753422504428565,1.69020240347868,3.527199967972927,2.3268879252833052,95390.67880425246,106356.14794016138
2025-08-26,96696.68595391065,108673.21900077334,9669.668595391066,108.67321900077334,3433.0,38.582000732421875,87.60859680175781,0.7738943903801143,0.07249951725207815,0.31890011043520516,1.3936766508146459,1.7189825841805728,4.84905818592587,3.922688845309863,95588.59172618957,106477.15810872315
2025-08-27,97127.33589955709,108964.7773640489,9712.73358995571,108.9647773640489,3448.60009765625,38.68899917602539,87.60070037841797,0.44536163923105665,0.268289065103966,-0.009013297356774697,2.192536625136565,2.047003672750658,4.583662928669607,4.1192763660927945,95832.24421060337,106667.75901494024
2025-08-28,97916.39344976917,110449.3932849317,9791.639344976917,110.4493932849317,3474.300048828125,39.189998626708984,87.65910339355469,0.812394927652571,1.362473229236949,0.06666957556780151,3.873145952965551,5.615557095405532,6.001237626618194,5.106797316545841,96084.50398449789,107036.23270913694
2025-08-29,99018.24763583369,113208.768804926,9901.824763583369,113.20876880492601,3516.10009765625,40.20000076293945,87.5916976928711,1.1253010320787293,2.4983165936238283,-0.07689526594969465,4.3765035482611125,7.244764385401292,6.578956224600652,7.0609330438835105,96253.85323549552,107522.85638429548
2025-09-01,99676.85312767318,113961.76048716146,9967.685312767318,113.96176048716146,3516.10009765625,40.20000076293945,88.17430114746094,0.6651354750911054,0.6651354750911276,0.6651354750911054,5.358819263272507,7.118850552531009,5.647545648807073,5.228163538560215,96432.1673921878,108004.76335836214
2025-09-02,101634.50230885022,116202.62274429211,10163.450230885022,116.20262274429211,3592.199951171875,41.07099914550781,88.00140380859375,1.9639957720871681,1.9663282205815813,-0.19608586245332127,5.933443858124865,6.15622014322208,6.497944756311247,6.641879551493046,96660.9443118356,108490.031695686
2025-09-03,102855.96583979594,117531.08276944884,10285.596583979594,117.53108276944884,3635.5,41.54199981689453,87.99829864501953,1.2018197592328361,1.1432272299740198,-0.0035285386821515274,7.192879845960709,8.229325788390263,9.053611951329742,7.7919183118143165,96962.02537981547,109040.89432521556
2025-09-04,102127.77169503593,115844.10271705982,10212.777169503594,115.84410271705983,3606.699951171875,40.9109992980957,88.072998046875,-0.7079746311402291,-1.4353480055129153,0.08488732510250063,5.616620350064472,6.598574867130291,8.984537958647888,6.875283975263313,97195.88261744686,109449.71183673343
2025-09-05,103588.14026956595,116464.00110856236,10358.814026956596,116.46400110856236,3653.300048828125,41.07400131225586,88.19290161132812,1.4299426593687325,0.5351143277587234,0.13614111829065578,6.651890850470976,6.8822457365821155,11.758094047633637,9.811193464246081,97468.19311896371,109873.32081820664
2025-09-08,104263.68123688053,117453.28864955848,10426.368123688053,117.45328864955849,3677.39990234375,41.42599868774414,88.1863021850586,0.6521412253918557,0.8494363336134736,-0.007482944941095138,6.482354551148273,6.341271016816252,13.25757226394353,11.057198454295714,97892.98325354772,110449.17529140883
2025-09-09,104156.13411654139,115629.08954514898,10415.61341165414,115.62908954514897,3682.199951171875,40.87799835205078,87.98049926757812,-0.10314916859188727,-1.5531273116177302,-0.23337288488249897,5.18882792149955,2.137926916592048,12.31173194036037,8.824289701387332,98310.78483397857,110889.75316039419
2025-09-10,104431.9843065232,116664.87642387302,10443.198430652319,116.66487642387303,3682.0,41.132999420166016,88.21829986572266,0.26484296131148444,0.895783995877264,0.27028784801652606,4.770547052442864,2.371949963879416,13.200143424612865,10.947993440593184,98733.04799578112,111301.82986854305
2025-09-11,103998.97543861429,118043.47282209319,10399.897543861429,118.0434728220932,3673.60009765625,41.696998596191406,88.05339813232422,-0.41463242394970123,1.1816721883040282,-0.18692463315370667,2.326447295012901,1.5841725722937738,11.981946728096272,14.516458208397065,99176.92355911681,111864.52704317553
2025-09-12,104615.21001250802,120288.76770882633,10461.521001250801,120.28876770882633,3686.39990234375,42.387001037597656,88.2676010131836,0.59253908155803,1.9020915202292432,0.2432647523011866,1.7103958514688378,2.3463452172792554,9.394362419654122,16.24765590809314,99639.30554009744,112537.12970435382
2025-09-15,105551.95268843399,120670.93821101131,10555.1952688434,120.6709382110113,3719.0,42.516998291015625,88.27729797363281,0.8954172876142641,0.31771087979723944,0.010985866091184349,3.352840208462604,4.1666648372603365,9.82345926698045,15.669813842322444,100164.7295272478,113231.7262566223
2025-09-16,105540.88516402425,120330.37736302083,10554.088516402426,120.33037736302083,3725.10009765625,42.47100067138672,88.12349700927734,-0.01048538101650065,-0.28222275639803174,-0.17422482097425585,1.8851046938160199,3.3198037313301842,8.738936524688313,12.989181022175366,100728.50585890972,114019.40401828938
2025-09-17,105048.50117318054,117887.82401442596,10504.850117318054,117.88782401442596,3717.800048828125,41.72200012207031,87.88459777832031,-0.46653388407580376,-2.029872590880366,-0.27109594950808225,0.7527260950214831,0.3699644087139964,8.48268941879593,10.678419709881082,101237.61013800028,114635.73948110575
2025-09-18,103963.27285000653,117880.44040294125,10396.327285000652,117.88044040294126,3678.300048828125,41.707000732421875,87.91069793701172,-1.033073590821565,-0.00626325199097888,0.029698217152041018,-0.18516553842049532,1.9470453902633356,6.683021045566839,9.485372992716833,101705.42212011426,115210.35413740724
2025-09-19,105093.44089534496,120628.59488526564,10509.344089534496,120.62859488526564,3705.800048828125,42.5359992980957,88.20690155029297,1.0870839425851653,2.3313065958445733,0.33693693740604047,0.633385062262426,3.3975251017207775,7.083119966329554,11.701602244586095,102163.00182995433,115768.59434141013
2025-09-22,106928.01026723991,124058.69454323023,10692.801026723992,124.05869454323023,3775.10009765625,43.79899978637695,88.09919738769531,1.7456554436369398,2.8435211909971114,-0.12210400853526204,2.8164073888924834,5.0957681753422746,11.65331412951014,17.10699033668288,102711.69721646447,116541.80464253
2025-09-23,108329.71751432777,125463.40338907324,10832.971751432777,125.46340338907324,3815.699951171875,44.19200134277344,88.30439758300781,1.310888740550431,1.132293750966018,0.23291948326098488,3.5506380968653106,4.301844452154291,13.078916074611735,17.455815394379727,103293.34879448533,117381.31386194497
2025-09-24,107588.43153282192,124993.99408494029,10758.843153282192,124.9939940849403,3768.10009765625,43.777000427246094,88.80799865722656,-0.6842868222265985,-0.3741404197981635,0.5703012398055929,1.929361601105728,3.582516170023853,12.086786935696757,15.283288154105247,103816.40357614857,118182.77469798955
2025-09-25,107638.44797409068,127578.56947324936,10763.844797409069,127.57856947324936,3771.10009765625,44.696998596191406,88.77860260009766,0.04648867964349712,2.067759660958357,-0.03310068639466035,1.9874409872596255,6.023576314700385,13.158947784455854,19.467301967098315,104302.50630236465,119039.23350740543
2025-09-26,108713.48787010659,131920.35168897317,10871.348787010658,131.92035168897317,3809.0,46.22100067138672,88.77310180664062,0.9987508332289119,3.40322221329985,-0.006196080244480484,3.4888519645644767,11.903288394592849,13.994188404117258,23.47848052475696,104787.26831407829,119974.81265160779
2025-09-29,109912.73132072449,132891.99635665995,10991.273132072449,132.89199635665994,3855.199951171875,46.61199951171875,88.67680358886719,1.103122964880665,0.7365388700430575,-0.10847679737854277,5.72265407544601,12.734560460077926,15.644691754725159,24.45517137138249,105299.06222373084,120921.32444508272
2025-09-30,110460.40307927485,131909.6588351125,11046.040307927486,131.9096588351125,3873.199951171875,46.25299835205078,88.70449829101562,0.4982787271041955,-0.739199913071531,0.031231055955549536,5.106847904308753,9.351898660990532,17.18027152381778,26.13661053071581,105740.35726225209,121706.67624962374
2025-10-01,111324.08882306231,135074.18248525631,11132.40888230623,135.0741824852563,3897.5,47.290000915527344,88.8406982421875,0.7818962449083422,2.3990082895290366,0.15354345472429198,4.111250686172396,8.879255083719716,17.348260845633035,27.958275918920595,106163.76341141542,122583.83123541411
2025-10-02,110288.22210849018,131156.33227962547,11028.822210849019,131.15633227962547,3868.10009765625,46.0,88.68299865722656,-0.930496468036246,-2.900517429419569,-0.17750826826128385,1.8079107368699443,4.53752148975104,16.575077316220654,23.280962810872374,106571.78593208813,123349.4427135424
2025-10-03,111498.26809508698,135766.66613924937,11149.826809508699,135.76666613924937,3908.89990234375,47.59700012207031,88.72019958496094,1.0971670079208184,3.515143935097753,0.04194820686900247,3.634067814319142,8.618551741764847,16.2144277308133,24.0288365134808,106967.29232336415,124314.57596507673
2025-10-06,113439.85236969027,137173.12571350782,11343.985236969027,137.17312571350783,3976.300048828125,48.082000732421875,88.73509979248047,1.7413582361184954,1.035938801661307,0.01679460550048084,5.389713903154769,7.520507777969909,18.22303514943937,26.316839447327702,107426.10088000465,125300.56781827421
2025-10-07,114223.48886387133,134575.72195917662,11422.348886387133,134.5757219591766,4004.39990234375,47.17900085449219,88.72109985351562,0.6907947055742492,-1.893522321388219,-0.015777227948787775,5.068369253636873,2.0128586955741046,18.125546637983668,23.835221958612408,107929.46861737117,126247.89943897558
2025-10-08,116137.09732060364,138822.41497767743,11613.709732060364,138.82241497767743,4070.5,48.65599822998047,88.74259948730469,1.675319564973976,3.1556160031517733,0.024232830549397733,5.6630073014167115,4.462585244863981,19.57199921627135,27.40118259855184,108514.72426807517,127355.77636666581
2025-10-09,113388.06618196997,133721.75897450483,11338.806618196997,133.72175897450484,3972.60009765625,46.849998474121094,88.7771987915039,-2.3670568681812276,-3.674230853852223,0.03898838257963,2.650418630641793,1.373743329635535,15.800901347676511,21.0706143306159,108984.17880524296,128139.69067428638
2025-10-10,114294.98658791273,134106.0438964685,11429.498658791274,134.1060438964685,4000.39990234375,46.9379997253418,88.86540222167969,0.7998376164977561,0.2873765084386415,0.09935369822033913,2.6686926398942656,-0.71674584363558,15.428205726547862,18.459060470440527,109468.1676340132,128830.55448366849
2025-10-13,117939.84600436405,143051.6478628627,11793.984600436404,143.0516478628627,4133.0,50.130001068115234,88.7573013305664,3.188993257939443,6.67054497059083,-0.12164564432355363,6.9378431799788975,9.069570165988194,18.322200494530392,25.52600736540782,110087.5622998097,129949.58996626106
2025-10-14,118683.92445692144,143427.55962432103,11868.392445692143,143.42755962432102,4163.39990234375,50.31399917602539,88.66510009765625,0.6308965780147391,0.2627804482327134,-0.10388016707127967,6.444634956756845,5.642691024919366,16.775230616332305,23.42884888229961,110744.71426445455,131104.4490793261
2025-10-15,119931.46881864744,145783.98676382095,11993.146881864745,145.78398676382096,4201.60009765625,51.073001861572266,88.78250122070312,1.0511485590273262,1.6429388784638732,0.1324096210544745,5.7225184213054,6.277367381929677,16.6013734248994,24.03866562668664,111488.86264672791,132499.25721679584
2025-10-16,121524.93169796016,149691.40367515478,12152.493169796016,149.6914036751548,4304.60009765625,53.02299880981445,87.80950164794922,1.328644512577637,2.6802785395518613,-1.0959362029406505,6.392242879912824,11.232101523158455,18.99303165141617,29.217974988993923,112366.9455891256,134089.8053804065
2025-10-17,119192.84796711558,141063.59047298483,11919.284796711558,141.06359047298483,4213.2998046875,49.86399841308594,87.9906997680664,-1.9190166974467182,-5.763733247430269,0.20635365958874274,2.6311581028035658,1.6144190372050282,15.064183657455121,21.122054137133638,113071.91594271413,135111.55515979248
2025-10-20,123342.22473172648,144633.00599427664,12334.22247317265,144.63300599427663,4359.39990234375,51.11899948120117,88.0022964477539,3.481229650419704,2.5303591871748132,0.013179437961130525,8.778841446842955,8.159664592695147,18.298359762975092,23.140873837780205,113892.62666593844,136140.27073234477
2025-10-21,116098.82316952127,134065.58898655986,11609.882316952127,134.06558898655985,4109.10009765625,47.45000076293945,87.87999725341797,-5.872604923382774,-7.3063661610787145,-0.13897273056794335,1.578228963018491,-0.03016635845277671,11.466140860812946,15.944516655743524,114281.08194869812,136570.38001221913
2025-10-22,115023.05905544433,134282.21991623493,11502.305905544434,134.28221991623494,4065.39990234375,47.46099853515625,88.00160217285156,-0.9265934698633127,0.16158578149145786,0.1383761074581269,-2.47311408971298,-6.13025300836425,10.14160060181828,15.100811857335405,114652.81332482924,137034.79130378386
2025-10-23,116943.90668542583,136763.65709073405,11694.390668542583,136.76365709073406,4145.60009765625,48.481998443603516,87.74030303955078,1.6699674358822136,1.847926833535407,-0.2969254273206712,-1.4660938955782354,-4.646179960839958,12.447171899738873,15.858720368939515,115118.08626039601,137494.04568465808
2025-10-24,116775.34592454314,136527.64870592975,11677.534592454314,136.52764870592975,4137.7998046875,48.37699890136719,87.77899932861328,-0.1441381305450129,-0.17256659395099572,0.04410320881278462,-2.6316053035894793,-6.349351710957829,11.623678727578168,13.499914669016832,115521.17916311782,137724.41053550591
2025-10-27,113507.00079286705,131480.28624754245,11350.700079286706,131.48028624754244,4019.699951171875,46.5620002746582,87.8290023803711,-2.7988314706325124,-3.696952599878822,0.056964709258777724,-6.597766230406932,-12.165773705437532,7.536618605166501,8.957706136028687,115700.89263672495,137653.82503005007
2025-10-28,112976.90435494829,133665.6495491973,11297.69043549483,133.6656495491973,3983.10009765625,47.125,88.22209930419922,-0.4670165137092397,1.6621224093932963,0.4475707490399383,-5.215030698722989,-5.24440140718262,7.045628980055918,11.082215877995383,115826.71770050863,137741.62456575426
2025-10-29,113480.4844711652,135361.37030350146,11348.04844711652,135.36137030350147,4000.699951171875,47.72100067138672,88.22550201416016,0.4457372231007284,1.2686286716319328,0.003856981400085502,-7.995429206835625,-6.410456331898451,8.026752598862764,14.82218069182213,115934.53748291377,137755.98395666655
2025-10-30,114066.69225087753,137553.775412315,11406.669225087753,137.55377541231502,4015.89990234375,48.428001403808594,88.34559631347656,0.5165714461337956,1.6196682287552333,0.13612197899097733,-1.7503458374220848,2.601850670349748,9.718258307862015,16.689227612423196,116123.46099003314,138075.85611330104
2025-10-31,113886.87377858638,136766.83500675837,11388.687377858638,136.76683500675836,3996.5,47.99399948120117,88.6344985961914,-0.1576432775798109,-0.5720965514743659,0.3270137899004322,-0.9877891321863452,1.850293428328298,8.36725185542091,13.37845320741935,116242.89127420812,138125.86455667645
2025-11-03,114567.40057855516,136681.70739529055,11456.740057855515,136.68170739529054,4014.0,47.88800048828125,88.77539825439453,0.5975462995778003,-0.06224287596010569,0.15896706184919118,-2.032176087005,-0.05992066692771525,7.144423890636786,10.175032792773454,116299.26868465135,138101.2936407656
2025-11-04,112974.19041307241,134439.43226455135,11297.419041307241,134.43943226455136,3960.5,47.130001068115234,88.72339630126953,-1.3906313291889072,-1.6405085753387838,-0.05857698658358057,-3.255101050119713,-1.529519083622588,4.2873488506331325,7.154300483657883,116236.80376211142,138094.47915603436
2025-11-05,113909.45309108807,136543.5690463046,11390.945309108807,136.54356904630458,3992.89990234375,47.862998962402344,88.73200225830078,0.8278551716954352,1.5651187648670684,0.009699760593062656,0.3545616529463613,3.8509824881498345,5.875187014263505,9.240103931326281,116125.42155063563,137980.5368594657
2025-11-06,113630.57264306751,136077.660818294,11363.057264306752,136.07766081829402,3991.0,47.79399871826172,88.55690002441406,-0.24482643051367825,-0.34121579746650976,-0.197338310226558,0.5785857665789429,1.804510939969628,5.5668999151856635,6.661848757307731,116137.54687369052,138098.33195165516
2025-11-07,114315.51143492303,136891.80633362196,11431.551143492303,136.89180633362196,4009.800048828125,48.016998291015625,88.6729965209961,0.6027768547880452,0.5982947608241806,0.1310981939860456,0.7358330973375571,1.130629829388563,5.153016129433596,3.7685274341672015,116138.57311604102,138237.62007351284
2025-11-10,117494.34525448777,143025.55902741916,11749.434525448776,143.02555902741918,4122.0,50.176998138427734,88.65799713134766,2.7807545797267963,4.48073033593297,-0.016915397287697864,3.0049552029364435,3.9779232512539675,6.897848722947475,7.625412326234016,116116.2980785472,138236.31563174067
2025-11-11,117396.84936208159,144362.5101802721,11739.68493620816,144.3625101802721,4116.2998046875,50.61800003051758,88.70709991455078,-0.08297922099570476,0.9347638016199866,0.055384494114374405,3.0819843121860924,5.5537405491165925,6.279577196390096,9.440439354578057,116051.9443238052,138283.0631595382
2025-11-12,119845.91067013817,151690.28971669183,11984.591067013816,151.69028971669184,4213.60009765625,53.332000732421875,88.46649932861328,2.0861388711574946,5.075957412536813,-0.2712303594292531,4.607340364647361,10.980681034365247,7.654966626872994,12.301467923560594,116047.66641637974,138578.37830718173
2025-11-13,119474.59855174356,151174.03743751295,11947.459855174357,151.17403743751294,4194.5,53.07400131225586,88.59400177001953,-0.30982460420915237,-0.34033310908896386,0.1441251121881093,5.7538877817167045,12.447691046501209,8.329426540412243,15.262477083614767,115945.14975906893,138652.50999529965
2025-11-14,116910.04160709865,144459.94561280005,11691.004160709865,144.45994561280006,4094.199951171875,50.59000015258789,88.81610107421875,-2.1465290327250752,-4.441299536957954,0.2506933875453088,2.6341874485264594,5.797692723126979,4.853683922154239,6.4031030007280165,115831.00944106808,138822.3277522904
2025-11-17,116171.83766641142,144341.61938549706,11617.183766641141,144.34161938549707,4074.5,50.625,88.68199920654297,-0.6314290291403069,-0.08190936719589814,-0.15098823980543852,2.2364271905294775,6.07297224063692,2.408311752573389,5.225873242081658,115472.49008780233,138807.75842185144
2025-11-18,115883.47484325574,143767.89362484514,11588.347484325574,143.76789362484513,4066.5,50.45000076293945,88.63590240478516,-0.24822093628553699,-0.3974777081582115,-0.05197988562531952,1.3716103691014059,5.0230086631082305,1.45327900232739,6.830482892342915,115461.72267148904,139292.8736537657
2025-11-19,116244.14631451889,144607.62778313697,11624.41463145189,144.60762778313696,4082.800048828125,50.790000915527344,88.55680084228516,0.3112363274841323,0.584090186702646,-0.08924325285114554,-1.0640503057921635,1.1061440811530154,0.09217467664077716,4.167347763248319,115522.77703444278,139809.1440471108
2025-11-20,115504.13662322948,142949.17594217646,11550.413662322948,142.94917594217645,4060.0,50.24700164794922,88.48719787597656,-0.6365995318914242,-1.1468633199955613,-0.07859697464969173,-1.6122346972144874,-0.979017499994117,1.8662197112203627,6.900460357712546,115450.78853133295,140118.41998968294
2025-11-21,116327.77616193505,142213.8818072239,11632.777616193505,142.21388180722388,4079.5,49.87300109863281,88.69219970703125,0.7130822867342346,-0.5143745181504178,0.23167400027970242,-2.9355482289974644,-6.247207996745729,1.7785465790826738,6.045840795225255,115428.41004320253,140402.73164474763
2025-11-24,117986.65846208735,144940.13096776433,11798.665846208734,144.94013096776433,4094.199951171875,50.29499816894531,89.63400268554688,1.4260414450311787,1.9170063610498778,1.0618780249295856,-1.24540287868119,-4.123662088687263,0.039691808416941754,1.3201407555346822,115652.39292666355,141075.7238807587
2025-11-25,118659.36416849638,145985.4065228023,11865.936416849638,145.98540652280232,4140.0,50.933998107910156,89.14779663085938,0.5701540455315124,0.7211774600027532,-0.5424348351297015,1.496297954692971,1.0559749995275425,-0.02069386274294871,1.7833719720122376,115936.51591734096,141691.71172943898
2025-11-26,119385.3937410099,151670.92198903408,11938.53937410099,151.67092198903407,4165.2001953125,52.91600036621094,89.15059661865234,0.6118603260696354,3.8945779593001495,0.00314083791050912,2.766209211415105,5.077747246248121,-0.45532259632646843,4.038121988494048,116231.7613808332,142507.18931371561
2025-11-27,119402.00633905618,151692.027150925,11940.200633905619,151.692027150925,4165.2001953125,52.91600036621094,89.16300201416016,0.013915100939665415,0.013915100939665415,0.013915100939687619,3.036266819371458,5.511754624963383,-1.7469052063985746,1.3364985741677993,116498.52708524214,143214.1019006461
2025-11-28,122249.4446869815,162177.54139266888,12224.94446869815,162.17754139266887,4254.89990234375,56.44599914550781,89.36479949951172,2.384749163962696,6.912370042567506,0.22632423852162464,5.16610819801131,12.150060047925626,2.5644128586550963,14.96768290732511,116916.6556306619,144484.63721994165
2025-12-01,122800.85550628902,167815.58470078537,12280.085550628903,167.81558470078537,4274.7998046875,58.417999267578125,89.3499984741211,0.45105384381860514,3.476463670432328,-0.01656247814969536,6.317279273608345,17.39527954233713,-0.4389163780813554,16.02855347376664,117328.32837704857,146041.33108521637
2025-12-02,121606.10695272434,167055.7106127615,12160.610695272433,167.0557106127615,4220.7998046875,57.983001708984375,89.61270141601562,-0.972915496914839,-0.45280305126530473,0.2940156087082757,4.537463849942025,17.467935260505453,4.743617233020214,24.60744914156079,117759.92420403117,147672.14500262687
2025-12-03,122357.55627863677,167444.1155987139,12235.755627863677,167.4441155987139,4232.5,57.92100143432617,89.91719818115234,0.6179371618273866,0.23250027462557998,0.3397919718133746,3.704569544999803,15.526400094087546,6.37654508880432,24.695671328017443,118182.32936340861,149217.17233024733
2025-12-04,123006.64688110388,164802.23592424166,12300.664688110388,164.80223592424164,4243.0,56.84700012207031,90.17050170898438,0.5304867326616058,-1.577768000401758,0.281707540888565,3.663665942482508,12.889527692961721,5.184314743295326,20.501483676256015,118651.13307531043,150653.40108554473
2025-12-05,122550.88391767211,168740.69876731012,12255.08839176721,168.74069876731014,4243.0,58.422000885009766,89.8364028930664,-0.3705189719318991,2.3898115344011206,-0.3705189719318991,2.651488659935475,11.254482107987851,4.945853893561525,23.59452489419549,119062.90169944789,152245.84570722913
2025-12-08,121957.92050387083,167072.24981860345,12195.792050387083,167.07224981860344,4217.7001953125,57.77899932861328,89.93800354003906,-0.4838507849520002,-0.988764987282309,0.11309518602786728,2.1405956593030906,10.13911077368359,7.445285006186908,27.070190206348332,119286.08046191705,153448.18024678837
2025-12-09,122754.35136191729,174354.5174736812,12275.435136191729,174.3545174736812,4236.2001953125,60.16899871826172,90.12999725341797,0.6530374204118949,4.35875357097566,0.21347339925488207,0.4130134711274991,7.508423161705902,8.65437680629877,30.44078120422993,119553.95556190885,154947.7806114588
2025-12-10,122131.6671818467,174549.38313715957,12213.16671818467,174.54938313715957,4224.7001953125,60.37900161743164,89.91690063476562,-0.5072603725750802,0.11176404620993896,-0.2364325143083934,-0.5449378358834411,4.012618046399297,7.6234982173342125,28.950662028459394,119668.24338749427,156090.7352824822
2025-12-11,124512.51296802436,184557.39735515413,12451.251296802435,184.55739735515414,4313.0,63.92900085449219,89.79299926757812,1.9494090608234371,5.733629095744397,-0.13779541589269417,2.390016495166569,10.47655699897736,9.15764322697492,34.17108821764185,119920.13910830829,157759.90327836425
2025-12-12,125594.33070827718,178054.19234706563,12559.433070827718,178.05419234706562,4328.2998046875,61.36199951171875,90.25299835205078,0.8688425881587136,-3.5236761578155584,0.5122883612584062,2.645340858450562,6.336488272767493,10.279900168698909,30.188135404513126,120354.3535633672,159439.61561507755
2025-12-15,126246.15752699348,183288.72078313513,12624.615752699348,183.28872078313512,4335.2001953125,62.939998626708984,90.5770034790039,0.5189938232405877,2.9398512705987256,0.358996524070343,2.6336061733483795,11.217375028450194,10.193787141422117,34.09893999425593,120858.06955639631,161386.97068495944
2025-12-16,126440.12566928135,182992.78289448743,12644.012566928135,182.99278289448745,4332.2998046875,62.70000076293945,90.77690124511719,0.15364280869014646,-0.16145995639188504,0.22069372846897917,3.1735729904828647,8.446145020906082,11.919479313790916,36.11540885890703,121385.9020976976,163348.21514844155
2025-12-17,127896.11271371745,193681.95305132173,12789.611271371745,193.68195305132173,4373.89990234375,66.23699951171875,90.94889831542969,1.1515229336645838,5.841306956350079,0.18947228640033842,4.869050066869707,15.927063448064782,12.278752327469178,41.8462651914719,121968.50041765755,165801.9314118508
2025-12-18,126870.24669011064,187760.41558378408,12687.024669011063,187.7604155837841,4364.5,64.59200286865234,90.4136962890625,-0.8021088380560149,-3.0573511750826676,-0.5884645512813091,3.3529526917204233,7.688873396771334,11.651506930824972,37.980337444588066,122536.80592100159,168042.49339393116
2025-12-19,127310.2839835291,193970.24290874103,12731.02839835291,193.97024290874103,4387.2998046875,66.84500122070312,90.25579833984375,0.346840417590788,3.3073144334759608,-0.1746394138272267,4.24019168916423,11.126283818671933,11.367462197817012,41.696021189180584,123085.93131208132,170630.31144900701
2025-12-22,128707.2022408045,195551.77962407356,12870.72022408045,195.55177962407356,4469.39990234375,67.90599822998047,89.56999969482422,1.097254843494122,0.8153501751692049,-0.7598388775392206,3.3688897387023076,5.957161526157817,9.543316286439296,36.7250587614097,123621.95850101714,173160.8938818225
2025-12-23,129801.6614787163,203055.45846281984,12980.16614787163,203.05545846281984,4505.7001953125,70.48500061035156,89.60389709472656,0.850348091526465,3.837182588249144,0.03784459084272829,3.349936853608182,14.041380203517706,10.566563058583567,40.65664154028297,124179.07336652814,176014.39647882336
2025-12-24,129579.12747973038,204409.1492824856,12957.912747973038,204.4091492824856,4502.7998046875,71.03099822998047,89.50789642333984,-0.17144156434577562,0.6666606403558539,-0.10713894651839251,2.6400565514433483,11.52303775655672,8.121442571688364,34.754274426039714,124688.76005346417,178651.30784349592
2025-12-26,131890.45317100044,221577.80606053417,13189.045317100043,221.5778060605342,4552.7001953125,76.48600006103516,90.10590362548828,1.7837175911155967,8.399162580693575,0.6681055259304403,4.310599560755768,21.085543678678654,10.392045480596156,46.57133580369069,125313.18239506139,182145.5967889764
2025-12-29,125446.60471341835,201749.6586712737,12544.660471341835,201.7496586712737,4343.60009765625,69.85600280761719,89.82929992675781,-4.88575806865067,-8.948616173157475,-0.3069762219800043,-1.9152325651852098,4.165440038605039,7.3018219726656675,39.6578531270037,125473.04039638322,184124.20265290662
2025-12-30,126779.51139352005,223638.1100471347,12677.951139352004,223.6381100471347,4386.2998046875,77.3740005493164,89.9000015258789,1.06252910004756,10.849312717562288,0.07870661262945333,-0.0715181840957646,19.10823128069876,9.131019996058477,54.936677999890215,125671.97319074479,186915.32892022413
2025-12-31,125290.80280713824,202417.48181052812,12529.080280713824,202.4174818105281,4341.10009765625,70.13400268554688,89.76940155029297,-1.1742501371226233,-9.488824705294663,-0.14527249540517984,-1.5862671209280532,4.354914844212132,8.117920157819626,40.79463551071147,125856.20798346547,188683.41748011243
2026-01-02,125226.85111713574,204072.09621116295,12522.685111713574,204.07209621116294,4329.60009765625,70.55599975585938,89.96189880371094,-0.05104260533866922,0.8174266302668487,0.21443526423658987,-2.7040842028072443,4.3570642023656125,7.7274470047829835,41.12125296544023,125999.67272539044,190514.81651073488
2026-01-05,128817.16726448918,220402.80616038587,12881.716726448918,220.40280616038586,4451.5,76.16400146484375,90.00700378417969,2.8670497703364717,8.002421816809658,0.05013787066363573,-0.7584604102995551,8.543157533852952,11.526020652131574,54.18263498737461,126290.19874455969,193294.8450225421
2026-01-06,130434.48820987795,233622.22700057778,13043.448820987795,233.6222270005778,4496.10009765625,80.52999877929688,90.23300170898438,1.255516620752939,5.997845975959226,0.2510892656160335,0.660106875840305,14.291472676558548,12.126692792876504,64.27526204316764,126684.37895916999,196538.9214342055
2026-01-07,129363.74342384339,223607.22969969592,12936.374342384339,223.60722969969592,4462.5,77.13500213623047,90.16609954833984,-0.8209061887923808,-4.286834103699,-0.07414378262655674,-1.9157639437943907,0.9158966212560626,9.64268766490395,54.27558137740864,127054.6701051686,199365.67042826008
2026-01-08,128878.89079725757,215870.04783309193,12887.889079725757,215.87004783309192,4460.7001953125,74.71600341796875,89.8644027709961,-0.37479792541041945,-3.4601662374669218,-0.3346011182196129,2.7360533923419084,6.99896557685169,8.61249063685312,47.87097763732564,127360.8970769356,201441.44694623066
2026-01-09,130099.67432336394,228016.2474479578,13009.967432336394,228.0162474479578,4500.89990234375,78.88400268554688,89.90540313720703,0.9472331105229825,5.62662571152861,0.045624702269941864,2.6188481824466203,1.957688427925075,8.974532182385042,50.336164940332836,127759.29743401147,204114.79016177056
2026-01-12,133879.59480654512,245466.70680365447,13387.959480654514,245.46670680365446,4614.7001953125,84.61000061035156,90.23600006103516,2.905403493775216,7.653164873559959,0.3677164133546018,6.8550857740353965,21.26754300472049,12.125079729714173,61.81912221360781,128227.65152593752,207160.25563419558
2026-01-13,133274.2648389538,248857.2471164075,13327.426483895379,248.8572471164075,4599.10009765625,85.87699890136719,90.13269805908203,-0.45214505501456337,1.3812628021547146,-0.11447981058917422,6.426268527897894,21.945749436955488,9.018298758085352,53.4474163188029,128611.64823247136,210700.40837266264
2026-01-14,134543.98638093565,263733.14551823365,13454.398638093566,263.73314551823364,4635.7001953125,90.86900329589844,90.27300262451172,0.9527132215031653,5.977683420594815,0.1556644463674095,4.4456955839496715,19.659613283832943,9.56274353808979,57.15652749920037,129026.53967516846,214722.62960941758
2026-01-15,134062.20415916428,266390.52004651737,13406.220415916428,266.3905200465174,4623.7001953125,91.8759994506836,90.18319702148438,-0.3580852884849772,1.0075997550713645,-0.0994822376750748,2.781255171905972,14.026188118589644,10.242986572444401,59.46208547399854,129407.64359966261,218892.51646701907
2026-01-16,133505.23585374752,255921.3656663708,13350.52358537475,255.9213656663708,4595.39990234375,88.09100341796875,90.36160278320312,-0.4154551306313703,-3.930002606068128,0.1978259449775921,3.201432117138925,14.45129301502135,9.110740614764223,52.839868245771,129688.0997566641,222004.48709777155
2026-01-19,134008.16269189463,256885.44563241708,13400.816269189463,256.8854456324171,4595.39990234375,88.09100341796875,90.7020034790039,0.3767094488324352,0.3767094488324574,0.3767094488324574,3.979916232136138,19.000041094648633,8.94383847518796,55.87497596240465,130044.99555675329,225460.7386002032
2026-01-20,139287.53521748979,275330.9467242596,13928.753521748979,275.3309467242596,4765.7998046875,94.20600128173828,90.90450286865234,3.9395902604330457,7.180438364825292,0.2232579015691849,7.062170556468361,20.750582384310512,13.65689970140167,63.16807310602357,130643.85811845135,229528.77379097912
2026-01-21,141715.75274678654,270131.4611066985,14171.575274678655,270.1314611066985,4837.5,92.20999908447266,91.11840057373047,1.7433128711088486,-1.8884494022273213,0.2352993507782397,5.853138375242772,10.048105759113412,16.20053225021052,61.68541538166288,131294.28564375045,233257.75786511035
2026-01-22,144600.36574906728,282455.4214778738,14460.036574906728,282.4554214778738,4913.39990234375,95.97599792480469,91.53690338134766,2.035492135750694,4.562208459794137,0.4592956032832829,8.498340563948892,13.500982893116298,17.79652952809898,62.000632716907056,132034.220857268,237227.7560158631
2026-01-23,146585.8201060059,297089.65924232034,14658.58201060059,297.08965924232035,4979.7001953125,100.92500305175781,91.55829620361328,1.3730631638816826,5.1810787301857175,0.023370707851566586,8.950109216309453,12.647827658727294,20.022778275636277,70.20378640288266,132884.55548858177,241861.78151385477
2026-01-26,149518.27819714978,338545.2774954086,14951.827819714978,338.5452774954086,5082.5,115.08000183105469,91.5009994506836,2.000505975969036,13.95390817668114,-0.06257953162678298,11.529031716974746,27.086083031892993,20.082933540620985,83.43630889198496,133765.94673988922,247710.1550855985
2026-01-27,149867.8095788698,311149.824099155,14986.780957886982,311.149824099155,5082.60009765625,105.52300262451172,91.71309661865234,0.23377167389471154,-8.092109155657957,0.23179765165632915,12.256128848045456,21.580245279240273,19.32689057993675,74.75006906473598,134987.00698316182,253180.16335699256
2026-01-28,156079.44245693815,332873.92526210257,15607.944245693814,332.87392526210255,5303.60009765625,113.11100006103516,91.5343017578125,4.144741219293913,6.981878015147025,-0.1949501951540089,16.470101016002126,29.580687003349748,23.63104391796307,81.611789225129,136452.00353633272,258641.95411774097
2026-01-29,157381.052776334,337456.074165997,15738.105277633398,337.456074165997,5318.39990234375,114.03700256347656,92.04080200195312,0.833940907852071,1.3765418544833263,0.5533447400743352,12.990047911029645,22.56380119302568,24.47081331442378,84.4094990131781,138056.5160347925,265393.8837355144
2026-01-30,140021.09742550555,231022.5626441593,14002.109742550556,231.0225626441593,4745.10009765625,78.29000091552734,91.78189849853516,-11.030524351301663,-31.53996021108285,-0.2812920984896161,-1.1958129484087476,-14.47772810405511,9.480338733147153,19.27934379252314,138796.228350211,266741.40705716424
2026-02-02,137149.5963060382,226326.6016296487,13714.95963060382,226.3266016296487,4652.60009765625,76.77799987792969,91.68699645996094,-2.0507631865941067,-2.0326850160275134,-0.10339951572884143,-5.152662930299079,-19.87174455867966,8.102253983186136,20.540104753152978,139212.84980228843,267037.59683062736
2026-02-03,143187.2160790781,240943.31856981642,14318.72160790781,240.94331856981643,4935.0,83.04199981689453,90.24559783935547,4.40221476085676,6.4582408055089635,-1.5720862022510662,-2.3185080415486725,-18.898786587084913,12.47105229739578,24.216640117925326,139850.48619574844,267403.65140908933
2026-02-04,143927.85262017447,244681.43179769508,14392.785262017445,244.6814317976951,4950.7998046875,84.16500091552734,90.42289733886719,0.5172504650745813,1.5514492163830162,0.19646332204183992,-3.738957968472567,-27.72564024290267,11.825795382369453,25.123602693909408,140578.691655565,268457.3615139893
2026-02-05,141677.46915676,221749.3596886658,14167.746915676,221.7493596886658,4889.5,76.52899932861328,90.125,-1.5635496691201456,-9.372215921962457,-0.32944900864080306,-5.465043123753366,-28.73228826958929,9.149195428435242,9.20630322738598,141218.62057354013,268751.327106768
2026-02-06,144597.85592552027,222814.5105804433,14459.785592552027,222.8145105804433,4979.7998046875,76.73500061035156,90.3147964477539,2.061292304374085,0.4803400078687847,0.2105924524315128,-7.356245224021485,-33.0633931735564,11.59039170729037,9.004176849502077,141943.52965364794,268491.2402633922
2026-02-09,147936.08711055512,239012.00108890716,14793.608711055513,239.01200108890717,5079.39990234375,82.06500244140625,90.58799743652344,2.3086311782896107,7.269495360184819,0.3024985932704505,-6.001335929047203,-29.17241105242767,12.165879753821883,7.868204554570779,142646.35426884846,268168.50497765484
2026-02-10,146906.24721518176,234238.2365301608,14690.624721518177,234.2382365301608,5031.0,80.21800231933594,90.82279968261719,-0.696138390225054,-1.9972907372842075,0.25919796522522187,4.917223130135273,1.3919306621814842,17.10659491405748,16.10341156106898,143327.95338765983,267437.55444834253
2026-02-11,148492.20947866206,243930.88528781082,14849.220947866206,243.9308852878108,5098.5,83.75399780273438,90.58789825439453,1.0795744180689848,4.137944727227305,-0.2586370702549634,8.270249040554024,7.7782653613864605,17.126346241977863,9.073934329170985,144025.36454254616,266447.44143682136
2026-02-12,144355.74014753808,220384.33871119475,14435.574014753807,220.38433871119474,4948.39990234375,75.5459976196289,90.73570251464844,-2.7856473721056596,-9.652958274977685,0.16316115408576692,0.8160812818754914,-8.532703866060698,15.21654974926352,8.876138928298904,144540.04134196482,264147.1323700553
2026-02-13,146933.28789100505,226679.02291619265,14693.328789100506,226.67902291619265,5046.2998046875,77.85099792480469,90.56410217285156,1.7855526498860463,2.8562302756217406,-0.1891210813837807,2.088154041151391,-7.357488776012633,17.333692079796336,11.077911740386725,145211.4439438277,262685.0152325464
2026-02-16,146944.7995292421,226696.78231534036,14694.47995292421,226.69678231534036,5046.2998046875,77.85099792480469,90.57119750976562,0.007834601949152642,0.007834601949152642,0.007834601949152642,3.7178320616766625,2.2310876719647377,14.072372999425632,2.8556697006726806,145858.27578569512,261175.5820666925
2026-02-17,143190.5184185555,214372.77593558736,14319.051841855551,214.37277593558736,4905.89990234375,73.4469985961914,90.78299713134766,-2.5548921246032252,-5.436339348923813,0.23384875921419468,-0.973276884333385,-3.7886826234363236,9.779645233208733,-8.239563209429901,146053.42494574835,258127.6735272589
2026-02-18,145961.79741357692,225837.9748021995,14596.179741357693,225.83797480219948,5009.5,77.50900268554688,90.6261978149414,1.9353788404625982,5.3482532082604894,-0.17271881449274495,-1.33455584471609,-5.511868118206841,12.830530062315981,0.9976176107988399,146265.7271790879,255912.99921203396
2026-02-19,145878.0460402527,226418.36191562522,14587.804604025268,226.4183619156252,4997.39990234375,77.56500244140625,90.79350280761719,-0.05737896820146027,0.2569927019289153,0.18460996567175592,-0.6999029615282537,-3.3384278887911956,13.190022926048384,4.886418559877814,146329.61119364717,253111.14623392155
2026-02-20,148719.93789595496,240845.567881041,14871.993789595495,240.845567881041,5080.89990234375,82.28299713134766,91.04109954833984,1.9481285449340913,6.371924009763874,0.2727031484260456,0.15336051506837922,-1.2648326197518989,14.31230606028282,5.626493978685154,146436.31708314462,250298.94166585756
2026-02-23,152426.98951290228,252381.36419176913,15242.698951290227,252.38136419176914,5225.60009765625,86.52300262451172,90.72660064697266,2.492639298666721,4.789706703851793,-0.34544716938551545,5.591221628675802,14.51873834034334,13.853787601581846,2.8169430706729726,146581.75264893225,245990.74600067563
2026-02-24,151477.38844894327,255931.04287599062,15147.738844894326,255.9310428759906,5176.2998046875,87.45700073242188,91.02010345458984,-0.622987482068349,1.4064741648374346,0.3235024849649548,3.092628377926876,12.904599456745046,13.658393563067705,2.84251145648744,146662.2315924359,243229.80693951738
2026-02-25,152766.0938309117,265822.1220884479,15276.60938309117,265.82212208844794,5226.2001953125,90.93900299072266,90.91799926757812,0.8507575917199084,3.864743839320006,-0.1121776213566461,3.9615517665946065,17.258886241571503,13.543606028130938,0.7920796478233516,146496.5641611346,239877.21678083466
2026-02-26,151885.81209003835,254394.54680627518,15188.581209003836,254.39454680627517,5194.2001953125,86.99800109863281,90.95099639892578,-0.5762284802854789,-4.298955704811657,0.03629328803260723,6.0725345277862,18.66924132321408,13.29502826144282,-4.503153204606325,146221.80212681982,235724.14041284853
2026-02-27,153551.2352314042,271183.4395988542,15355.123523140419,271.18343959885425,5247.89990234375,92.68199920654297,91.00740051269531,1.0964968474992176,6.599549008951056,0.062015938255521874,5.1996056175732885,20.078759932367717,15.015140978902641,5.963579434934574,146898.30901711475,237732.1842605833
2026-03-02,155538.36696251476,258520.00159711644,15553.836696251476,258.52000159711645,5311.60009765625,88.28399658203125,91.07959747314453,1.2941164088428936,-4.66969444021732,0.07933086764646546,6.622189688225233,14.17801957840057,16.066337929071818,0.6362976153340583,147817.7475499386,239341.8542589567
2026-03-03,150833.10938392274,244111.3439099494,15083.310938392273,244.11134390994943,5123.7001953125,82.9229965209961,91.56340026855469,-3.0251427158972333,-5.573517560788899,0.5311867957616068,1.4209066503552137,1.3559626849855233,8.289021805436626,-11.338937081263223,148200.04221518082,239500.25552596332
2026-03-04,151891.88361197794,244440.41584582085,15189.188361197796,244.44041584582087,5134.7001953125,82.63300323486328,92.00859832763672,0.7019508066761659,0.13480403270109687,0.486218355561574,-0.3510571865483425,-3.146408361559705,7.180663171139345,-9.51057131798876,148598.24376477097,239488.2047283696
2026-03-05,150422.12376476193,241942.4462742055,15042.212376476193,241.94244627420548,5078.7001953125,81.68699645996094,92.12300109863281,-0.9676355393489322,-1.0219134847123446,0.12433921728567388,-0.6966483215658514,-5.465767827376533,4.026101860487308,-14.343139526830395,149035.47649517108,240497.85905764662
2026-03-06,152234.14393354498,247342.48575966604,15223.414393354498,247.34248575966603,5158.7001953125,83.81600189208984,91.78690338134766,1.2046234446315918,2.2319520896884715,-0.36483583174337086,-0.3482120174883252,-6.951880522055676,3.853253898265474,-16.74483508094038,149417.2908955723,241724.25781660774
2026-03-09,150856.06674760615,248383.25461773612,15085.606674760615,248.38325461773613,5103.7001953125,84.03199768066406,91.93620300292969,-0.9052352844972855,0.42078046352349574,0.16265895904750138,-0.677973359237638,-2.3629799710749078,0.8947324478231433,-26.632190395535872,149563.28987742486,242192.82049304922
2026-03-10,153741.03025030124,261263.84408534624,15374.103025030125,261.26384408534625,5242.10009765625,89.08300018310547,91.220703125,1.9123947514300799,5.185772079294737,-0.778256937484012,0.12360370700439383,-3.657891325584428,2.5844246888742983,-16.032784256985945,149905.02902918085,243544.10087080844
2026-03-11,153465.89128462627,252062.63966025756,15346.589128462627,252.06263966025756,5179.10009765625,85.06500244140625,92.16510009765625,-0.17896261344614306,-3.52180549792529,1.0352879777325796,-1.3324530264535728,-2.497819084390296,-1.6745005819923775,-24.27684461563482,150153.71311947907,243950.68858943082
2026-03-12,151991.4822920877,251065.57059832203,15199.148229208768,251.065570598322,5125.7998046875,84.66999816894531,92.22879791259766,-0.9607405138670533,-0.3955640007894168,0.06911272799998702,0.7679831788234726,2.8487929225189834,-3.4245357933307408,-25.6005181655669,150535.50022670656,245484.75018378714
2026-03-13,150352.95858799425,240347.2952171059,15035.295858799425,240.34729521710588,5061.7001953125,80.91400146484375,92.38990020751953,-1.078036531642368,-4.269113983121253,0.17467678053719737,-1.0131713343650595,-1.6744860356057822,7.378788877144382,4.036286528129862,150706.483761556,246168.16379883286
2026-03-16,148864.91762229055,238861.79059771542,14886.491762229056,238.8617905977154,5002.2001953125,80.26300048828125,92.5635986328125,-0.9896984932510122,-0.6180658775662984,0.1880058587603317,-1.035224143561897,-1.2733010366434927,8.542002041413642,5.538539825989508,150802.48966620842,246776.41421295158
2026-03-17,148591.18067642074,235962.14122731655,14859.118067642075,235.96214122731655,5008.2001953125,79.52999877929688,92.28269958496094,-0.18388277791839824,-1.2139444166197277,-0.30346599743367175,-2.3930001266434076,-4.6010472068302,3.7740552161850793,-2.0673647943703077,151072.52277910168,247855.88247753805
2026-03-18,145439.13734230105,229431.54877310662,14543.913734230106,229.4315487731066,4896.2001953125,77.23799896240234,92.39129638671875,-2.1212856104722233,-2.767644173867112,0.11767839719278861,-3.5907932124254804,-7.630025572294041,1.050029368613492,-6.232546095772895,151046.3897755379,248035.56117608343
2026-03-19,138076.48389679668,212560.49037249733,13807.648389679669,212.56049037249733,4605.7001953125,70.9020004272461,93.24659729003906,-5.062360503538921,-7.353416951952719,0.925737528067927,-10.188917251303419,-18.641444201111558,-2.5416781379535958,-4.143808725792752,150656.3116683651,247342.667598927
2026-03-20,136911.4456380173,207571.27272122487,13691.14456380173,207.57127272122486,4574.89990234375,69.36000061035156,93.0822982788086,-0.8437629825873705,-2.3471989749972777,-0.1761983986605209,-10.787052098701333,-17.65091685106541,-5.315715256152975,-6.841223140947605,150065.88705546822,245678.95284093622
2026-03-23,133047.74512130462,208445.41191014255,13304.774512130462,208.44541191014255,4407.2998046875,69.04900360107422,93.89530181884766,-2.822043473945912,0.42112724822556125,0.8734244373767908,-12.463683415086502,-16.975708213041752,-10.064036625576145,-12.788725687207025,149096.92483588832,243482.15522685484
2026-03-24,131965.55541493546,207673.3793654825,13196.555541493544,207.6733793654825,4402.0,69.27400207519531,93.24369812011719,-0.8133844774163457,-0.3703763674073324,-0.6939683733991342,-12.22949208697981,-13.594459559908511,-10.17022222231424,-11.340956778957711,148121.33318418794,241069.2720513295
2026-03-25,138016.88440917266,219384.49156780881,13801.688440917267,219.38449156780882,4552.2998046875,72.36100006103516,94.29969787597656,4.585536714645122,5.639197589073763,1.1325159524443462,-7.287165697859188,-8.15421293676465,-7.054461042950988,-10.062847798481943,147383.87271310095,238747.3905252975
2026-03-26,133235.27632811666,206022.54117949773,13323.527632811667,206.02254117949772,4376.2998046875,67.6709976196289,94.6937026977539,-3.4645095065906406,-6.090654035215193,0.41782193437729376,-10.334330932966907,-12.688306646181935,-7.703513423197306,-6.516705141429135,146451.34592500486,236328.79024395865
2026-03-27,136218.03082586956,210868.84149944206,13621.803082586955,210.86884149944206,4492.5,69.54499816894531,94.30950164794922,2.238712283980493,2.3523155729459733,-0.405730306091201,-6.340182350455626,-8.090738772818861,-7.292600076494615,-6.974699825927832,145584.68570472815,233313.06033898803
2026-03-30,137921.05186969152,214298.71203148112,13792.105186969153,214.29871203148113,4526.0,70.3239974975586,94.78179931640625,1.2502170479904873,1.6265421233644606,0.5007954237952417,-0.112569514169647,0.8177538807601081,-6.140909844009035,-5.469010259975038,144703.819950087,231101.99586070623
2026-03-31,140990.18888597787,226580.54330919086,14099.018888597788,226.58054330919086,4647.60009765625,74.69000244140625,94.35590362548828,2.2252853894894065,5.731173632021402,-0.44934332750554695,2.979110496535431,9.157948659637526,-1.5366447142442174,5.694644443691654,144211.67392518977,230225.45583066833
2026-04-01,144662.05502512757,228025.08649204535,14466.205502512757,228.02508649204535,4813.10009765625,75.86699676513672,93.48429870605469,2.604341598633675,0.637540700431316,-0.9237417966904471,8.729430095364442,9.393190477295455,-0.8904675137471618,0.9684428368441855,143850.18249584723,229404.68936297958
2026-04-02,139386.2174455215,216643.29311372884,13938.621744552149,216.64329311372884,4679.7001953125,72.73500061035156,92.6426010131836,-3.6470085944027786,-4.991465436288111,-0.9003626325717717,5.623180993899113,4.319241000292218,-4.450175177791927,-4.317259748367519,143298.38717988523,228139.7317049557
2026-04-03,139884.2282540107,217417.33450415183,13988.422825401069,217.41733450415182,4679.7001953125,72.73500061035156,92.97360229492188,0.3572884160400136,0.3572884160400358,0.3572884160400136,1.352982175211248,-0.8966709768766679,-5.941173568890113,-9.727492012002026,142680.8913959085,226643.47414218
2026-04-06,140029.76831311794,217190.06568368935,14002.976831311795,217.19006568368934,4684.7001953125,72.66100311279297,92.97100067138672,0.10404322268766641,-0.10453114098781802,-0.0027982389312009026,5.09961938928889,5.4205352677704655,-8.133219214917952,-13.943699298391966,142139.5764741841,225083.81469547766
2026-04-07,139797.21071672303,214337.59973725304,13979.721071672304,214.33759973725304,4684.7001953125,71.82599639892578,92.81659698486328,-0.16607725571243792,-1.313350100731847,-0.16607725571244902,2.627537536076119,1.6449837790853294,-7.71083912379249,-16.251816376527394,141442.3854975052,222737.50247807303
2026-04-08,142624.49292429633,224583.10888840014,14262.449292429634,224.58310888840015,4777.2001953125,75.2239990234375,92.86019897460938,2.0224167514345748,4.780080192979019,0.04697650114580121,3.410241577223938,4.799094105338453,-6.638646477300492,-15.513762690648514,140900.3155794887,221363.5259394801
2026-04-09,142935.78961972843,226291.26786826036,14293.578961972844,226.29126786826035,4818.0,76.2770004272461,92.2748031616211,0.21826313913511086,0.7605910294478324,-0.6304055122134167,1.3799546969357035,-0.12767002704895392,-5.892599412119104,-11.047123175724295,140447.53094587073,220124.81080297707
2026-04-10,142328.11592454903,226909.1988396316,14232.811592454902,226.9091988396316,4787.39990234375,76.3239974975586,92.46980285644531,-0.4251375367891219,0.2730688537796233,0.21132496428377667,-1.6133733895686397,-0.4893705642570523,-7.309038764775644,-16.326306954700076,140046.28881269845,219452.90598410336
2026-04-13,144858.79858921858,229478.7861336902,14485.879858921859,229.47878613369022,4767.39990234375,75.52300262451172,94.50879669189453,1.7780623654226613,1.1324297592160137,2.2050375068006334,3.9261996228830975,5.92471284731777,-6.8661955129501795,-11.233643541703486,139845.98286104487,218983.75576090207
2026-04-14,148054.66541189043,242349.79759904774,14805.466541189042,242.34979759904775,4850.10009765625,79.39099884033203,94.9468002319336,2.206194483038959,5.608802313368999,0.4634526682917972,5.840856585378118,11.467559912716997,-1.8420650369012859,-0.7216159161990809,139819.15709781836,219303.13857948864
2026-04-15,144483.08273176363,238102.33246730082,14448.308273176362,238.1023324673008,4823.60009765625,79.49099731445312,93.16539764404297,-2.4123405163833267,-1.7526175692434753,-1.8762112925754804,3.180262648644616,9.628555853962318,-4.877680560694597,-2.592895023758157,139771.35436729147,219736.67776419836
2026-04-16,144367.05836519538,236011.0196148536,14436.705836519539,236.0110196148536,4808.2998046875,78.60600280761719,93.38680267333984,-0.08030308073067038,-0.8783252271308273,0.23764727559345555,3.2689118939092543,10.111814214663717,-4.025382203109817,-2.451585800959255,140085.8830907114,220909.20422631613
2026-04-17,145976.13374895923,244524.07636107248,14597.613374895924,244.52407636107247,4879.60009765625,81.73799896240234,93.04789733886719,1.114572397598823,3.607059009410385,-0.3629049552730912,2.3499756289699247,8.879103852187487,-4.110779633849804,-1.1394764591037942,140539.11749625852,222756.84440830856
2026-04-20,143766.18070570452,238035.32680586984,14376.618070570452,238.03532680586986,4828.7998046875,79.95099639892578,92.60330200195312,-1.5139139436692095,-2.6536239914556004,-0.4778134161322445,0.5809539291630861,5.1897976657440115,-4.6997685905224795,-4.166113302521868,141075.0392754785,224236.3401530949
2026-04-21,141304.50319273057,228774.01919440783,14130.450319273057,228.77401919440783,4719.60009765625,76.41100311279297,93.12359619140625,-1.7122785768463267,-3.890728210697525,0.5618527398106643,-0.7191922166391196,0.8218355026206714,-8.089270012906201,-12.435637623216266,141541.98666436825,225291.37214454118
2026-04-22,143067.34396859593,234461.2728941037,14306.734396859594,234.4612728941037,4753.0,77.89299774169922,93.622802734375,1.2475474850656143,2.485970093860601,0.5360687982266965,-1.2366902377139999,2.171218893196847,-6.775803554123061,-6.98293360328125,141794.50964233943,226045.21121085592
2026-04-23,142464.3167539356,227584.02078992038,14246.431675393558,227.58402078992037,4724.0,75.46499633789062,93.80049896240234,-0.42149885356975725,-2.9332145216534267,0.18980015854843657,-3.775867948775813,-6.092753926519223,-6.268223320464362,-9.352755836828619,142255.96166363035,227123.28519137707
2026-04-24,143450.14875558397,231119.69039933794,14345.014875558396,231.11969039933794,4740.89990234375,76.38300323486328,94.11289978027344,0.6919852101288759,1.553566721049049,0.3330481408167163,-0.7149169000618016,-2.932622287067188,-4.591070170641432,-3.839279659641126,142617.5675601161,228135.82763637183
2026-04-27,142229.3214505642,227275.39294102127,14222.93214505642,227.27539294102127,4693.7001953125,75.00299835205078,94.25029754638672,-0.8510463848314775,-1.6633361924612844,0.145992490332425,-1.480765029667297,-3.7013638973671714,-4.457461353361047,-4.850670183666017,142832.98103915973,228784.66168184887
2026-04-28,139656.6888809121,221846.37578971125,13965.668888091208,221.84637578971126,4608.39990234375,73.20500183105469,94.25849914550781,-1.808791987063163,-2.3887395291926183,0.008701934460275673,-4.329094562070623,-9.274219908666403,-6.012800863979162,-5.982216199677016,142766.30603890642,228547.9533058749
2026-04-29,138802.95500766512,217778.99201646444,13880.295500766513,217.77899201646446,4561.5,71.56900024414062,94.64550018310547,-0.6113089749499645,-1.8334235836704793,0.4105741562893339,-3.452290151742521,-8.50980191101025,-4.562858702205597,-5.078881618048891,142473.35103803332,228035.64858209583
2026-04-30,141278.71226510554,224399.25966986662,14127.871226510553,224.3992596698666,4629.60009765625,73.53399658203125,94.9166030883789,1.7836488115859694,3.039901871206041,0.2864403534758031,-0.01825202102005985,-1.9122623888613965,2.3191699831394352,5.569600106126349,142567.9757790125,228423.4469099027
2026-05-01,141498.21624585075,231390.47287206442,14149.821624585074,231.3904728720644,4644.5,75.95099639892578,94.75910186767578,0.1553694659484961,3.115524183316465,-0.16593642795715846,-1.0967756017680852,-1.309725902335357,3.3501732353045988,11.475191069830526,142648.6751786045,229122.10382829834
2026-05-04,138320.14780125048,222957.4500126118,13832.014780125048,222.95745001261182,4533.2998046875,73.0719985961914,94.90299987792969,-2.2460130798245714,-3.6444987361753722,0.1518566632837448,-2.9089171570189865,-2.0329066870557244,3.9627899556951007,6.962032874451163,142563.19415301114,229410.47304474452
2026-05-05,139917.65905191167,223905.01164680428,13991.765905191169,223.90501164680427,4568.5,73.10800170898438,95.2593994140625,1.154937495408559,0.4249966234090241,0.37554085391529046,-2.462520767190768,-3.121620118159485,6.025893356772261,7.815942674460863,142569.21656977056,229888.84364022207
2026-05-06,143655.1723395081,235057.35619865748,14365.517233950812,235.0573561986575,4694.2998046875,76.81099700927734,95.18299865722656,2.671223427351488,4.980837396103177,-0.08020285379277681,1.0025013649801462,3.424023673190013,4.08521606213037,7.144016661726704,142620.75054053118,230412.5560057349
2026-05-07,143292.2849357445,242427.94630333185,14329.22849357445,242.42794630333185,4710.89990234375,79.70099639892578,94.60800170898438,-0.2526100507581952,3.1356560049306204,-0.6040962738659506,2.6032380432079227,9.277397676818456,7.5483076890692224,17.670593186264895,142638.57530633197,231219.38992748846
2026-05-08,143354.609704866,243621.30107950073,14335.460970486598,243.62130107950074,4730.7001953125,80.3949966430664,94.25299835205078,0.04349485329893099,0.4922513243071913,-0.37523607995186836,3.2792203141132736,11.866300244921035,5.239085336741711,15.532147541174467,142689.8999953478,232054.99503948196
2026-05-11,143555.95686360297,259519.118430677,14355.595686360297,259.519118430677,4728.7001953125,85.48500061035156,94.42530059814453,0.14045391295858245,6.525626979550658,0.18280823857736994,1.6118809139654688,15.650612578882072,4.0856018117055415,21.101576379307808,142624.75790906703,233557.0116543313
2026-05-12,143736.6346132517,261085.59967373306,14373.66346132517,261.08559967373304,4686.7001953125,85.12999725341797,95.39140319824219,0.125858761695552,0.6036091878427463,1.0231395547356525,1.5819410497102782,12.833340298365293,1.9479693934554065,15.228605184098587,142408.8563691351,234493.80175806553
2026-05-13,144715.61423765076,273301.486290315,14471.561423765075,273.301486290315,4706.7001953125,88.88800048828125,95.63300323486328,0.6810926296091369,4.678881804223445,0.2532723374652601,4.623669463966884,22.58010946701059,0.037023677365777274,19.855885374195047,142420.48294442944,236253.75944921625
2026-05-14,144152.21796355722,261248.03132141943,14415.221796355723,261.24803132141943,4685.2998046875,84.91200256347656,95.69580078125,-0.3893127062075896,-4.41031445986787,0.0656651409686404,3.0264649511284825,16.67806334479076,3.419276744415911,20.589023351059808,142409.74092434754,237515.61003454457
2026-05-15,140376.26270058402,237435.57454290285,14037.626270058403,237.43557454290286,4561.89990234375,77.16100311279297,95.70989990234375,-2.6194222442888826,-9.114884678009139,0.01473327040335537,-2.282486307680498,1.0117608666692535,0.3517440477134093,9.207287948960087,142129.74737192877,237161.18494363604
2026-05-18,140637.85363711993,237810.0267373944,14063.785363711992,237.8100267373944,4558.0,77.072998046875,95.97029876708984,0.18634983686227624,0.15770686225617947,0.27207098222001846,-1.8524593280195734,-1.9048627175017985,0.43425432415360454,9.493970632954962,141973.33101849956,237149.91994021233
2026-05-19,139628.81375934783,231604.55827054038,13962.881375934783,231.60455827054037,4511.2001953125,74.8280029296875,96.27020263671875,-0.717473888911635,-2.6094225512646285,0.3124965468292773,-2.599006724087005,-4.932550132403623,-0.120458023813097,8.055963374813446,141889.54654683042,237291.4468940189
2026-05-20,140805.76029984793,235491.76222629508,14080.576029984793,235.49176222629507,4535.2998046875,75.85099792480469,96.56580352783203,0.8429109356529851,1.6783797282668322,0.30705335920893084,-1.9157662446345536,-9.258414697798123,-1.2751895464503171,4.85729019955623,141776.46736339302,237342.97136062843
2026-05-21,140974.52637512126,237147.55453900213,14097.452637512128,237.14755453900213,4542.5,76.41400146484375,96.5282974243164,0.11985736585913287,0.7031211185705599,-0.03883994348455877,-1.921645268488692,-9.168657775321664,-1.3721288767669648,4.79748369126729,141701.9778444523,237821.14804808254
2026-05-22,139860.18075717514,234665.89856796304,13986.018075717513,234.66589856796304,4523.2001953125,75.89299774169922,96.17389678955078,-0.7904588485588837,-1.0464607049662566,-0.3671468825434232,-3.3551552167011334,-14.136618225819387,-1.7339758566622177,3.418415722235002,141522.47944453187,237998.45845651385
2026-05-25,139199.3742012771,233557.1572280055,13919.93742012771,233.5571572280055,4523.2001953125,75.89299774169922,95.71949768066406,-0.47247654930844263,-0.4724765493084315,-0.4724765493084315,-3.4358429112289146,-10.599457516809085,-3.906855809283716,1.7772322936810747,141370.9820820675,238312.54667086303
2026-05-26,137880.6187933877,233680.14382679528,13788.06187933877,233.68014382679527,4502.2998046875,76.30500030517578,95.25279998779297,-0.9473860176860693,0.05265803037228789,-0.48756805476358744,-1.7778247256228896,-1.5816630356833894,-6.871817642624345,-3.577330725316241,141282.17857769126,238904.23507271722
2026-05-27,137162.73262547347,230019.844928704,13716.273262547345,230.019844928704,4448.39990234375,74.5989990234375,95.90499877929688,-0.5206577793141265,-1.5663713819023983,0.6847030130216591,-2.470971308061287,-3.275800400667228,-5.066579400081439,-3.394543621157853,141200.1674585817,239516.2777183292
2026-05-28,138940.3459119643,233595.05826100445,13894.03459119643,233.59505826100445,4499.2998046875,75.6449966430664,96.04889678955078,1.295988533084036,1.5543064701259102,0.15004224189090198,-0.4930700396625243,0.8594390392519635,-3.758968641934568,-1.0236646398086635,141083.24914092466,239976.06764788608
2026-05-29,141832.8237021336,233503.81920665878,14183.282370213361,233.5038192066588,4593.0,75.61599731445312,96.04820251464844,2.0818127169497824,-0.03905864063430409,-0.0007228348534393803,0.7294185977182677,-0.8441666922199942,-2.8383475712208006,-4.50681884516796,141099.9795137388,240081.7349646158
2026-06-01,137641.20187315307,229102.69172546943,13764.120187315308,229.1026917254694,4506.2998046875,75.00700378417969,95.00299835205078,-2.9553256570449937,-1.8848203409016606,-1.0882079364663233,-2.3644871081875407,-3.3923448332289774,-4.26037528609704,-3.7526510036409166,141066.0322173339,240388.9970502587
2026-06-02,138853.53165817508,231359.0595670922,13885.353165817507,231.3590595670922,4519.89990234375,75.31099700927734,95.55139923095703,0.8807898859668928,0.9848718164894077,0.5772458642558265,-0.7197538953190752,-1.4091689593804135,-1.7345317942291771,1.1299536467415328,141012.8258476471,240761.6994462731
2026-06-03,136811.1643319811,225040.56608191214,13681.116433198109,225.04056608191215,4466.89990234375,73.47599792480469,95.26300048828125,-1.470878919537899,-2.7310335272813235,-0.30182576602431066,-1.7156757226815755,-3.6464697751819264,-4.372891439144977,-4.018022548417399,140670.62544727072,240260.85994043582
2026-06-04,139283.8053000476,228106.98729675723,13928.380530004759,228.10698729675724,4505.0,73.77899932861328,96.16449737548828,1.80733858975608,1.362608203593374,0.9463242629208723,1.017682194161429,-2.384950830126542,-2.232496899122738,0.2297905208905604,140470.20146548588,239544.81199010712
2026-06-05,134439.43063199634,212325.80091706105,13443.943063199635,212.32580091706106,4365.2998046875,68.94300079345703,95.79029846191406,-3.478060250878001,-6.9183266004760995,-0.38912376582503905,-1.9854532943093028,-7.692398895898444,-6.28142821862141,-8.131669547412447,140024.4425118424,237980.03698198512
2026-06-08,133202.5167731324,208882.5874476396,13320.25167731324,208.88258744763962,4363.39990234375,68.42500305175781,94.95030212402344,-0.9200528840751843,-1.6216651271535376,-0.8769117033543883,-4.129706962488433,-10.57919246979646,-6.346655236325027,-8.092739497827928,139506.77050731887,235448.21043283324
2026-06-09,131868.96341835806,200258.46243304742,13186.896341835805,200.2584624330474,4286.39990234375,65.09400177001953,95.68830108642578,-1.001147265892599,-4.128695033880692,0.7772476189052746,-7.025073620970046,-14.237607284781962,-5.5763354587296305,-9.731019170278032,138913.38694757418,232406.85357079896
2026-06-10,126723.03623181707,198054.37980817133,12672.303623181706,198.05437980817132,4133.2998046875,64.5989990234375,95.36029815673828,-3.9023035088365687,-1.1006189691549095,-0.3427826870823547,-7.932338204513744,-13.552137551706666,-8.702926227457453,-9.057169392538055,138013.75804728252,228644.49824669174
2026-06-11,126507.23214749536,196449.05963550202,12650.723214749536,196.449059635502,4114.0,63.8849983215332,95.64450073242188,-0.17029585996261032,-0.8105451513994111,0.2980302926658851,-8.891599200424672,-15.089100032180303,-10.45555970944293,-12.455566954848507,137131.50875647942,225404.5496623959
2026-06-12,130502.41983401576,208921.49351009115,13050.241983401576,208.92149351009115,4238.7998046875,67.85900115966797,95.76010131835938,3.1580705851365076,6.3489404824491835,0.12086485375768508,-4.611279005459501,-7.162740857110106,-7.770978817662256,-9.710416804583112,136637.816613151,223978.84561075532
2026-06-15,133066.14736619327,214252.52146111376,13306.614736619327,214.25252146111376,4351.60009765625,70.06600189208984,95.11029815673828,1.9645057428347101,2.5516895659972505,-0.6785740122191242,-4.464020724060591,-6.073670079040328,-3.7984346594297946,-3.904300372562408,136259.23129960467,222800.9703469413
2026-06-16,132635.7334515111,212913.50394303625,13263.57334515111,212.91350394303626,4354.39990234375,69.89900207519531,94.74169921875,-0.3234586130292705,-0.6249716497831459,-0.3875489249133057,-1.3416429778124628,0.2767930338361424,-5.204436416205949,-4.909004770784864,135909.57728421284,221866.4176305661
2026-06-17,133665.0945851163,215675.07242419754,13366.509458511631,215.67507242419754,4381.39990234375,70.69599914550781,94.88860321044922,0.7760813069138228,1.297037731293993,0.15505737485246307,0.34727407799040044,3.251819627263375,-6.9542067937391705,-8.245767793831183,135552.54399847626,220875.58314046124
2026-06-18,129490.79783995997,202063.4648144575,12949.079783995996,202.0634648144575,4245.89990234375,66.25499725341797,94.85890197753906,-3.1229520003804745,-6.311164037987782,-0.03130115936503808,-1.8034308579899072,0.9013363827326648,-9.631702852650747,-16.65009422567534,134978.3575717182,219121.37865423397
2026-06-19,128782.31031740096,200957.90792567364,12878.231031740095,200.95790792567365,4245.89990234375,66.25499725341797,94.33989715576172,-0.5471334908559555,-0.5471334908559555,-0.5471334908559555,1.6250195282701663,1.4660257048163094,-10.165211580894418,-17.512176876481245,134424.4640497295,217435.97912211955
2026-06-22,127459.05230037164,198729.60207483475,12745.905230037164,198.72960207483476,4202.7001953125,65.5270004272461,94.3302993774414,-1.0275153581015717,-1.108842082324546,-0.010173615415820514,0.7523839836812929,1.1608823394543721,-11.212982668859583,-23.42390677166253,133837.4479546842,215694.60136446095
2026-06-23,126336.57052265438,188831.98404717675,12633.657052265438,188.83198404717675,4149.39990234375,62.02000045776367,94.70059967041016,-0.8806606964815722,-4.980444747195179,0.39255710563057544,-3.192162502932794,-9.615817465876987,-12.105517940791643,-27.674301346703302,133260.24554114757,213452.19337548004
2026-06-24,122678.38284197116,177652.29409357288,12267.838284197116,177.6522940935729,4008.800048828125,58.051998138427734,95.18370056152344,-2.895588874661781,-5.920442985342356,0.5101349862562943,-7.806466730892381,-17.082752220577124,-15.227956922112252,-34.99768460649298,132536.02805197242,210833.8158337235
2026-06-25,122898.85652000646,177164.3011836463,12289.885652000647,177.1643011836463,4047.60009765625,58.347999572753906,94.4406967163086,0.17971681149342444,-0.2746899005253156,-0.7805998724903396,-7.341066150219799,-16.790481626263798,-14.743693675891812,-32.18540239804639,131733.95358237452,208012.2779798556
2026-06-26,124324.47196124986,179726.15505554876,12432.447196124986,179.72615505554876,4096.2998046875,59.21699905395508,94.40039825439453,1.1599908100132117,1.446032781314588,-0.0426706529231935,-6.988079163717986,-16.66809101514669,-11.434832663676108,-24.305296120201405,130858.53599533034,205323.3947723001
2026-06-29,122530.28864296529,176488.63850735346,12253.028864296528,176.48863850735347,4038.89990234375,58.17499923706055,94.36029815673828,-1.4431457379073365,-1.8013608243022117,-0.04247873779958944,-5.375292540553578,-12.656828551657185,-12.875313811938993,-25.78587163515863,130102.99033382096,202692.6921113943
2026-06-30,123076.72994052393,181261.23098072768,12307.672994052393,181.26123098072767,4038.5,59.47700119018555,94.79049682617188,0.4459642620698423,2.7041924702565945,0.4559106720063655,-4.430406911333451,-9.801394306030986,-11.854346802194883,-21.736760133626554,129314.15024793839,200187.80068207608
2026-07-01,124581.96665030872,183360.46274712312,12458.196665030871,183.3604627471231,4082.39990234375,60.084999084472656,94.91799926757812,1.2230067458829819,1.158125074533256,0.13450973006299272,-2.25726270369776,-7.7336940079637095,-11.522109333446585,-22.13720725783883,128702.6903638548,198103.79551533662
2026-07-02,126565.91890586716,186037.20226486033,12656.591890586717,186.03720226486033,4125.7001953125,60.643001556396484,95.4175033569336,1.592487507543705,1.4598237142479098,0.5262480174569983,0.18153760408721187,-1.4800362324309368,-10.220717061261142,-21.552131276873876,128066.79604414575,196000.30626374175
2026-07-03,126711.29213311455,186250.88402623113,12671.129213311455,186.25088402623112,4125.7001953125,60.643001556396484,95.527099609375,0.1148596940662161,0.1148596940662383,0.1148596940662383,3.2873838061090233,4.84012321739522,-9.401452617088813,-20.631465772053858,127680.38911920166,194696.56041920028
2026-07-06,127576.62852505119,189551.16028005726,12757.662852505118,189.55116028005725,4167.5,61.91999816894531,95.21479797363281,0.6829197124969433,1.771951994258103,-0.3269246496745315,3.8061965241175777,6.991735362967333,-8.34971115561185,-18.841639224521078,127399.09470679762,193729.98906082116
2026-07-07,127786.9948886891,187285.07089191073,12778.699488868911,187.28507089191072,4157.39990234375,60.930999755859375,95.60350036621094,0.16489412368865253,-1.1955027786685335,0.4082373757551494,2.7850694821518918,4.205796220380775,-7.32055309370474,-19.854092938796196,127194.99628031417,193081.31948376432
2026-07-08,125468.44375213268,178761.19245449215,12546.844375213268,178.76119245449215,4082.39990234375,58.16400146484375,95.59339904785156,-1.8143874019230566,-4.5512855866328135,-0.010565845728116585,2.3979010754873187,1.2876488630422456,-8.525850024636327,-22.284447887572377,127132.26665632994,192116.66011608037
2026-07-09,127620.6290444026,186086.71014251426,12762.06290444026,186.08671014251425,4140.7998046875,60.37799835205078,95.86180114746094,1.7153199863717328,4.097935120838381,0.28077472114473867,3.691923815390985,2.662168371955742,-8.147177692168794,-20.337908032886276,127187.93650117531,191598.54264143098
2026-07-10,126161.67563979283,183426.18716427722,12616.167563979283,183.42618716427722,4113.7001953125,59.808998107910156,95.39019775390625,-1.1431955911313962,-1.4297221849961739,-0.4919617490070305,1.2680077477972507,0.035844377882443546,-11.049027759083552,-21.446172577614742,126970.89929146416,190323.77732414028
2026-07-13,122765.48312471385,176634.94026104285,12276.548312471385,176.63494026104286,4005.699951171875,57.63399887084961,95.32499694824219,-2.6919367532621585,-3.7024412970826814,-0.06835168308620965,-3.002732342171721,-5.05396871666105,-10.807605968268374,-22.90141205643186,126455.8660793902,188442.89826413672
2026-07-14,126001.22426260085,181962.89555643784,12600.122426260084,181.96289555643784,4069.699951171875,58.77199935913086,96.29889678955078,2.635709203864667,3.0163654413566166,1.0216625989900363,-0.5603824714909722,-2.3022647608960445,-9.256017648304116,-21.350434300295852,126124.14061994466,186895.3678448068
2026-07-15,125611.69292554093,177049.30581951427,12561.169292554094,177.04930581951427,4051.800048828125,57.11000061035156,96.42530059814453,-0.3091488510048812,-2.700325097541423,0.131261948794692,-1.5402002876446996,-6.595504053930245,-8.186080033106013,-21.325604133491925,125721.4705369659,184964.07951457263
2026-07-16,123854.98179399801,173423.6480937717,12385.498179399801,173.4236480937717,3992.10009765625,55.89799880981445,96.49859619140625,-1.3985251616537409,-2.047823745459121,0.07601282319791292,-3.077005682867917,-7.401242785731155,-11.077255875378,-23.972671705950365,125439.6797346678,183532.08867853836
2026-07-17,124881.81424870211,174134.73666237935,12488.18142487021,174.13473666237934,4018.800048828125,56.03799819946289,96.6521987915039,0.8290602766483524,0.4100297603145453,0.1591759944289617,-0.4675514303735806,-2.588064964542336,-7.1092359870643,-17.98701057042047,125244.65493123284,182190.93011537363
2026-07-20,124317.3269793248,175837.8631781315,12431.73269793248,175.8378631781315,4015.89990234375,56.801998138427734,96.28479766845703,-0.4520171914327964,0.9780509899378842,-0.3801270200168183,-2.5883762600233617,-5.507565240168788,-6.670436872405839,-15.819760121360716,125087.56866518054,181046.3431705385
2026-07-21,126458.59598722946,182518.68210610448,12645.859598722946,182.51868210610448,4076.39990234375,58.834999084472656,96.4896011352539,1.7224220146406344,3.79941999249902,0.21270592217692563,0.23534908357145667,-0.49475217917492875,-4.1028360964392,-8.858442290734104,125093.66993840926,180730.67807348486
2026-07-22,128602.26584444399,185904.75938192348,12860.2265844444,185.90475938192347,4151.89990234375,60.01900100708008,96.34089660644531,1.6951555095795934,1.8551948966246457,-0.15411456473962692,4.75441677185493,5.248009882518745,1.4829423824640697,-6.13448712319089,125389.86408853294,181143.3013379024
2026-07-23,125733.71063748628,179427.1180989655,12573.371063748627,179.4271180989655,4050.199951171875,57.79800033569336,96.55709838867188,-2.2305635037779825,-3.484387007892731,0.22441329678479782,-0.21231033799881116,-1.3935684248802538,-0.6114444975819477,-8.66481192026044,125531.60679440692,181256.44218366835
2026-07-24,126791.7701430062,182693.76426938985,12679.17701430062,182.69376426938985,4070.800048828125,58.65599822998047,96.87689971923828,0.8415082161780107,1.8205978031830217,0.33120437119922297,0.9394644638415883,3.188071494405964,-2.8433570011415,-12.553868345496234,125654.97170349474,181404.82264436042
2026-07-27,126579.05741621334,181538.64755193455,12657.905741621335,181.53864755193456,4077.0,58.47200012207031,96.56729888916016,-0.16776540508341986,-0.6322693727805806,-0.3195816866305434,2.199407389802177,4.67929232683133,-4.875086622991864,-15.268839631890485,125857.41014215714,181657.32309658948
2026-07-28,124360.0066187731,176426.35510802278,12436.00066187731,176.4263551080228,4038.699951171875,57.29600143432617,95.77410125732422,-1.7530947399486685,-2.8160904098667228,-0.8213936197453031,-0.41784116692109574,1.3160030500327657,-6.23943986841482,-17.13707592956405,125921.5739760696,181415.5793029542
2026-07-29,124058.49221323238,177845.95593421248,12405.849221323238,177.8459559342125,4036.300048828125,57.862998962402344,95.59870147705078,-0.24245287029053264,0.8046421552610594,-0.18313905113259699,-0.208204899816955,1.142013852867807,-7.187068846733624,-17.53986497594927,125895.40025421577,181139.85396230867
2026-07-30,126190.66443293705,181017.6234372738,12619.066443293705,181.0176234372738,4100.10009765625,58.814998626708984,95.72859954833984,1.718683003207766,1.7833790408113392,0.13587848922849144,-0.211872947189351,-0.8224137121251252,-2.54854666283052,-10.415461002071202,125876.63753056926,180888.87502092935
2026-07-31,126345.190545109,177169.36495151283,12634.5190545109,177.16936495151285,4107.0,57.590999603271484,95.68479919433594,0.12245447225938122,-2.125902667755708,-0.045754721379565044,-1.7550820621349938,-4.698854649796569,-1.8924336473583714,-11.837574952740471,125858.33245116899,180434.79906719344
2026-08-03,125465.93960088948,176879.21564578888,12546.593960088949,176.8792156457889,4090.5,57.66699981689453,95.4021987915039,-0.6959116848263336,-0.16376945630717232,-0.29534513863385126,-0.21296678133426727,-1.420020830837443,-1.5637278510318375,-10.995033553590961,125752.7980049609,179801.20183548
2026-08-04,127276.4453183329,184070.55794461412,12727.64453183329,184.0705579446141,4152.60009765625,60.055999755859375,95.33159637451172,1.4430256715110668,4.065679663135957,-0.07400502072963944,0.38226075302840723,0.7536073717295144,0.743945155223269,-2.5215146293082746,125727.2705264431,179640.4761881152
2026-08-05,131629.1680604052,189864.3316921449,13162.91680604052,189.86433169214487,4305.2001953125,62.0989990234375,95.09719848632812,3.419896534025324,3.147583085652439,-0.24587639051250054,3.989688932179547,4.586177242412548,7.296138904899041,6.874123219675221,126035.30674185671,180195.63314999783
2026-08-06,131430.4427772725,187807.1141988118,13143.044277727247,187.80711419881177,4299.60009765625,61.43899917602539,95.07730102539062,-0.15097359199408578,-1.0835197295871124,-0.02092328822952405,5.685458171592006,6.450713717812051,6.941957393946296,6.007312389719677,126225.79742850021,180281.6533528127
2026-08-07,134822.15373069886,194071.33122198665,13482.215373069886,194.07133122198664,4399.7001953125,63.332000732421875,95.31189727783203,2.580612894361245,3.3354524666960206,0.2467426503606429,8.67627949158518,9.123274804053526,8.443777483101611,7.981685337898736,126658.82133304552,180813.91055569815
2026-08-10,135290.65233478023,199294.82094949577,13529.065233478022,199.29482094949577,4419.7001953125,65.10600280761719,95.21029663085938,0.3474937843057857,2.6915308379753755,-0.106598074190567,7.211300410165666,10.096916071022989,10.41404850436345,12.922181640146825,127285.07979354884,181946.90459012083
2026-08-11,136211.87352122954,198651.37600302257,13621.187352122955,198.65137600302256,4441.10009765625,64.76899719238281,95.39669799804688,0.6809200565976559,-0.32286084676342863,0.19577858045143337,7.809306340471944,12.125127308205276,10.672320906684064,9.593968289967014,127795.6122564803,182781.32861245007
2026-08-12,136997.44802596598,201026.69831338566,13699.744802596599,201.02669831338565,4467.5,65.55500030517578,95.37989807128906,0.5767298286327494,1.1957240660275925,-0.01761059566040002,9.190947329417476,13.651961639152411,9.96571310397314,9.634702760663561,128364.90001150151,183980.19823714363
2026-08-13,135502.51442863632,198861.07505195684,13550.251442863631,198.86107505195685,4420.39990234375,64.87300109863281,95.34429931640625,-1.0912127334272048,-1.077281415651954,-0.037323121121601854,6.463151205809581,8.035243263506109,7.060823008297934,6.893176542635393,128947.27664323345,185252.0695850529
2026-08-14,136101.73741154725,199332.4760328135,13610.173741154726,199.33247603281347,4437.2998046875,64.98799896240234,95.40119934082031,0.44222277751644334,0.2370504035208887,0.059678475611035786,3.397855822570839,4.986794652942339,7.410898523998721,7.023640223227057,129508.27280137572,186511.9565535746
2026-08-17,137288.84330219985,202912.03060849523,13728.884330219984,202.91203060849523,4473.7001953125,66.12100219726562,95.45030212402344,0.8722194978767916,1.7957708883787227,0.05146977558185828,4.457415193263303,8.042781805216093,7.612847971790981,7.048688232083422,130156.84861751944,187865.66492509277
2026-08-18,136005.8066784656,196723.23553477897,13600.58066784656,196.72323553477898,4420.60009765625,63.941001892089844,95.69409942626953,-0.9345527232027417,-3.049989226936034,0.2554180519295901,0.8779365371443637,1.366458557322403,6.431649634562286,5.039464490106305,130634.20915208125,188575.8925965265
2026-08-19,140021.08533927554,202498.10973035943,14002.108533927554,202.49810973035943,4545.2998046875,65.73400115966797,95.81639862060547,2.9522847287708487,2.9355323380493736,0.12780223134882807,3.4964965597103603,1.6073116027814027,11.598646760847785,13.278562841266606,131205.15012682282,189405.5601139483
2026-08-20,140354.21760913834,208858.03797757448,14035.421760913836,208.85803797757447,4571.39990234375,68.0260009765625,95.49600219726562,0.23791578893679333,3.1407346249719303,-0.334385791944114,3.04110352557716,5.137976982548875,9.97768829387715,12.23694471121599,131936.17547540544,190877.10610787876
2026-08-21,144122.59399628246,213896.09020786607,14412.259399628247,213.89609020786608,4680.60009765625,69.46600341796875,95.77220153808594,2.6849042738696927,2.4121897720941643,0.28922607697206004,5.200933355317705,6.401832195650936,14.236429775845938,16.61153378077902,132802.71666806925,192437.22240480257
2026-08-24,144543.60312117005,210889.42837828305,14454.360312117005,210.88942837828304,4697.7998046875,68.54100036621094,95.70030212402344,0.29211875335690696,-1.4056646975927123,-0.07507336461708425,6.672266363953927,6.04862129161452,17.739611690634938,19.39281552484273,133700.94395331707,193904.76144611998
2026-08-25,144476.4808752176,211232.03686490984,14447.648087521758,211.23203686490984,4694.5,68.63600158691406,95.72309875488281,-0.04643736872685933,0.16245882463687966,0.023820855685308118,6.153296514023632,5.969705021944072,14.66275960471004,16.085225077875197,134706.76766613932,195645.04553396435
2026-08-26,139951.5677221325,204485.14365813573,13995.156772213248,204.4851436581357,4653.2998046875,67.98999786376953,93.54609680175781,-3.1319375483634615,-3.194067200653361,-2.2742702455753383,1.9395053202330814,0.7752684968570067,11.416034974619627,15.496156684505614,135501.4214415843,196977.00492016049
2026-08-27,143098.7641805007,213018.95841691166,14309.876418050071,213.01895841691166,4664.0,69.42900085449219,95.4302978515625,2.2487754225210432,4.173317731601567,2.014195262254148,5.2151872594702775,8.283578113095725,15.537350300943032,22.83155195866391,136346.8264289625,198577.0716691424
2026-08-28,139042.76654592034,205637.44734881827,13904.276654592035,205.63744734881826,4529.89990234375,66.99500274658203,95.47039794921875,-2.83440437645166,-3.4651897290975398,0.042020300218093,-0.6986939081244037,1.5503046535294107,11.339483160467779,18.090997402498665,136981.70522900304,200000.47578900767
2026-08-31,137427.34552956995,203069.87260025766,13742.734552956996,203.06987260025767,4481.5,66.22100067138672,95.38030242919922,-1.1618159336730938,-1.248592988126962,-0.09437011047911392,-2.085346724470516,-2.771339534434536,10.545608459249989,15.486999745065688,137579.7755254371,201310.00863673113
2026-09-01,134441.8676223011,197601.77159121435,13444.18676223011,197.60177159121434,4396.39990234375,64.61799621582031,95.1144027709961,-2.1724045500292943,-2.6927189833852117,-0.2787783760703655,-6.717008142547776,-7.617866507432069,6.312952925618309,8.263860614740537,137938.0466406355,201986.56931906112
2026-09-02,134772.46892707358,197591.5882713142,13477.246892707357,197.59158827131418,4414.60009765625,64.7229995727539,94.9552001953125,0.2459065100919755,-0.005153455770234849,-0.1673800928623792,-6.759990745426059,-6.305598250812194,4.79789608846628,6.286460297329577,138095.21168396893,202372.9321480196
2026-09-03,137915.35563357171,203453.93626751442,13791.535563357173,203.45393626751442,4539.89990234375,66.9729995727539,94.48770141601562,2.3319946065533337,2.9669016011707017,-0.4923361525596026,-4.54131025472072,-3.682254222814596,9.688447858830319,13.390851072632515,138419.4573267839,203155.27325145472
2026-09-04,136002.76819363446,200656.1729099333,13600.276819363447,200.65617290993328,4476.60009765625,66.0469970703125,94.49490356445312,-1.3867835319359423,-1.3751335604057613,0.007622313094257649,-2.8215471914814105,-1.8724933653878617,7.264665553796856,9.831976867068693,138478.48804993066,203484.51533585205
2026-09-07,135909.7837525397,200518.9852457551,13590.978375253968,200.5189852457551,4476.60009765625,66.0469970703125,94.4302978515625,-0.06836952095150561,-0.06836952095152782,-0.06836952095152782,-5.023789317211036,-5.868009713338351,7.371461382940581,10.455260050557902,138509.44462081863,203545.72355066502
2026-09-08,134856.15645739375,201409.28609077356,13485.615645739375,201.40928609077355,4439.0,66.2969970703125,94.49189758300781,-0.7752402115982715,0.44399827972763095,0.06523301614715926,-3.0110232934295933,-2.0561241702599875,8.440132904460773,14.16054362595327,138441.65876762682,203683.61905505258
2026-09-09,135990.25235269265,207130.03572084857,13599.025235269266,207.13003572084855,4460.7001953125,67.94200134277344,94.822998046875,0.8409670904844457,2.8403604129239257,0.3504009045604439,-1.0457112238758115,1.9993921641854318,9.617850359612534,16.46598014152689,138391.29898396318,203988.7859254257
2026-09-10,134771.50008537984,196575.02404600038,13477.150008537983,196.57502404600038,4407.2998046875,64.28399658203125,95.11180114746094,-0.8962056075548452,-5.095838292169896,0.30457073340284246,0.24518587022668292,-0.5196044230504349,6.799897354532924,8.594412142482643,138354.74826680036,203874.48337512786
2026-09-11,135646.40734597988,198610.049891726,13564.640734597988,198.610049891726,4408.89990234375,64.55400085449219,95.69450378417969,0.6491782461765183,1.0352413057568288,0.6126501965989739,0.6484547073031699,0.5154377417187161,7.361749790982408,12.101801542315727,138331.98176352197,203838.3620680735
2026-09-14,132966.88030514697,194056.06110558388,13296.688030514697,194.0560611055839,4351.89990234375,63.51300048828125,95.03279876708984,-1.9753763429933735,-2.2929296823724465,-0.6914765121539213,-3.5880524729765217,-4.619166055147539,5.978467724482184,9.71105926554574,138115.88361366934,203395.56359292794
2026-09-15,133501.35098636436,194841.48402122842,13350.135098636434,194.8414840212284,4332.7998046875,63.236000061035156,95.83540344238281,0.4019577506750638,0.40474021330216825,0.8445554437053193,-1.8392399217262212,-2.897837033558326,4.890854433011738,5.851520306607205,137990.66082906426,203301.47601725042
2026-09-16,135408.64518790387,198408.00580227148,13540.864518790386,198.40800580227148,4387.5,64.28800201416016,95.9926986694336,1.428670337376814,1.830473525162879,0.16413060455819917,-0.36872883673207957,-1.0527578926735504,2.8713067044260576,4.499883697997431,137760.0388214957,203096.970820846
2026-09-17,135982.6451748742,202349.7863576841,13598.26451748742,202.34978635768408,4399.7001953125,65.47000122070312,96.1323013305664,0.42390202351836326,1.9867043869897572,0.1454304994732425,0.8353261334689943,0.46695973416372993,3.4635829427403397,7.743408560911869,137541.46019978248,202771.5582398515
2026-09-18,136287.6189522989,204993.53508338853,13628.761895229889,204.99353508338854,4424.89990234375,66.55599975585938,95.79920196533203,0.22427404396530015,1.306524100317663,-0.34650097898828447,0.21866758422877108,-1.031477945738113,1.0869617351813243,5.627932674357039,137149.7114475833,202326.43048362763
2026-09-21,135326.29196901608,203194.7114284028,13532.62919690161,203.1947114284028,4383.89990234375,65.82499694824219,96.01309967041016,-0.7053663353083328,-0.8775026267311303,0.22327712620773266,0.41165371260598604,3.367511928093858,0.02634301307651299,1.956844869488772,136688.8458899756,201941.69463613362
2026-09-22,134671.11131394634,202886.75172349333,13467.111131394633,202.88675172349335,4376.39990234375,65.93199920654297,95.71199798583984,-0.48414882691070193,-0.1515589174268417,-0.3136047951830756,-0.7189987933450714,2.153315924394983,-1.1311511746023073,2.1320646278364164,136198.57741191203,201524.4303790628
2026-09-23,132855.50367644874,198071.13129573592,13285.550367644873,198.0711312957359,4318.39990234375,64.38200378417969,95.6897964477539,-1.3481789968043278,-2.3735509523659992,-0.023196191233221253,-0.08376268469458825,2.0690259130671906,-3.023373361474724,-1.4702360643869428,135843.77420962785,201203.7297609428
2026-09-24,132298.9370173039,195330.24065159817,13229.89370173039,195.33024065159816,4298.0,63.457000732421875,95.74120330810547,-0.4189263099707907,-1.3837910785925556,0.053722405376444016,-0.9006755064098759,0.2508483410629925,-2.364219900155151,-1.7755281668049738,135303.78285146801,200319.2938726771
2026-09-25,133596.71456084657,198623.55146624317,13359.671456084656,198.62355146624316,4321.2001953125,64.24500274658203,96.16130065917969,0.980943288586622,1.6860219921190467,0.4387842815410492,-1.3381203427173527,0.10863758400279089,-1.8405517066442334,-0.3556493054617027,135031.48025221433,199968.59907854837
2026-09-28,128372.76716725684,188537.1160829762,12837.276716725684,188.53711608297618,4168.39990234375,61.220001220703125,95.78829956054688,-3.910236423673785,-5.078166868333945,-0.3878910706031524,-5.596212662160694,-6.826135338878936,-6.494392348631683,-7.08430864469266,134578.75133409866,199241.9612526843
2026-09-29,129142.78149013889,188890.48434365063,12914.27814901389,188.89048434365063,4185.89990234375,61.224998474121094,95.95999908447266,0.5998268479161073,0.18742636358080045,0.17924895286114406,-5.242469944874973,-7.855394431432872,-5.046126599985346,-3.9816095794863893,134313.79702749057,198806.3968903061
